s3://human-pangenomics/submissions/FCD6C271-5641-4C1C-9B2D-C6E2BF419E57--RU_Y5_Kinnex/HPRC_Kinnex_Pool001/IsoSeq_Analysis_hg38ref_241009/flnc-1.bam,s3://human-pangenomics/working/HPRC/HG03258/raw_data/PacBio_Kinnex/HG03258.lymph.m84203_240816_214515_s4-m84203_240816_194554_s3.flnc.bam
s3://human-pangenomics/submissions/FCD6C271-5641-4C1C-9B2D-C6E2BF419E57--RU_Y5_Kinnex/HPRC_Kinnex_Pool001/IsoSeq_Analysis_hg38ref_241009/flnc-2.bam,s3://human-pangenomics/working/HPRC/NA19917/raw_data/PacBio_Kinnex/NA19917.lymph.m84203_240816_214515_s4-m84203_240816_194554_s3.flnc.bam
s3://human-pangenomics/submissions/FCD6C271-5641-4C1C-9B2D-C6E2BF419E57--RU_Y5_Kinnex/HPRC_Kinnex_Pool001/IsoSeq_Analysis_hg38ref_241009/flnc-3.bam,s3://human-pangenomics/working/HPRC/HG00254/raw_data/PacBio_Kinnex/HG00254.lymph.m84203_240816_214515_s4-m84203_240816_194554_s3.flnc.bam
s3://human-pangenomics/submissions/FCD6C271-5641-4C1C-9B2D-C6E2BF419E57--RU_Y5_Kinnex/HPRC_Kinnex_Pool001/IsoSeq_Analysis_hg38ref_241009/flnc-4.bam,s3://human-pangenomics/working/HPRC/NA19439/raw_data/PacBio_Kinnex/NA19439.lymph.m84203_240816_214515_s4-m84203_240816_194554_s3.flnc.bam
s3://human-pangenomics/submissions/FCD6C271-5641-4C1C-9B2D-C6E2BF419E57--RU_Y5_Kinnex/HPRC_Kinnex_Pool001/IsoSeq_Analysis_hg38ref_241009/flnc-5.bam,s3://human-pangenomics/working/HPRC/HG00584/raw_data/PacBio_Kinnex/HG00584.lymph.m84203_240816_214515_s4-m84203_240816_194554_s3.flnc.bam
s3://human-pangenomics/submissions/FCD6C271-5641-4C1C-9B2D-C6E2BF419E57--RU_Y5_Kinnex/HPRC_Kinnex_Pool001/IsoSeq_Analysis_hg38ref_241009/flnc-6.bam,s3://human-pangenomics/working/HPRC/NA19375/raw_data/PacBio_Kinnex/NA19375.lymph.m84203_240816_214515_s4-m84203_240816_194554_s3.flnc.bam
s3://human-pangenomics/submissions/FCD6C271-5641-4C1C-9B2D-C6E2BF419E57--RU_Y5_Kinnex/HPRC_Kinnex_Pool001/IsoSeq_Analysis_hg38ref_241009/flnc-7.bam,s3://human-pangenomics/working/HPRC/NA19679/raw_data/PacBio_Kinnex/NA19679.lymph.m84203_240816_214515_s4-m84203_240816_194554_s3.flnc.bam
s3://human-pangenomics/submissions/FCD6C271-5641-4C1C-9B2D-C6E2BF419E57--RU_Y5_Kinnex/HPRC_Kinnex_Pool001/IsoSeq_Analysis_hg38ref_241009/flnc-8.bam,s3://human-pangenomics/working/HPRC/NA19307/raw_data/PacBio_Kinnex/NA19307.lymph.m84203_240816_214515_s4-m84203_240816_194554_s3.flnc.bam
s3://human-pangenomics/submissions/FCD6C271-5641-4C1C-9B2D-C6E2BF419E57--RU_Y5_Kinnex/HPRC_Kinnex_Pool002/IsoSeq_Analysis_hg38ref_241010/flnc-1.bam,s3://human-pangenomics/working/HPRC/NA20412/raw_data/PacBio_Kinnex/NA20412.lymph.m84203_240816_234426_s1-m84203_240817_014338_s2.flnc.bam
s3://human-pangenomics/submissions/FCD6C271-5641-4C1C-9B2D-C6E2BF419E57--RU_Y5_Kinnex/HPRC_Kinnex_Pool002/IsoSeq_Analysis_hg38ref_241010/flnc-2.bam,s3://human-pangenomics/working/HPRC/HG01522/raw_data/PacBio_Kinnex/HG01522.lymph.m84203_240816_234426_s1-m84203_240817_014338_s2.flnc.bam
s3://human-pangenomics/submissions/FCD6C271-5641-4C1C-9B2D-C6E2BF419E57--RU_Y5_Kinnex/HPRC_Kinnex_Pool002/IsoSeq_Analysis_hg38ref_241010/flnc-3.bam,s3://human-pangenomics/working/HPRC/HG00355/raw_data/PacBio_Kinnex/HG00355.lymph.m84203_240816_234426_s1-m84203_240817_014338_s2.flnc.bam
s3://human-pangenomics/submissions/FCD6C271-5641-4C1C-9B2D-C6E2BF419E57--RU_Y5_Kinnex/HPRC_Kinnex_Pool002/IsoSeq_Analysis_hg38ref_241010/flnc-4.bam,s3://human-pangenomics/working/HPRC/HG03126/raw_data/PacBio_Kinnex/HG03126.lymph.m84203_240816_234426_s1-m84203_240817_014338_s2.flnc.bam
s3://human-pangenomics/submissions/FCD6C271-5641-4C1C-9B2D-C6E2BF419E57--RU_Y5_Kinnex/HPRC_Kinnex_Pool002/IsoSeq_Analysis_hg38ref_241010/flnc-5.bam,s3://human-pangenomics/working/HPRC/HG03595/raw_data/PacBio_Kinnex/HG03595.lymph.m84203_240816_234426_s1-m84203_240817_014338_s2.flnc.bam
s3://human-pangenomics/submissions/FCD6C271-5641-4C1C-9B2D-C6E2BF419E57--RU_Y5_Kinnex/HPRC_Kinnex_Pool002/IsoSeq_Analysis_hg38ref_241010/flnc-6.bam,s3://human-pangenomics/working/HPRC/HG00245/raw_data/PacBio_Kinnex/HG00245.lymph.m84203_240816_234426_s1-m84203_240817_014338_s2.flnc.bam
s3://human-pangenomics/submissions/FCD6C271-5641-4C1C-9B2D-C6E2BF419E57--RU_Y5_Kinnex/HPRC_Kinnex_Pool002/IsoSeq_Analysis_hg38ref_241010/flnc-7.bam,s3://human-pangenomics/working/HPRC/HG03557/raw_data/PacBio_Kinnex/HG03557.lymph.m84203_240816_234426_s1-m84203_240817_014338_s2.flnc.bam
s3://human-pangenomics/submissions/FCD6C271-5641-4C1C-9B2D-C6E2BF419E57--RU_Y5_Kinnex/HPRC_Kinnex_Pool002/IsoSeq_Analysis_hg38ref_241010/flnc-8.bam,s3://human-pangenomics/working/HPRC/HG03775/raw_data/PacBio_Kinnex/HG03775.lymph.m84203_240816_234426_s1-m84203_240817_014338_s2.flnc.bam
s3://human-pangenomics/submissions/FCD6C271-5641-4C1C-9B2D-C6E2BF419E57--RU_Y5_Kinnex/HPRC_Kinnex_Pool003/IsoSeq_Analysis_hg38ref_241010/flnc-1.bam,s3://human-pangenomics/working/HPRC/HG03271/raw_data/PacBio_Kinnex/HG03271.lymph.m84203_240818_013712_s4-m84203_240817_233747_s3.flnc.bam
s3://human-pangenomics/submissions/FCD6C271-5641-4C1C-9B2D-C6E2BF419E57--RU_Y5_Kinnex/HPRC_Kinnex_Pool003/IsoSeq_Analysis_hg38ref_241010/flnc-2.bam,s3://human-pangenomics/working/HPRC/HG01374/raw_data/PacBio_Kinnex/HG01374.lymph.m84203_240818_013712_s4-m84203_240817_233747_s3.flnc.bam
s3://human-pangenomics/submissions/FCD6C271-5641-4C1C-9B2D-C6E2BF419E57--RU_Y5_Kinnex/HPRC_Kinnex_Pool003/IsoSeq_Analysis_hg38ref_241010/flnc-3.bam,s3://human-pangenomics/working/HPRC/HG03432/raw_data/PacBio_Kinnex/HG03432.lymph.m84203_240818_013712_s4-m84203_240817_233747_s3.flnc.bam
s3://human-pangenomics/submissions/FCD6C271-5641-4C1C-9B2D-C6E2BF419E57--RU_Y5_Kinnex/HPRC_Kinnex_Pool003/IsoSeq_Analysis_hg38ref_241010/flnc-4.bam,s3://human-pangenomics/working/HPRC/HG00375/raw_data/PacBio_Kinnex/HG00375.lymph.m84203_240818_013712_s4-m84203_240817_233747_s3.flnc.bam
s3://human-pangenomics/submissions/FCD6C271-5641-4C1C-9B2D-C6E2BF419E57--RU_Y5_Kinnex/HPRC_Kinnex_Pool003/IsoSeq_Analysis_hg38ref_241010/flnc-5.bam,s3://human-pangenomics/working/HPRC/HG02470/raw_data/PacBio_Kinnex/HG02470.lymph.m84203_240818_013712_s4-m84203_240817_233747_s3.flnc.bam
s3://human-pangenomics/submissions/FCD6C271-5641-4C1C-9B2D-C6E2BF419E57--RU_Y5_Kinnex/HPRC_Kinnex_Pool003/IsoSeq_Analysis_hg38ref_241010/flnc-6.bam,s3://human-pangenomics/working/HPRC/NA18511/raw_data/PacBio_Kinnex/NA18511.lymph.m84203_240818_013712_s4-m84203_240817_233747_s3.flnc.bam
s3://human-pangenomics/submissions/FCD6C271-5641-4C1C-9B2D-C6E2BF419E57--RU_Y5_Kinnex/HPRC_Kinnex_Pool003/IsoSeq_Analysis_hg38ref_241010/flnc-7.bam,s3://human-pangenomics/working/HPRC/HG03890/raw_data/PacBio_Kinnex/HG03890.lymph.m84203_240818_013712_s4-m84203_240817_233747_s3.flnc.bam
s3://human-pangenomics/submissions/FCD6C271-5641-4C1C-9B2D-C6E2BF419E57--RU_Y5_Kinnex/HPRC_Kinnex_Pool003/IsoSeq_Analysis_hg38ref_241010/flnc-8.bam,s3://human-pangenomics/working/HPRC/HG00689/raw_data/PacBio_Kinnex/HG00689.lymph.m84203_240818_013712_s4-m84203_240817_233747_s3.flnc.bam
s3://human-pangenomics/submissions/FCD6C271-5641-4C1C-9B2D-C6E2BF419E57--RU_Y5_Kinnex/HPRC_Kinnex_Pool004/IsoSeq_Analysis_hg38ref_241010/flnc-1.bam,s3://human-pangenomics/working/HPRC/NA19916/raw_data/PacBio_Kinnex/NA19916.lymph.m84203_240818_033654_s1-m84203_240818_053625_s2.flnc.bam
s3://human-pangenomics/submissions/FCD6C271-5641-4C1C-9B2D-C6E2BF419E57--RU_Y5_Kinnex/HPRC_Kinnex_Pool004/IsoSeq_Analysis_hg38ref_241010/flnc-2.bam,s3://human-pangenomics/working/HPRC/HG00120/raw_data/PacBio_Kinnex/HG00120.lymph.m84203_240818_033654_s1-m84203_240818_053625_s2.flnc.bam
s3://human-pangenomics/submissions/FCD6C271-5641-4C1C-9B2D-C6E2BF419E57--RU_Y5_Kinnex/HPRC_Kinnex_Pool004/IsoSeq_Analysis_hg38ref_241010/flnc-3.bam,s3://human-pangenomics/working/HPRC/HG01136/raw_data/PacBio_Kinnex/HG01136.lymph.m84203_240818_033654_s1-m84203_240818_053625_s2.flnc.bam
s3://human-pangenomics/submissions/FCD6C271-5641-4C1C-9B2D-C6E2BF419E57--RU_Y5_Kinnex/HPRC_Kinnex_Pool004/IsoSeq_Analysis_hg38ref_241010/flnc-4.bam,s3://human-pangenomics/working/HPRC/NA20796/raw_data/PacBio_Kinnex/NA20796.lymph.m84203_240818_033654_s1-m84203_240818_053625_s2.flnc.bam
s3://human-pangenomics/submissions/FCD6C271-5641-4C1C-9B2D-C6E2BF419E57--RU_Y5_Kinnex/HPRC_Kinnex_Pool004/IsoSeq_Analysis_hg38ref_241010/flnc-5.bam,s3://human-pangenomics/working/HPRC/NA19395/raw_data/PacBio_Kinnex/NA19395.lymph.m84203_240818_033654_s1-m84203_240818_053625_s2.flnc.bam
s3://human-pangenomics/submissions/FCD6C271-5641-4C1C-9B2D-C6E2BF419E57--RU_Y5_Kinnex/HPRC_Kinnex_Pool004/IsoSeq_Analysis_hg38ref_241010/flnc-6.bam,s3://human-pangenomics/working/HPRC/HG00236/raw_data/PacBio_Kinnex/HG00236.lymph.m84203_240818_033654_s1-m84203_240818_053625_s2.flnc.bam
s3://human-pangenomics/submissions/FCD6C271-5641-4C1C-9B2D-C6E2BF419E57--RU_Y5_Kinnex/HPRC_Kinnex_Pool004/IsoSeq_Analysis_hg38ref_241010/flnc-7.bam,s3://human-pangenomics/working/HPRC/HG03995/raw_data/PacBio_Kinnex/HG03995.lymph.m84203_240818_033654_s1-m84203_240818_053625_s2.flnc.bam
s3://human-pangenomics/submissions/FCD6C271-5641-4C1C-9B2D-C6E2BF419E57--RU_Y5_Kinnex/HPRC_Kinnex_Pool004/IsoSeq_Analysis_hg38ref_241010/flnc-8.bam,s3://human-pangenomics/working/HPRC/HG00580/raw_data/PacBio_Kinnex/HG00580.lymph.m84203_240818_033654_s1-m84203_240818_053625_s2.flnc.bam
s3://human-pangenomics/submissions/FCD6C271-5641-4C1C-9B2D-C6E2BF419E57--RU_Y5_Kinnex/HPRC_Kinnex_Pool005/IsoSeq_Analysis_hg38ref_241013/flnc-1.bam,s3://human-pangenomics/working/HPRC/HG01479/raw_data/PacBio_Kinnex/HG01479.lymph.m84203_240819_155016_s3-m84203_240819_174943_s4.flnc.bam
s3://human-pangenomics/submissions/FCD6C271-5641-4C1C-9B2D-C6E2BF419E57--RU_Y5_Kinnex/HPRC_Kinnex_Pool005/IsoSeq_Analysis_hg38ref_241013/flnc-4.bam,s3://human-pangenomics/working/HPRC/NA18488/raw_data/PacBio_Kinnex/NA18488.lymph.m84203_240819_155016_s3-m84203_240819_174943_s4.flnc.bam
s3://human-pangenomics/submissions/FCD6C271-5641-4C1C-9B2D-C6E2BF419E57--RU_Y5_Kinnex/HPRC_Kinnex_Pool005/IsoSeq_Analysis_hg38ref_241013/flnc-5.bam,s3://human-pangenomics/working/HPRC/HG01624/raw_data/PacBio_Kinnex/HG01624.lymph.m84203_240819_155016_s3-m84203_240819_174943_s4.flnc.bam
s3://human-pangenomics/submissions/FCD6C271-5641-4C1C-9B2D-C6E2BF419E57--RU_Y5_Kinnex/HPRC_Kinnex_Pool005/IsoSeq_Analysis_hg38ref_241013/flnc-6.bam,s3://human-pangenomics/working/HPRC/NA19438/raw_data/PacBio_Kinnex/NA19438.lymph.m84203_240819_155016_s3-m84203_240819_174943_s4.flnc.bam
s3://human-pangenomics/submissions/FCD6C271-5641-4C1C-9B2D-C6E2BF419E57--RU_Y5_Kinnex/HPRC_Kinnex_Pool005/IsoSeq_Analysis_hg38ref_241013/flnc-8.bam,s3://human-pangenomics/working/HPRC/NA19118/raw_data/PacBio_Kinnex/NA19118.lymph.m84203_240819_155016_s3-m84203_240819_174943_s4.flnc.bam
s3://human-pangenomics/submissions/FCD6C271-5641-4C1C-9B2D-C6E2BF419E57--RU_Y5_Kinnex/HPRC_Kinnex_Pool006/IsoSeq_Analysis_hg38ref_241013/flnc-1.bam,s3://human-pangenomics/working/HPRC/NA19035/raw_data/PacBio_Kinnex/NA19035.lymph.m84203_240819_194908_s1-m84203_240819_214831_s2.flnc.bam
s3://human-pangenomics/submissions/FCD6C271-5641-4C1C-9B2D-C6E2BF419E57--RU_Y5_Kinnex/HPRC_Kinnex_Pool006/IsoSeq_Analysis_hg38ref_241013/flnc-2.bam,s3://human-pangenomics/working/HPRC/NA18970/raw_data/PacBio_Kinnex/NA18970.lymph.m84203_240819_194908_s1-m84203_240819_214831_s2.flnc.bam
s3://human-pangenomics/submissions/FCD6C271-5641-4C1C-9B2D-C6E2BF419E57--RU_Y5_Kinnex/HPRC_Kinnex_Pool006/IsoSeq_Analysis_hg38ref_241013/flnc-3.bam,s3://human-pangenomics/working/HPRC/NA19079/raw_data/PacBio_Kinnex/NA19079.lymph.m84203_240819_194908_s1-m84203_240819_214831_s2.flnc.bam
s3://human-pangenomics/submissions/FCD6C271-5641-4C1C-9B2D-C6E2BF419E57--RU_Y5_Kinnex/HPRC_Kinnex_Pool006/IsoSeq_Analysis_hg38ref_241013/flnc-4.bam,s3://human-pangenomics/working/HPRC/HG02642/raw_data/PacBio_Kinnex/HG02642.lymph.m84203_240819_194908_s1-m84203_240819_214831_s2.flnc.bam
s3://human-pangenomics/submissions/FCD6C271-5641-4C1C-9B2D-C6E2BF419E57--RU_Y5_Kinnex/HPRC_Kinnex_Pool006/IsoSeq_Analysis_hg38ref_241013/flnc-5.bam,s3://human-pangenomics/working/HPRC/HG02140/raw_data/PacBio_Kinnex/HG02140.lymph.m84203_240819_194908_s1-m84203_240819_214831_s2.flnc.bam
s3://human-pangenomics/submissions/FCD6C271-5641-4C1C-9B2D-C6E2BF419E57--RU_Y5_Kinnex/HPRC_Kinnex_Pool006/IsoSeq_Analysis_hg38ref_241013/flnc-6.bam,s3://human-pangenomics/working/HPRC/NA18995/raw_data/PacBio_Kinnex/NA18995.lymph.m84203_240819_194908_s1-m84203_240819_214831_s2.flnc.bam
s3://human-pangenomics/submissions/FCD6C271-5641-4C1C-9B2D-C6E2BF419E57--RU_Y5_Kinnex/HPRC_Kinnex_Pool006/IsoSeq_Analysis_hg38ref_241013/flnc-7.bam,s3://human-pangenomics/working/HPRC/NA19658/raw_data/PacBio_Kinnex/NA19658.lymph.m84203_240819_194908_s1-m84203_240819_214831_s2.flnc.bam
s3://human-pangenomics/submissions/FCD6C271-5641-4C1C-9B2D-C6E2BF419E57--RU_Y5_Kinnex/HPRC_Kinnex_Pool006/IsoSeq_Analysis_hg38ref_241013/flnc-8.bam,s3://human-pangenomics/working/HPRC/HG00234/raw_data/PacBio_Kinnex/HG00234.lymph.m84203_240819_194908_s1-m84203_240819_214831_s2.flnc.bam
s3://human-pangenomics/submissions/FCD6C271-5641-4C1C-9B2D-C6E2BF419E57--RU_Y5_Kinnex/HPRC_Kinnex_Pool007/IsoSeq_Analysis_hg38ref_241013/flnc-1.bam,s3://human-pangenomics/working/HPRC/HG02373/raw_data/PacBio_Kinnex/HG02373.lymph.m84203_240904_202625_s1-m84203_240904_222542_s2.flnc.bam
s3://human-pangenomics/submissions/FCD6C271-5641-4C1C-9B2D-C6E2BF419E57--RU_Y5_Kinnex/HPRC_Kinnex_Pool007/IsoSeq_Analysis_hg38ref_241013/flnc-2.bam,s3://human-pangenomics/working/HPRC/HG02589/raw_data/PacBio_Kinnex/HG02589.lymph.m84203_240904_202625_s1-m84203_240904_222542_s2.flnc.bam
s3://human-pangenomics/submissions/FCD6C271-5641-4C1C-9B2D-C6E2BF419E57--RU_Y5_Kinnex/HPRC_Kinnex_Pool007/IsoSeq_Analysis_hg38ref_241013/flnc-3.bam,s3://human-pangenomics/working/HPRC/HG02594/raw_data/PacBio_Kinnex/HG02594.lymph.m84203_240904_202625_s1-m84203_240904_222542_s2.flnc.bam
s3://human-pangenomics/submissions/FCD6C271-5641-4C1C-9B2D-C6E2BF419E57--RU_Y5_Kinnex/HPRC_Kinnex_Pool007/IsoSeq_Analysis_hg38ref_241013/flnc-4.bam,s3://human-pangenomics/working/HPRC/HG00116/raw_data/PacBio_Kinnex/HG00116.lymph.m84203_240904_202625_s1-m84203_240904_222542_s2.flnc.bam
s3://human-pangenomics/submissions/FCD6C271-5641-4C1C-9B2D-C6E2BF419E57--RU_Y5_Kinnex/HPRC_Kinnex_Pool007/IsoSeq_Analysis_hg38ref_241013/flnc-5.bam,s3://human-pangenomics/working/HPRC/HG01204/raw_data/PacBio_Kinnex/HG01204.lymph.m84203_240904_202625_s1-m84203_240904_222542_s2.flnc.bam
s3://human-pangenomics/submissions/FCD6C271-5641-4C1C-9B2D-C6E2BF419E57--RU_Y5_Kinnex/HPRC_Kinnex_Pool007/IsoSeq_Analysis_hg38ref_241013/flnc-6.bam,s3://human-pangenomics/working/HPRC/HG02661/raw_data/PacBio_Kinnex/HG02661.lymph.m84203_240904_202625_s1-m84203_240904_222542_s2.flnc.bam
s3://human-pangenomics/submissions/FCD6C271-5641-4C1C-9B2D-C6E2BF419E57--RU_Y5_Kinnex/HPRC_Kinnex_Pool007/IsoSeq_Analysis_hg38ref_241013/flnc-7.bam,s3://human-pangenomics/working/HPRC/HG03868/raw_data/PacBio_Kinnex/HG03868.lymph.m84203_240904_202625_s1-m84203_240904_222542_s2.flnc.bam
s3://human-pangenomics/submissions/FCD6C271-5641-4C1C-9B2D-C6E2BF419E57--RU_Y5_Kinnex/HPRC_Kinnex_Pool007/IsoSeq_Analysis_hg38ref_241013/flnc-8.bam,s3://human-pangenomics/working/HPRC/NA19655/raw_data/PacBio_Kinnex/NA19655.lymph.m84203_240904_202625_s1-m84203_240904_222542_s2.flnc.bam
s3://human-pangenomics/submissions/FCD6C271-5641-4C1C-9B2D-C6E2BF419E57--RU_Y5_Kinnex/HPRC_Kinnex_Pool008/IsoSeq_Analysis_hg38ref_241013/flnc-1.bam,s3://human-pangenomics/working/HPRC/NA19445/raw_data/PacBio_Kinnex/NA19445.lymph.m84203_240905_022425_s4-m84203_240905_002457_s3.flnc.bam
s3://human-pangenomics/submissions/FCD6C271-5641-4C1C-9B2D-C6E2BF419E57--RU_Y5_Kinnex/HPRC_Kinnex_Pool008/IsoSeq_Analysis_hg38ref_241013/flnc-2.bam,s3://human-pangenomics/working/HPRC/NA19923/raw_data/PacBio_Kinnex/NA19923.lymph.m84203_240905_022425_s4-m84203_240905_002457_s3.flnc.bam
s3://human-pangenomics/submissions/FCD6C271-5641-4C1C-9B2D-C6E2BF419E57--RU_Y5_Kinnex/HPRC_Kinnex_Pool008/IsoSeq_Analysis_hg38ref_241013/flnc-3.bam,s3://human-pangenomics/working/HPRC/HG03193/raw_data/PacBio_Kinnex/HG03193.lymph.m84203_240905_022425_s4-m84203_240905_002457_s3.flnc.bam
s3://human-pangenomics/submissions/FCD6C271-5641-4C1C-9B2D-C6E2BF419E57--RU_Y5_Kinnex/HPRC_Kinnex_Pool008/IsoSeq_Analysis_hg38ref_241013/flnc-4.bam,s3://human-pangenomics/working/HPRC/HG03882/raw_data/PacBio_Kinnex/HG03882.lymph.m84203_240905_022425_s4-m84203_240905_002457_s3.flnc.bam
s3://human-pangenomics/submissions/FCD6C271-5641-4C1C-9B2D-C6E2BF419E57--RU_Y5_Kinnex/HPRC_Kinnex_Pool008/IsoSeq_Analysis_hg38ref_241013/flnc-5.bam,s3://human-pangenomics/working/HPRC/NA18942/raw_data/PacBio_Kinnex/NA18942.lymph.m84203_240905_022425_s4-m84203_240905_002457_s3.flnc.bam
s3://human-pangenomics/submissions/FCD6C271-5641-4C1C-9B2D-C6E2BF419E57--RU_Y5_Kinnex/HPRC_Kinnex_Pool008/IsoSeq_Analysis_hg38ref_241013/flnc-7.bam,s3://human-pangenomics/working/HPRC/NA21115/raw_data/PacBio_Kinnex/NA21115.lymph.m84203_240905_022425_s4-m84203_240905_002457_s3.flnc.bam
s3://human-pangenomics/submissions/FCD6C271-5641-4C1C-9B2D-C6E2BF419E57--RU_Y5_Kinnex/HPRC_Kinnex_Pool009/IsoSeq_Analysis_hg38ref_241018/flnc-1.bam,s3://human-pangenomics/working/HPRC/HG03567/raw_data/PacBio_Kinnex/HG03567.lymph.m84203_240906_021727_s2-m84203_240906_001817_s1.flnc.bam
s3://human-pangenomics/submissions/FCD6C271-5641-4C1C-9B2D-C6E2BF419E57--RU_Y5_Kinnex/HPRC_Kinnex_Pool009/IsoSeq_Analysis_hg38ref_241018/flnc-2.bam,s3://human-pangenomics/working/HPRC/HG03898/raw_data/PacBio_Kinnex/HG03898.lymph.m84203_240906_021727_s2-m84203_240906_001817_s1.flnc.bam
s3://human-pangenomics/submissions/FCD6C271-5641-4C1C-9B2D-C6E2BF419E57--RU_Y5_Kinnex/HPRC_Kinnex_Pool009/IsoSeq_Analysis_hg38ref_241018/flnc-3.bam,s3://human-pangenomics/working/HPRC/NA19448/raw_data/PacBio_Kinnex/NA19448.lymph.m84203_240906_021727_s2-m84203_240906_001817_s1.flnc.bam
s3://human-pangenomics/submissions/FCD6C271-5641-4C1C-9B2D-C6E2BF419E57--RU_Y5_Kinnex/HPRC_Kinnex_Pool009/IsoSeq_Analysis_hg38ref_241018/flnc-4.bam,s3://human-pangenomics/working/HPRC/NA19321/raw_data/PacBio_Kinnex/NA19321.lymph.m84203_240906_021727_s2-m84203_240906_001817_s1.flnc.bam
s3://human-pangenomics/submissions/FCD6C271-5641-4C1C-9B2D-C6E2BF419E57--RU_Y5_Kinnex/HPRC_Kinnex_Pool009/IsoSeq_Analysis_hg38ref_241018/flnc-5.bam,s3://human-pangenomics/working/HPRC/NA20588/raw_data/PacBio_Kinnex/NA20588.lymph.m84203_240906_021727_s2-m84203_240906_001817_s1.flnc.bam
s3://human-pangenomics/submissions/FCD6C271-5641-4C1C-9B2D-C6E2BF419E57--RU_Y5_Kinnex/HPRC_Kinnex_Pool009/IsoSeq_Analysis_hg38ref_241018/flnc-6.bam,s3://human-pangenomics/working/HPRC/HG03366/raw_data/PacBio_Kinnex/HG03366.lymph.m84203_240906_021727_s2-m84203_240906_001817_s1.flnc.bam
s3://human-pangenomics/submissions/FCD6C271-5641-4C1C-9B2D-C6E2BF419E57--RU_Y5_Kinnex/HPRC_Kinnex_Pool009/IsoSeq_Analysis_hg38ref_241018/flnc-7.bam,s3://human-pangenomics/working/HPRC/NA19461/raw_data/PacBio_Kinnex/NA19461.lymph.m84203_240906_021727_s2-m84203_240906_001817_s1.flnc.bam
s3://human-pangenomics/submissions/FCD6C271-5641-4C1C-9B2D-C6E2BF419E57--RU_Y5_Kinnex/HPRC_Kinnex_Pool009/IsoSeq_Analysis_hg38ref_241018/flnc-8.bam,s3://human-pangenomics/working/HPRC/NA20318/raw_data/PacBio_Kinnex/NA20318.lymph.m84203_240906_021727_s2-m84203_240906_001817_s1.flnc.bam
s3://human-pangenomics/submissions/FCD6C271-5641-4C1C-9B2D-C6E2BF419E57--RU_Y5_Kinnex/HPRC_Kinnex_Pool010/IsoSeq_Analysis_hg38ref_241018/flnc-1.bam,s3://human-pangenomics/working/HPRC/NA19762/raw_data/PacBio_Kinnex/NA19762.lymph.m84203_240906_041700_s3-m84203_240906_061630_s4.flnc.bam
s3://human-pangenomics/submissions/FCD6C271-5641-4C1C-9B2D-C6E2BF419E57--RU_Y5_Kinnex/HPRC_Kinnex_Pool010/IsoSeq_Analysis_hg38ref_241018/flnc-2.bam,s3://human-pangenomics/working/HPRC/NA20801/raw_data/PacBio_Kinnex/NA20801.lymph.m84203_240906_041700_s3-m84203_240906_061630_s4.flnc.bam
s3://human-pangenomics/submissions/FCD6C271-5641-4C1C-9B2D-C6E2BF419E57--RU_Y5_Kinnex/HPRC_Kinnex_Pool010/IsoSeq_Analysis_hg38ref_241018/flnc-3.bam,s3://human-pangenomics/working/HPRC/HG00252/raw_data/PacBio_Kinnex/HG00252.lymph.m84203_240906_041700_s3-m84203_240906_061630_s4.flnc.bam
s3://human-pangenomics/submissions/FCD6C271-5641-4C1C-9B2D-C6E2BF419E57--RU_Y5_Kinnex/HPRC_Kinnex_Pool010/IsoSeq_Analysis_hg38ref_241018/flnc-4.bam,s3://human-pangenomics/working/HPRC/HG01067/raw_data/PacBio_Kinnex/HG01067.lymph.m84203_240906_041700_s3-m84203_240906_061630_s4.flnc.bam
s3://human-pangenomics/submissions/FCD6C271-5641-4C1C-9B2D-C6E2BF419E57--RU_Y5_Kinnex/HPRC_Kinnex_Pool010/IsoSeq_Analysis_hg38ref_241018/flnc-5.bam,s3://human-pangenomics/working/HPRC/HG03902/raw_data/PacBio_Kinnex/HG03902.lymph.m84203_240906_041700_s3-m84203_240906_061630_s4.flnc.bam
s3://human-pangenomics/submissions/FCD6C271-5641-4C1C-9B2D-C6E2BF419E57--RU_Y5_Kinnex/HPRC_Kinnex_Pool010/IsoSeq_Analysis_hg38ref_241018/flnc-6.bam,s3://human-pangenomics/working/HPRC/NA18547/raw_data/PacBio_Kinnex/NA18547.lymph.m84203_240906_041700_s3-m84203_240906_061630_s4.flnc.bam
s3://human-pangenomics/submissions/FCD6C271-5641-4C1C-9B2D-C6E2BF419E57--RU_Y5_Kinnex/HPRC_Kinnex_Pool010/IsoSeq_Analysis_hg38ref_241018/flnc-7.bam,s3://human-pangenomics/working/HPRC/NA20761/raw_data/PacBio_Kinnex/NA20761.lymph.m84203_240906_041700_s3-m84203_240906_061630_s4.flnc.bam
s3://human-pangenomics/submissions/FCD6C271-5641-4C1C-9B2D-C6E2BF419E57--RU_Y5_Kinnex/HPRC_Kinnex_Pool010/IsoSeq_Analysis_hg38ref_241018/flnc-8.bam,s3://human-pangenomics/working/HPRC/NA18572/raw_data/PacBio_Kinnex/NA18572.lymph.m84203_240906_041700_s3-m84203_240906_061630_s4.flnc.bam
s3://human-pangenomics/submissions/FCD6C271-5641-4C1C-9B2D-C6E2BF419E57--RU_Y5_Kinnex/HPRC_Kinnex_Pool011/IsoSeq_Analysis_hg38ref_241018/flnc-1.bam,s3://human-pangenomics/working/HPRC/NA18748/raw_data/PacBio_Kinnex/NA18748.lymph.m84203_240912_183748_s1-m84203_240912_203713_s2.flnc.bam
s3://human-pangenomics/submissions/FCD6C271-5641-4C1C-9B2D-C6E2BF419E57--RU_Y5_Kinnex/HPRC_Kinnex_Pool011/IsoSeq_Analysis_hg38ref_241018/flnc-2.bam,s3://human-pangenomics/working/HPRC/NA20342/raw_data/PacBio_Kinnex/NA20342.lymph.m84203_240912_183748_s1-m84203_240912_203713_s2.flnc.bam
s3://human-pangenomics/submissions/FCD6C271-5641-4C1C-9B2D-C6E2BF419E57--RU_Y5_Kinnex/HPRC_Kinnex_Pool011/IsoSeq_Analysis_hg38ref_241018/flnc-3.bam,s3://human-pangenomics/working/HPRC/NA19318/raw_data/PacBio_Kinnex/NA19318.lymph.m84203_240912_183748_s1-m84203_240912_203713_s2.flnc.bam
s3://human-pangenomics/submissions/FCD6C271-5641-4C1C-9B2D-C6E2BF419E57--RU_Y5_Kinnex/HPRC_Kinnex_Pool011/IsoSeq_Analysis_hg38ref_241018/flnc-4.bam,s3://human-pangenomics/working/HPRC/HG04161/raw_data/PacBio_Kinnex/HG04161.lymph.m84203_240912_183748_s1-m84203_240912_203713_s2.flnc.bam
s3://human-pangenomics/submissions/FCD6C271-5641-4C1C-9B2D-C6E2BF419E57--RU_Y5_Kinnex/HPRC_Kinnex_Pool011/IsoSeq_Analysis_hg38ref_241018/flnc-5.bam,s3://human-pangenomics/working/HPRC/NA20850/raw_data/PacBio_Kinnex/NA20850.lymph.m84203_240912_183748_s1-m84203_240912_203713_s2.flnc.bam
s3://human-pangenomics/submissions/FCD6C271-5641-4C1C-9B2D-C6E2BF419E57--RU_Y5_Kinnex/HPRC_Kinnex_Pool011/IsoSeq_Analysis_hg38ref_241018/flnc-6.bam,s3://human-pangenomics/working/HPRC/NA19120/raw_data/PacBio_Kinnex/NA19120.lymph.m84203_240912_183748_s1-m84203_240912_203713_s2.flnc.bam
s3://human-pangenomics/submissions/FCD6C271-5641-4C1C-9B2D-C6E2BF419E57--RU_Y5_Kinnex/HPRC_Kinnex_Pool011/IsoSeq_Analysis_hg38ref_241018/flnc-7.bam,s3://human-pangenomics/working/HPRC/NA19909/raw_data/PacBio_Kinnex/NA19909.lymph.m84203_240912_183748_s1-m84203_240912_203713_s2.flnc.bam
s3://human-pangenomics/submissions/FCD6C271-5641-4C1C-9B2D-C6E2BF419E57--RU_Y5_Kinnex/HPRC_Kinnex_Pool011/IsoSeq_Analysis_hg38ref_241018/flnc-8.bam,s3://human-pangenomics/working/HPRC/NA20282/raw_data/PacBio_Kinnex/NA20282.lymph.m84203_240912_183748_s1-m84203_240912_203713_s2.flnc.bam
s3://human-pangenomics/submissions/FCD6C271-5641-4C1C-9B2D-C6E2BF419E57--RU_Y5_Kinnex/HPRC_Kinnex_Pool012/IsoSeq_Analysis_hg38ref_241018/flnc-1.bam,s3://human-pangenomics/working/HPRC/NA20346/raw_data/PacBio_Kinnex/NA20346.lymph.m84203_240912_223637_s3-m84203_240913_003604_s4.flnc.bam
s3://human-pangenomics/submissions/FCD6C271-5641-4C1C-9B2D-C6E2BF419E57--RU_Y5_Kinnex/HPRC_Kinnex_Pool012/IsoSeq_Analysis_hg38ref_241018/flnc-2.bam,s3://human-pangenomics/working/HPRC/NA19776/raw_data/PacBio_Kinnex/NA19776.lymph.m84203_240912_223637_s3-m84203_240913_003604_s4.flnc.bam
s3://human-pangenomics/submissions/FCD6C271-5641-4C1C-9B2D-C6E2BF419E57--RU_Y5_Kinnex/HPRC_Kinnex_Pool012/IsoSeq_Analysis_hg38ref_241018/flnc-3.bam,s3://human-pangenomics/working/HPRC/NA19682/raw_data/PacBio_Kinnex/NA19682.lymph.m84203_240912_223637_s3-m84203_240913_003604_s4.flnc.bam
s3://human-pangenomics/submissions/FCD6C271-5641-4C1C-9B2D-C6E2BF419E57--RU_Y5_Kinnex/HPRC_Kinnex_Pool012/IsoSeq_Analysis_hg38ref_241018/flnc-4.bam,s3://human-pangenomics/working/HPRC/NA19390/raw_data/PacBio_Kinnex/NA19390.lymph.m84203_240912_223637_s3-m84203_240913_003604_s4.flnc.bam
s3://human-pangenomics/submissions/FCD6C271-5641-4C1C-9B2D-C6E2BF419E57--RU_Y5_Kinnex/HPRC_Kinnex_Pool012/IsoSeq_Analysis_hg38ref_241018/flnc-5.bam,s3://human-pangenomics/working/HPRC/NA19175/raw_data/PacBio_Kinnex/NA19175.lymph.m84203_240912_223637_s3-m84203_240913_003604_s4.flnc.bam
s3://human-pangenomics/submissions/FCD6C271-5641-4C1C-9B2D-C6E2BF419E57--RU_Y5_Kinnex/HPRC_Kinnex_Pool012/IsoSeq_Analysis_hg38ref_241018/flnc-6.bam,s3://human-pangenomics/working/HPRC/HG00243/raw_data/PacBio_Kinnex/HG00243.lymph.m84203_240912_223637_s3-m84203_240913_003604_s4.flnc.bam
s3://human-pangenomics/submissions/FCD6C271-5641-4C1C-9B2D-C6E2BF419E57--RU_Y5_Kinnex/HPRC_Kinnex_Pool012/IsoSeq_Analysis_hg38ref_241018/flnc-7.bam,s3://human-pangenomics/working/HPRC/HG00329/raw_data/PacBio_Kinnex/HG00329.lymph.m84203_240912_223637_s3-m84203_240913_003604_s4.flnc.bam
s3://human-pangenomics/submissions/FCD6C271-5641-4C1C-9B2D-C6E2BF419E57--RU_Y5_Kinnex/HPRC_Kinnex_Pool012/IsoSeq_Analysis_hg38ref_241018/flnc-8.bam,s3://human-pangenomics/working/HPRC/HG03784/raw_data/PacBio_Kinnex/HG03784.lymph.m84203_240912_223637_s3-m84203_240913_003604_s4.flnc.bam
s3://human-pangenomics/submissions/FCD6C271-5641-4C1C-9B2D-C6E2BF419E57--RU_Y5_Kinnex/HPRC_Kinnex_Pool013/IsoSeq_Analysis_hg38ref_241018/flnc-1.bam,s3://human-pangenomics/working/HPRC/NA20806/raw_data/PacBio_Kinnex/NA20806.lymph.m84203_240913_222952_s1-m84203_240914_002916_s2.flnc.bam
s3://human-pangenomics/submissions/FCD6C271-5641-4C1C-9B2D-C6E2BF419E57--RU_Y5_Kinnex/HPRC_Kinnex_Pool013/IsoSeq_Analysis_hg38ref_241018/flnc-2.bam,s3://human-pangenomics/working/HPRC/NA21144/raw_data/PacBio_Kinnex/NA21144.lymph.m84203_240913_222952_s1-m84203_240914_002916_s2.flnc.bam
s3://human-pangenomics/submissions/FCD6C271-5641-4C1C-9B2D-C6E2BF419E57--RU_Y5_Kinnex/HPRC_Kinnex_Pool013/IsoSeq_Analysis_hg38ref_241018/flnc-3.bam,s3://human-pangenomics/working/HPRC/NA20827/raw_data/PacBio_Kinnex/NA20827.lymph.m84203_240913_222952_s1-m84203_240914_002916_s2.flnc.bam
s3://human-pangenomics/submissions/FCD6C271-5641-4C1C-9B2D-C6E2BF419E57--RU_Y5_Kinnex/HPRC_Kinnex_Pool013/IsoSeq_Analysis_hg38ref_241018/flnc-4.bam,s3://human-pangenomics/working/HPRC/HG03521/raw_data/PacBio_Kinnex/HG03521.lymph.m84203_240913_222952_s1-m84203_240914_002916_s2.flnc.bam
s3://human-pangenomics/submissions/FCD6C271-5641-4C1C-9B2D-C6E2BF419E57--RU_Y5_Kinnex/HPRC_Kinnex_Pool013/IsoSeq_Analysis_hg38ref_241018/flnc-5.bam,s3://human-pangenomics/working/HPRC/NA20762/raw_data/PacBio_Kinnex/NA20762.lymph.m84203_240913_222952_s1-m84203_240914_002916_s2.flnc.bam
s3://human-pangenomics/submissions/FCD6C271-5641-4C1C-9B2D-C6E2BF419E57--RU_Y5_Kinnex/HPRC_Kinnex_Pool013/IsoSeq_Analysis_hg38ref_241018/flnc-6.bam,s3://human-pangenomics/working/HPRC/HG00344/raw_data/PacBio_Kinnex/HG00344.lymph.m84203_240913_222952_s1-m84203_240914_002916_s2.flnc.bam
s3://human-pangenomics/submissions/FCD6C271-5641-4C1C-9B2D-C6E2BF419E57--RU_Y5_Kinnex/HPRC_Kinnex_Pool013/IsoSeq_Analysis_hg38ref_241018/flnc-7.bam,s3://human-pangenomics/working/HPRC/HG00350/raw_data/PacBio_Kinnex/HG00350.lymph.m84203_240913_222952_s1-m84203_240914_002916_s2.flnc.bam
s3://human-pangenomics/submissions/FCD6C271-5641-4C1C-9B2D-C6E2BF419E57--RU_Y5_Kinnex/HPRC_Kinnex_Pool014/IsoSeq_Analysis_hg38ref_241018/flnc-2.bam,s3://human-pangenomics/working/HPRC/NA20287/raw_data/PacBio_Kinnex/NA20287.lymph.m84203_240914_042802_s4-m84203_240914_022843_s3.flnc.bam
s3://human-pangenomics/submissions/FCD6C271-5641-4C1C-9B2D-C6E2BF419E57--RU_Y5_Kinnex/HPRC_Kinnex_Pool014/IsoSeq_Analysis_hg38ref_241018/flnc-3.bam,s3://human-pangenomics/working/HPRC/HG00272/raw_data/PacBio_Kinnex/HG00272.lymph.m84203_240914_042802_s4-m84203_240914_022843_s3.flnc.bam
s3://human-pangenomics/submissions/FCD6C271-5641-4C1C-9B2D-C6E2BF419E57--RU_Y5_Kinnex/HPRC_Kinnex_Pool014/IsoSeq_Analysis_hg38ref_241018/flnc-4.bam,s3://human-pangenomics/working/HPRC/HG00097/raw_data/PacBio_Kinnex/HG00097.lymph.m84203_240914_042802_s4-m84203_240914_022843_s3.flnc.bam
s3://human-pangenomics/submissions/FCD6C271-5641-4C1C-9B2D-C6E2BF419E57--RU_Y5_Kinnex/HPRC_Kinnex_Pool014/IsoSeq_Analysis_hg38ref_241018/flnc-5.bam,s3://human-pangenomics/working/HPRC/NA18879/raw_data/PacBio_Kinnex/NA18879.lymph.m84203_240914_042802_s4-m84203_240914_022843_s3.flnc.bam
s3://human-pangenomics/submissions/FCD6C271-5641-4C1C-9B2D-C6E2BF419E57--RU_Y5_Kinnex/HPRC_Kinnex_Pool014/IsoSeq_Analysis_hg38ref_241018/flnc-6.bam,s3://human-pangenomics/working/HPRC/HG01766/raw_data/PacBio_Kinnex/HG01766.lymph.m84203_240914_042802_s4-m84203_240914_022843_s3.flnc.bam
s3://human-pangenomics/submissions/FCD6C271-5641-4C1C-9B2D-C6E2BF419E57--RU_Y5_Kinnex/HPRC_Kinnex_Pool014/IsoSeq_Analysis_hg38ref_241018/flnc-7.bam,s3://human-pangenomics/working/HPRC/NA18871/raw_data/PacBio_Kinnex/NA18871.lymph.m84203_240914_042802_s4-m84203_240914_022843_s3.flnc.bam
s3://human-pangenomics/submissions/FCD6C271-5641-4C1C-9B2D-C6E2BF419E57--RU_Y5_Kinnex/HPRC_Kinnex_Pool014/IsoSeq_Analysis_hg38ref_241018/flnc-8.bam,s3://human-pangenomics/working/HPRC/NA20858/raw_data/PacBio_Kinnex/NA20858.lymph.m84203_240914_042802_s4-m84203_240914_022843_s3.flnc.bam
s3://human-pangenomics/submissions/FCD6C271-5641-4C1C-9B2D-C6E2BF419E57--RU_Y5_Kinnex/HPRC_Kinnex_Pool015/IsoSeq_Analysis_hg38ref_241102/flnc-1.bam,s3://human-pangenomics/working/HPRC/NA19099/raw_data/PacBio_Kinnex/NA19099.lymph.m84203_241028_160334_s2-m84203_241028_180304_s3.flnc.bam
s3://human-pangenomics/submissions/FCD6C271-5641-4C1C-9B2D-C6E2BF419E57--RU_Y5_Kinnex/HPRC_Kinnex_Pool015/IsoSeq_Analysis_hg38ref_241102/flnc-3.bam,s3://human-pangenomics/working/HPRC/NA19834/raw_data/PacBio_Kinnex/NA19834.lymph.m84203_241028_160334_s2-m84203_241028_180304_s3.flnc.bam
s3://human-pangenomics/submissions/FCD6C271-5641-4C1C-9B2D-C6E2BF419E57--RU_Y5_Kinnex/HPRC_Kinnex_Pool015/IsoSeq_Analysis_hg38ref_241102/flnc-4.bam,s3://human-pangenomics/working/HPRC/HG03103/raw_data/PacBio_Kinnex/HG03103.lymph.m84203_241028_160334_s2-m84203_241028_180304_s3.flnc.bam
s3://human-pangenomics/submissions/FCD6C271-5641-4C1C-9B2D-C6E2BF419E57--RU_Y5_Kinnex/HPRC_Kinnex_Pool015/IsoSeq_Analysis_hg38ref_241102/flnc-5.bam,s3://human-pangenomics/working/HPRC/HG01048/raw_data/PacBio_Kinnex/HG01048.lymph.m84203_241028_160334_s2-m84203_241028_180304_s3.flnc.bam
s3://human-pangenomics/submissions/FCD6C271-5641-4C1C-9B2D-C6E2BF419E57--RU_Y5_Kinnex/HPRC_Kinnex_Pool015/IsoSeq_Analysis_hg38ref_241102/flnc-6.bam,s3://human-pangenomics/working/HPRC/NA19190/raw_data/PacBio_Kinnex/NA19190.lymph.m84203_241028_160334_s2-m84203_241028_180304_s3.flnc.bam
s3://human-pangenomics/submissions/FCD6C271-5641-4C1C-9B2D-C6E2BF419E57--RU_Y5_Kinnex/HPRC_Kinnex_Pool015/IsoSeq_Analysis_hg38ref_241102/flnc-7.bam,s3://human-pangenomics/working/HPRC/HG03672/raw_data/PacBio_Kinnex/HG03672.lymph.m84203_241028_160334_s2-m84203_241028_180304_s3.flnc.bam
s3://human-pangenomics/submissions/FCD6C271-5641-4C1C-9B2D-C6E2BF419E57--RU_Y5_Kinnex/HPRC_Kinnex_Pool015/IsoSeq_Analysis_hg38ref_241102/flnc-8.bam,s3://human-pangenomics/working/HPRC/HG03372/raw_data/PacBio_Kinnex/HG03372.lymph.m84203_241028_160334_s2-m84203_241028_180304_s3.flnc.bam
s3://human-pangenomics/submissions/FCD6C271-5641-4C1C-9B2D-C6E2BF419E57--RU_Y5_Kinnex/HPRC_Kinnex_Pool016/IsoSeq_Analysis_hg38ref_241102/flnc-1.bam,s3://human-pangenomics/working/HPRC/HG03108/raw_data/PacBio_Kinnex/HG03108.lymph.m84203_241028_200231_s4-m84203_241028_220156_s1.flnc.bam
s3://human-pangenomics/submissions/FCD6C271-5641-4C1C-9B2D-C6E2BF419E57--RU_Y5_Kinnex/HPRC_Kinnex_Pool016/IsoSeq_Analysis_hg38ref_241102/flnc-3.bam,s3://human-pangenomics/working/HPRC/HG00106/raw_data/PacBio_Kinnex/HG00106.lymph.m84203_241028_200231_s4-m84203_241028_220156_s1.flnc.bam
s3://human-pangenomics/submissions/FCD6C271-5641-4C1C-9B2D-C6E2BF419E57--RU_Y5_Kinnex/HPRC_Kinnex_Pool016/IsoSeq_Analysis_hg38ref_241102/flnc-4.bam,s3://human-pangenomics/working/HPRC/HG00117/raw_data/PacBio_Kinnex/HG00117.lymph.m84203_241028_200231_s4-m84203_241028_220156_s1.flnc.bam
s3://human-pangenomics/submissions/FCD6C271-5641-4C1C-9B2D-C6E2BF419E57--RU_Y5_Kinnex/HPRC_Kinnex_Pool016/IsoSeq_Analysis_hg38ref_241102/flnc-5.bam,s3://human-pangenomics/working/HPRC/HG01798/raw_data/PacBio_Kinnex/HG01798.lymph.m84203_241028_200231_s4-m84203_241028_220156_s1.flnc.bam
s3://human-pangenomics/submissions/FCD6C271-5641-4C1C-9B2D-C6E2BF419E57--RU_Y5_Kinnex/HPRC_Kinnex_Pool016/IsoSeq_Analysis_hg38ref_241102/flnc-6.bam,s3://human-pangenomics/working/HPRC/HG00253/raw_data/PacBio_Kinnex/HG00253.lymph.m84203_241028_200231_s4-m84203_241028_220156_s1.flnc.bam
s3://human-pangenomics/submissions/FCD6C271-5641-4C1C-9B2D-C6E2BF419E57--RU_Y5_Kinnex/HPRC_Kinnex_Pool016/IsoSeq_Analysis_hg38ref_241102/flnc-7.bam,s3://human-pangenomics/working/HPRC/NA20818/raw_data/PacBio_Kinnex/NA20818.lymph.m84203_241028_200231_s4-m84203_241028_220156_s1.flnc.bam
s3://human-pangenomics/submissions/FCD6C271-5641-4C1C-9B2D-C6E2BF419E57--RU_Y5_Kinnex/HPRC_Kinnex_Pool016/IsoSeq_Analysis_hg38ref_241102/flnc-8.bam,s3://human-pangenomics/working/HPRC/NA20809/raw_data/PacBio_Kinnex/NA20809.lymph.m84203_241028_200231_s4-m84203_241028_220156_s1.flnc.bam
s3://human-pangenomics/submissions/FCD6C271-5641-4C1C-9B2D-C6E2BF419E57--RU_Y5_Kinnex/HPRC_Kinnex_Pool017/IsoSeq_Analysis_hg38ref_241102/flnc-1.bam,s3://human-pangenomics/working/HPRC/HG03457/raw_data/PacBio_Kinnex/HG03457.lymph.m84203_241029_195536_s2-m84203_241029_215509_s3.flnc.bam
s3://human-pangenomics/submissions/FCD6C271-5641-4C1C-9B2D-C6E2BF419E57--RU_Y5_Kinnex/HPRC_Kinnex_Pool017/IsoSeq_Analysis_hg38ref_241102/flnc-2.bam,s3://human-pangenomics/working/HPRC/HG03778/raw_data/PacBio_Kinnex/HG03778.lymph.m84203_241029_195536_s2-m84203_241029_215509_s3.flnc.bam
s3://human-pangenomics/submissions/FCD6C271-5641-4C1C-9B2D-C6E2BF419E57--RU_Y5_Kinnex/HPRC_Kinnex_Pool017/IsoSeq_Analysis_hg38ref_241102/flnc-3.bam,s3://human-pangenomics/working/HPRC/HG03136/raw_data/PacBio_Kinnex/HG03136.lymph.m84203_241029_195536_s2-m84203_241029_215509_s3.flnc.bam
s3://human-pangenomics/submissions/FCD6C271-5641-4C1C-9B2D-C6E2BF419E57--RU_Y5_Kinnex/HPRC_Kinnex_Pool017/IsoSeq_Analysis_hg38ref_241102/flnc-4.bam,s3://human-pangenomics/working/HPRC/HG00662/raw_data/PacBio_Kinnex/HG00662.lymph.m84203_241029_195536_s2-m84203_241029_215509_s3.flnc.bam
s3://human-pangenomics/submissions/FCD6C271-5641-4C1C-9B2D-C6E2BF419E57--RU_Y5_Kinnex/HPRC_Kinnex_Pool017/IsoSeq_Analysis_hg38ref_241102/flnc-5.bam,s3://human-pangenomics/working/HPRC/HG03919/raw_data/PacBio_Kinnex/HG03919.lymph.m84203_241029_195536_s2-m84203_241029_215509_s3.flnc.bam
s3://human-pangenomics/submissions/FCD6C271-5641-4C1C-9B2D-C6E2BF419E57--RU_Y5_Kinnex/HPRC_Kinnex_Pool017/IsoSeq_Analysis_hg38ref_241102/flnc-6.bam,s3://human-pangenomics/working/HPRC/HG01894/raw_data/PacBio_Kinnex/HG01894.lymph.m84203_241029_195536_s2-m84203_241029_215509_s3.flnc.bam
s3://human-pangenomics/submissions/FCD6C271-5641-4C1C-9B2D-C6E2BF419E57--RU_Y5_Kinnex/HPRC_Kinnex_Pool017/IsoSeq_Analysis_hg38ref_241102/flnc-7.bam,s3://human-pangenomics/working/HPRC/HG04153/raw_data/PacBio_Kinnex/HG04153.lymph.m84203_241029_195536_s2-m84203_241029_215509_s3.flnc.bam
s3://human-pangenomics/submissions/FCD6C271-5641-4C1C-9B2D-C6E2BF419E57--RU_Y5_Kinnex/HPRC_Kinnex_Pool017/IsoSeq_Analysis_hg38ref_241102/flnc-8.bam,s3://human-pangenomics/working/HPRC/HG04225/raw_data/PacBio_Kinnex/HG04225.lymph.m84203_241029_195536_s2-m84203_241029_215509_s3.flnc.bam
s3://human-pangenomics/submissions/FCD6C271-5641-4C1C-9B2D-C6E2BF419E57--RU_Y5_Kinnex/HPRC_Kinnex_Pool018/IsoSeq_Analysis_hg38ref_241102/flnc-1.bam,s3://human-pangenomics/working/HPRC/NA19012/raw_data/PacBio_Kinnex/NA19012.lymph.m84203_241030_015357_s1-m84203_241029_235436_s4.flnc.bam
s3://human-pangenomics/submissions/FCD6C271-5641-4C1C-9B2D-C6E2BF419E57--RU_Y5_Kinnex/HPRC_Kinnex_Pool018/IsoSeq_Analysis_hg38ref_241102/flnc-2.bam,s3://human-pangenomics/working/HPRC/HG02624/raw_data/PacBio_Kinnex/HG02624.lymph.m84203_241030_015357_s1-m84203_241029_235436_s4.flnc.bam
s3://human-pangenomics/submissions/FCD6C271-5641-4C1C-9B2D-C6E2BF419E57--RU_Y5_Kinnex/HPRC_Kinnex_Pool018/IsoSeq_Analysis_hg38ref_241102/flnc-3.bam,s3://human-pangenomics/working/HPRC/HG03854/raw_data/PacBio_Kinnex/HG03854.lymph.m84203_241030_015357_s1-m84203_241029_235436_s4.flnc.bam
s3://human-pangenomics/submissions/FCD6C271-5641-4C1C-9B2D-C6E2BF419E57--RU_Y5_Kinnex/HPRC_Kinnex_Pool018/IsoSeq_Analysis_hg38ref_241102/flnc-4.bam,s3://human-pangenomics/working/HPRC/NA18967/raw_data/PacBio_Kinnex/NA18967.lymph.m84203_241030_015357_s1-m84203_241029_235436_s4.flnc.bam
s3://human-pangenomics/submissions/FCD6C271-5641-4C1C-9B2D-C6E2BF419E57--RU_Y5_Kinnex/HPRC_Kinnex_Pool018/IsoSeq_Analysis_hg38ref_241102/flnc-5.bam,s3://human-pangenomics/working/HPRC/HG00118/raw_data/PacBio_Kinnex/HG00118.lymph.m84203_241030_015357_s1-m84203_241029_235436_s4.flnc.bam
s3://human-pangenomics/submissions/FCD6C271-5641-4C1C-9B2D-C6E2BF419E57--RU_Y5_Kinnex/HPRC_Kinnex_Pool018/IsoSeq_Analysis_hg38ref_241102/flnc-6.bam,s3://human-pangenomics/working/HPRC/NA20294/raw_data/PacBio_Kinnex/NA20294.lymph.m84203_241030_015357_s1-m84203_241029_235436_s4.flnc.bam
s3://human-pangenomics/submissions/FCD6C271-5641-4C1C-9B2D-C6E2BF419E57--RU_Y5_Kinnex/HPRC_Kinnex_Pool018/IsoSeq_Analysis_hg38ref_241102/flnc-7.bam,s3://human-pangenomics/working/HPRC/NA18611/raw_data/PacBio_Kinnex/NA18611.lymph.m84203_241030_015357_s1-m84203_241029_235436_s4.flnc.bam
s3://human-pangenomics/submissions/FCD6C271-5641-4C1C-9B2D-C6E2BF419E57--RU_Y5_Kinnex/HPRC_Kinnex_Pool018/IsoSeq_Analysis_hg38ref_241102/flnc-8.bam,s3://human-pangenomics/working/HPRC/HG03198/raw_data/PacBio_Kinnex/HG03198.lymph.m84203_241030_015357_s1-m84203_241029_235436_s4.flnc.bam
s3://human-pangenomics/submissions/FCD6C271-5641-4C1C-9B2D-C6E2BF419E57--RU_Y5_Kinnex/HPRC_Kinnex_Pool019/IsoSeq_Analysis_hg38ref_241028/flnc-1.bam,s3://human-pangenomics/working/HPRC/NA20362/raw_data/PacBio_Kinnex/NA20362.lymph.m84203_241022_230750_s3-m84203_241022_210832_s2.flnc.bam
s3://human-pangenomics/submissions/FCD6C271-5641-4C1C-9B2D-C6E2BF419E57--RU_Y5_Kinnex/HPRC_Kinnex_Pool019/IsoSeq_Analysis_hg38ref_241028/flnc-2.bam,s3://human-pangenomics/working/HPRC/NA19063/raw_data/PacBio_Kinnex/NA19063.lymph.m84203_241022_230750_s3-m84203_241022_210832_s2.flnc.bam
s3://human-pangenomics/submissions/FCD6C271-5641-4C1C-9B2D-C6E2BF419E57--RU_Y5_Kinnex/HPRC_Kinnex_Pool019/IsoSeq_Analysis_hg38ref_241028/flnc-3.bam,s3://human-pangenomics/working/HPRC/NA20866/raw_data/PacBio_Kinnex/NA20866.lymph.m84203_241022_230750_s3-m84203_241022_210832_s2.flnc.bam
s3://human-pangenomics/submissions/FCD6C271-5641-4C1C-9B2D-C6E2BF419E57--RU_Y5_Kinnex/HPRC_Kinnex_Pool019/IsoSeq_Analysis_hg38ref_241028/flnc-4.bam,s3://human-pangenomics/working/HPRC/NA20800/raw_data/PacBio_Kinnex/NA20800.lymph.m84203_241022_230750_s3-m84203_241022_210832_s2.flnc.bam
s3://human-pangenomics/submissions/FCD6C271-5641-4C1C-9B2D-C6E2BF419E57--RU_Y5_Kinnex/HPRC_Kinnex_Pool019/IsoSeq_Analysis_hg38ref_241028/flnc-5.bam,s3://human-pangenomics/working/HPRC/HG00258/raw_data/PacBio_Kinnex/HG00258.lymph.m84203_241022_230750_s3-m84203_241022_210832_s2.flnc.bam
s3://human-pangenomics/submissions/FCD6C271-5641-4C1C-9B2D-C6E2BF419E57--RU_Y5_Kinnex/HPRC_Kinnex_Pool019/IsoSeq_Analysis_hg38ref_241028/flnc-6.bam,s3://human-pangenomics/working/HPRC/NA19055/raw_data/PacBio_Kinnex/NA19055.lymph.m84203_241022_230750_s3-m84203_241022_210832_s2.flnc.bam
s3://human-pangenomics/submissions/FCD6C271-5641-4C1C-9B2D-C6E2BF419E57--RU_Y5_Kinnex/HPRC_Kinnex_Pool019/IsoSeq_Analysis_hg38ref_241028/flnc-7.bam,s3://human-pangenomics/working/HPRC/HG02676/raw_data/PacBio_Kinnex/HG02676.lymph.m84203_241022_230750_s3-m84203_241022_210832_s2.flnc.bam
s3://human-pangenomics/submissions/FCD6C271-5641-4C1C-9B2D-C6E2BF419E57--RU_Y5_Kinnex/HPRC_Kinnex_Pool019/IsoSeq_Analysis_hg38ref_241028/flnc-8.bam,s3://human-pangenomics/working/HPRC/HG01700/raw_data/PacBio_Kinnex/HG01700.lymph.m84203_241022_230750_s3-m84203_241022_210832_s2.flnc.bam
s3://human-pangenomics/submissions/FCD6C271-5641-4C1C-9B2D-C6E2BF419E57--RU_Y5_Kinnex/HPRC_Kinnex_Pool020/IsoSeq_Analysis_hg38ref_241102/flnc-1.bam,s3://human-pangenomics/working/HPRC/HG03433/raw_data/PacBio_Kinnex/HG03433.lymph.m84091_241028_180302_s2-m84091_241028_160334_s1.flnc.bam
s3://human-pangenomics/submissions/FCD6C271-5641-4C1C-9B2D-C6E2BF419E57--RU_Y5_Kinnex/HPRC_Kinnex_Pool020/IsoSeq_Analysis_hg38ref_241102/flnc-2.bam,s3://human-pangenomics/working/HPRC/NA19360/raw_data/PacBio_Kinnex/NA19360.lymph.m84091_241028_180302_s2-m84091_241028_160334_s1.flnc.bam
s3://human-pangenomics/submissions/FCD6C271-5641-4C1C-9B2D-C6E2BF419E57--RU_Y5_Kinnex/HPRC_Kinnex_Pool020/IsoSeq_Analysis_hg38ref_241102/flnc-3.bam,s3://human-pangenomics/working/HPRC/HG02497/raw_data/PacBio_Kinnex/HG02497.lymph.m84091_241028_180302_s2-m84091_241028_160334_s1.flnc.bam
s3://human-pangenomics/submissions/FCD6C271-5641-4C1C-9B2D-C6E2BF419E57--RU_Y5_Kinnex/HPRC_Kinnex_Pool020/IsoSeq_Analysis_hg38ref_241102/flnc-4.bam,s3://human-pangenomics/working/HPRC/NA21133/raw_data/PacBio_Kinnex/NA21133.lymph.m84091_241028_180302_s2-m84091_241028_160334_s1.flnc.bam
s3://human-pangenomics/submissions/FCD6C271-5641-4C1C-9B2D-C6E2BF419E57--RU_Y5_Kinnex/HPRC_Kinnex_Pool020/IsoSeq_Analysis_hg38ref_241102/flnc-5.bam,s3://human-pangenomics/working/HPRC/HG02541/raw_data/PacBio_Kinnex/HG02541.lymph.m84091_241028_180302_s2-m84091_241028_160334_s1.flnc.bam
s3://human-pangenomics/submissions/FCD6C271-5641-4C1C-9B2D-C6E2BF419E57--RU_Y5_Kinnex/HPRC_Kinnex_Pool020/IsoSeq_Analysis_hg38ref_241102/flnc-6.bam,s3://human-pangenomics/working/HPRC/HG01176/raw_data/PacBio_Kinnex/HG01176.lymph.m84091_241028_180302_s2-m84091_241028_160334_s1.flnc.bam
s3://human-pangenomics/submissions/FCD6C271-5641-4C1C-9B2D-C6E2BF419E57--RU_Y5_Kinnex/HPRC_Kinnex_Pool020/IsoSeq_Analysis_hg38ref_241102/flnc-7.bam,s3://human-pangenomics/working/HPRC/HG00150/raw_data/PacBio_Kinnex/HG00150.lymph.m84091_241028_180302_s2-m84091_241028_160334_s1.flnc.bam
s3://human-pangenomics/submissions/FCD6C271-5641-4C1C-9B2D-C6E2BF419E57--RU_Y5_Kinnex/HPRC_Kinnex_Pool020/IsoSeq_Analysis_hg38ref_241102/flnc-8.bam,s3://human-pangenomics/working/HPRC/NA19835/raw_data/PacBio_Kinnex/NA19835.lymph.m84091_241028_180302_s2-m84091_241028_160334_s1.flnc.bam
s3://human-pangenomics/submissions/FCD6C271-5641-4C1C-9B2D-C6E2BF419E57--RU_Y5_Kinnex/HPRC_Kinnex_Pool021/IsoSeq_Analysis_hg38ref_241028/flnc-1.bam,s3://human-pangenomics/working/HPRC/HG00235/raw_data/PacBio_Kinnex/HG00235.lymph.m84203_241023_010712_s4-m84203_241023_030638_s1.flnc.bam
s3://human-pangenomics/submissions/FCD6C271-5641-4C1C-9B2D-C6E2BF419E57--RU_Y5_Kinnex/HPRC_Kinnex_Pool021/IsoSeq_Analysis_hg38ref_241028/flnc-2.bam,s3://human-pangenomics/working/HPRC/HG03369/raw_data/PacBio_Kinnex/HG03369.lymph.m84203_241023_010712_s4-m84203_241023_030638_s1.flnc.bam
s3://human-pangenomics/submissions/FCD6C271-5641-4C1C-9B2D-C6E2BF419E57--RU_Y5_Kinnex/HPRC_Kinnex_Pool021/IsoSeq_Analysis_hg38ref_241028/flnc-3.bam,s3://human-pangenomics/working/HPRC/NA18565/raw_data/PacBio_Kinnex/NA18565.lymph.m84203_241023_010712_s4-m84203_241023_030638_s1.flnc.bam
s3://human-pangenomics/submissions/FCD6C271-5641-4C1C-9B2D-C6E2BF419E57--RU_Y5_Kinnex/HPRC_Kinnex_Pool021/IsoSeq_Analysis_hg38ref_241028/flnc-4.bam,s3://human-pangenomics/working/HPRC/NA21102/raw_data/PacBio_Kinnex/NA21102.lymph.m84203_241023_010712_s4-m84203_241023_030638_s1.flnc.bam
s3://human-pangenomics/submissions/FCD6C271-5641-4C1C-9B2D-C6E2BF419E57--RU_Y5_Kinnex/HPRC_Kinnex_Pool021/IsoSeq_Analysis_hg38ref_241028/flnc-5.bam,s3://human-pangenomics/working/HPRC/HG01028/raw_data/PacBio_Kinnex/HG01028.lymph.m84203_241023_010712_s4-m84203_241023_030638_s1.flnc.bam
s3://human-pangenomics/submissions/FCD6C271-5641-4C1C-9B2D-C6E2BF419E57--RU_Y5_Kinnex/HPRC_Kinnex_Pool021/IsoSeq_Analysis_hg38ref_241028/flnc-6.bam,s3://human-pangenomics/working/HPRC/HG01167/raw_data/PacBio_Kinnex/HG01167.lymph.m84203_241023_010712_s4-m84203_241023_030638_s1.flnc.bam
s3://human-pangenomics/submissions/FCD6C271-5641-4C1C-9B2D-C6E2BF419E57--RU_Y5_Kinnex/HPRC_Kinnex_Pool021/IsoSeq_Analysis_hg38ref_241028/flnc-7.bam,s3://human-pangenomics/working/HPRC/NA19131/raw_data/PacBio_Kinnex/NA19131.lymph.m84203_241023_010712_s4-m84203_241023_030638_s1.flnc.bam
s3://human-pangenomics/submissions/FCD6C271-5641-4C1C-9B2D-C6E2BF419E57--RU_Y5_Kinnex/HPRC_Kinnex_Pool021/IsoSeq_Analysis_hg38ref_241028/flnc-8.bam,s3://human-pangenomics/working/HPRC/HG03792/raw_data/PacBio_Kinnex/HG03792.lymph.m84203_241023_010712_s4-m84203_241023_030638_s1.flnc.bam
s3://human-pangenomics/submissions/FCD6C271-5641-4C1C-9B2D-C6E2BF419E57--RU_Y5_Kinnex/HPRC_Kinnex_Pool022/IsoSeq_Analysis_hg38ref_241107/flnc-1.bam,s3://human-pangenomics/working/HPRC/NA19000/raw_data/PacBio_Kinnex/NA19000.lymph.m84091_241104_230751_s3.flnc.bam
s3://human-pangenomics/submissions/FCD6C271-5641-4C1C-9B2D-C6E2BF419E57--RU_Y5_Kinnex/HPRC_Kinnex_Pool022/IsoSeq_Analysis_hg38ref_241107/flnc-2.bam,s3://human-pangenomics/working/HPRC/HG03875/raw_data/PacBio_Kinnex/HG03875.lymph.m84091_241104_230751_s3.flnc.bam
