file,Cell_Type,site,file,SMRT_Cell_ID_1,SMRT_Cell_ID_2,Platform_Unit_1,Platform_Unit_2,Barcode,Binding_Kit,Sequencing_Kit,SMRT_Cell_Kit,Basecalling_Version,Platform,Instrument_Model,Library,Sample,Run_ID,ccs_Version,pbtrim_Version,jasmine_Version,lima_Version,refine_Version,Polymerase_Version,Chemistry_Version,pool,barcode,pool_barcode,sampleID,new_filename,score,similarity,FLNC,Read,Count,check-FLNC,Reads
s3://human-pangenomics/working/HPRC/HG00099/raw_data/PacBio_Kinnex/HG00099.lymph.m84081_240722_230051_s3-m84081_240723_010018_s4.flnc.bam,lymph,WUST,flnc-7.bam,EA114526,EA114567,m84081_240722_230051_s3,m84081_240723_010018_s4,bc07,102-739-100,102-118-800,102-202-200,5,PACBIO,REVIO,HPRC_Kinnex_Pool_15,BioSample_7,r84081_20240722_185825,8.0.0,1.0.0,2.2.0,2.9.0,4.1.1,P1,C1,HPRC_Kinnex_Pool15,bc07,HPRC_Kinnex_Pool_15_bc07,HG00099,HG00099.lymph.m84081_240722_230051_s3-m84081_240723_010018_s4.flnc.bam,0.163701,1,19956012,TRUE
s3://human-pangenomics/working/HPRC/HG00126/raw_data/PacBio_Kinnex/HG00126.lymph.m84081_240728_071012_s1-m84081_240728_051033_s2.flnc.bam,lymph,WUST,flnc-3.bam,EA114327,EA114375,m84081_240728_071012_s1,m84081_240728_051033_s2,bc03,102-739-100,102-118-800,102-202-200,5,PACBIO,REVIO,HPRC_Kinnex_Pool_19,BioSample_3,r84081_20240726_191017,8.0.0,1.0.0,2.2.0,2.9.0,4.1.1,P1,C1,HPRC_Kinnex_Pool19,bc03,HPRC_Kinnex_Pool_19_bc03,HG00126,HG00126.lymph.m84081_240728_071012_s1-m84081_240728_051033_s2.flnc.bam,0.167472,1,16747362,TRUE
s3://human-pangenomics/working/HPRC/HG00128/raw_data/PacBio_Kinnex/HG00128.lymph.m84081_240728_110915_s4-m84081_240728_090940_s3.flnc.bam,lymph,WUST,flnc-3.bam,EA114381,EA114371,m84081_240728_110915_s4,m84081_240728_090940_s3,bc07,102-739-100,102-118-800,102-202-200,5,PACBIO,REVIO,HPRC_Kinnex_Pool_20,BioSample_3,r84081_20240726_191017,8.0.0,1.0.0,2.2.0,2.9.0,4.1.1,P1,C1,HPRC_Kinnex_Pool20,bc07,HPRC_Kinnex_Pool_20_bc07,HG00128,HG00128.lymph.m84081_240728_110915_s4-m84081_240728_090940_s3.flnc.bam,0.179282,1,13721123,TRUE
s3://human-pangenomics/working/HPRC/HG00133/raw_data/PacBio_Kinnex/HG00133.lymph.m84081_240728_071012_s1-m84081_240728_051033_s2.flnc.bam,lymph,WUST,flnc-4.bam,EA114327,EA114375,m84081_240728_071012_s1,m84081_240728_051033_s2,bc04,102-739-100,102-118-800,102-202-200,5,PACBIO,REVIO,HPRC_Kinnex_Pool_19,BioSample_4,r84081_20240726_191017,8.0.0,1.0.0,2.2.0,2.9.0,4.1.1,P1,C1,HPRC_Kinnex_Pool19,bc04,HPRC_Kinnex_Pool_19_bc04,HG00133,HG00133.lymph.m84081_240728_071012_s1-m84081_240728_051033_s2.flnc.bam,0.163925,1,16117026,TRUE
s3://human-pangenomics/working/HPRC/HG00140/raw_data/PacBio_Kinnex/HG00140.lymph.m84081_240726_211757_s1-m84081_240726_191837_s2.flnc.bam,lymph,WUST,flnc-2.bam,EA114360,EA114391,m84081_240726_211757_s1,m84081_240726_191837_s2,bc06,102-739-100,102-118-800,102-202-200,5,PACBIO,REVIO,HPRC_Kinnex_Pool_14,BioSample_2,r84081_20240726_191017,8.0.0,1.0.0,2.2.0,2.9.0,4.1.1,P1,C1,HPRC_Kinnex_Pool14,bc06,HPRC_Kinnex_Pool_14_bc06,HG00140,HG00140.lymph.m84081_240726_211757_s1-m84081_240726_191837_s2.flnc.bam,0.169169,1,21434086,TRUE
s3://human-pangenomics/working/HPRC/HG00146/raw_data/PacBio_Kinnex/HG00146.lymph.m84081_240728_071012_s1-m84081_240728_051033_s2.flnc.bam,lymph,WUST,flnc-8.bam,EA114327,EA114375,m84081_240728_071012_s1,m84081_240728_051033_s2,bc12,102-739-100,102-118-800,102-202-200,5,PACBIO,REVIO,HPRC_Kinnex_Pool_19,BioSample_8,r84081_20240726_191017,8.0.0,1.0.0,2.2.0,2.9.0,4.1.1,P1,C1,HPRC_Kinnex_Pool19,bc12,HPRC_Kinnex_Pool_19_bc12,HG00146,HG00146.lymph.m84081_240728_071012_s1-m84081_240728_051033_s2.flnc.bam,0.173507,1,18071802,TRUE
s3://human-pangenomics/working/HPRC/HG00232/raw_data/PacBio_Kinnex/HG00232.lymph.m84081_240728_071012_s1-m84081_240728_051033_s2.flnc.bam,lymph,WUST,flnc-1.bam,EA114327,EA114375,m84081_240728_071012_s1,m84081_240728_051033_s2,bc01,102-739-100,102-118-800,102-202-200,5,PACBIO,REVIO,HPRC_Kinnex_Pool_19,BioSample_1,r84081_20240726_191017,8.0.0,1.0.0,2.2.0,2.9.0,4.1.1,P1,C1,HPRC_Kinnex_Pool19,bc01,HPRC_Kinnex_Pool_19_bc01,HG00232,HG00232.lymph.m84081_240728_071012_s1-m84081_240728_051033_s2.flnc.bam,0.176092,1,20080345,TRUE
s3://human-pangenomics/working/HPRC/HG00280/raw_data/PacBio_Kinnex/HG00280.lymph.m84081_240722_230051_s3-m84081_240723_010018_s4.flnc.bam,lymph,WUST,flnc-8.bam,EA114526,EA114567,m84081_240722_230051_s3,m84081_240723_010018_s4,bc08,102-739-100,102-118-800,102-202-200,5,PACBIO,REVIO,HPRC_Kinnex_Pool_15,BioSample_8,r84081_20240722_185825,8.0.0,1.0.0,2.2.0,2.9.0,4.1.1,P1,C1,HPRC_Kinnex_Pool15,bc08,HPRC_Kinnex_Pool_15_bc08,HG00280,HG00280.lymph.m84081_240722_230051_s3-m84081_240723_010018_s4.flnc.bam,0.162958,1,17784599,TRUE
s3://human-pangenomics/working/HPRC/HG00290/raw_data/PacBio_Kinnex/HG00290.lymph.m84081_240728_110915_s4-m84081_240728_090940_s3.flnc.bam,lymph,WUST,flnc-1.bam,EA114381,EA114371,m84081_240728_110915_s4,m84081_240728_090940_s3,bc05,102-739-100,102-118-800,102-202-200,5,PACBIO,REVIO,HPRC_Kinnex_Pool_20,BioSample_1,r84081_20240726_191017,8.0.0,1.0.0,2.2.0,2.9.0,4.1.1,P1,C1,HPRC_Kinnex_Pool20,bc05,HPRC_Kinnex_Pool_20_bc05,HG00290,HG00290.lymph.m84081_240728_110915_s4-m84081_240728_090940_s3.flnc.bam,0.176903,1,18955455,TRUE
s3://human-pangenomics/working/HPRC/HG00320/raw_data/PacBio_Kinnex/HG00320.lymph.m84081_240728_071012_s1-m84081_240728_051033_s2.flnc.bam,lymph,WUST,flnc-6.bam,EA114327,EA114375,m84081_240728_071012_s1,m84081_240728_051033_s2,bc10,102-739-100,102-118-800,102-202-200,5,PACBIO,REVIO,HPRC_Kinnex_Pool_19,BioSample_6,r84081_20240726_191017,8.0.0,1.0.0,2.2.0,2.9.0,4.1.1,P1,C1,HPRC_Kinnex_Pool19,bc10,HPRC_Kinnex_Pool_19_bc10,HG00320,HG00320.lymph.m84081_240728_071012_s1-m84081_240728_051033_s2.flnc.bam,0.171093,1,15670854,TRUE
s3://human-pangenomics/working/HPRC/HG00321/raw_data/PacBio_Kinnex/HG00321.lymph.m84081_240728_071012_s1-m84081_240728_051033_s2.flnc.bam,lymph,WUST,flnc-2.bam,EA114327,EA114375,m84081_240728_071012_s1,m84081_240728_051033_s2,bc02,102-739-100,102-118-800,102-202-200,5,PACBIO,REVIO,HPRC_Kinnex_Pool_19,BioSample_2,r84081_20240726_191017,8.0.0,1.0.0,2.2.0,2.9.0,4.1.1,P1,C1,HPRC_Kinnex_Pool19,bc02,HPRC_Kinnex_Pool_19_bc02,HG00321,HG00321.lymph.m84081_240728_071012_s1-m84081_240728_051033_s2.flnc.bam,0.172274,1,20295363,TRUE
s3://human-pangenomics/working/HPRC/HG00323/raw_data/PacBio_Kinnex/HG00323.lymph.m84081_240726_211757_s1-m84081_240726_191837_s2.flnc.bam,lymph,WUST,flnc-3.bam,EA114360,EA114391,m84081_240726_211757_s1,m84081_240726_191837_s2,bc07,102-739-100,102-118-800,102-202-200,5,PACBIO,REVIO,HPRC_Kinnex_Pool_14,BioSample_3,r84081_20240726_191017,8.0.0,1.0.0,2.2.0,2.9.0,4.1.1,P1,C1,HPRC_Kinnex_Pool14,bc07,HPRC_Kinnex_Pool_14_bc07,HG00323,HG00323.lymph.m84081_240726_211757_s1-m84081_240726_191837_s2.flnc.bam,0.166905,1,12099649,TRUE
s3://human-pangenomics/working/HPRC/HG00408/raw_data/PacBio_Kinnex/HG00408.lymph.m84081_240719_183458_s2-m84081_240719_203427_s1.flnc.bam,lymph,WUST,flnc-2.bam,EA114529,EA114556,m84081_240719_183458_s2,m84081_240719_203427_s1,bc02,102-739-100,102-118-800,102-202-200,5,PACBIO,REVIO,HPRC_Kinnex_Pool_9,BioSample_2,r84081_20240719_182620,8.0.0,1.0.0,2.2.0,2.9.0,4.1.1,P1,C1,HPRC_Kinnex_Pool9,bc02,HPRC_Kinnex_Pool_9_bc02,HG00408,HG00408.lymph.m84081_240719_183458_s2-m84081_240719_203427_s1.flnc.bam,0.148935,1,21778143,TRUE
s3://human-pangenomics/working/HPRC/HG00544/raw_data/PacBio_Kinnex/HG00544.lymph.m84081_240712_233953_s3-m84081_240714_053249_s2.flnc.bam,lymph,WUST,flnc-1.bam,EA114536,EA114543,m84081_240712_233953_s3,m84081_240714_053249_s2,bc01,102-739-100,102-118-800,102-202-200,5,PACBIO,REVIO,HPRC_Kinnex_Pool_3,BioSample_1,r84081_20240712_193207,8.0.0,1.0.0,2.2.0,2.9.0,4.1.1,P1,C1,HPRC_Kinnex_Pool3,bc01,HPRC_Kinnex_Pool_3_bc01,HG00544,HG00544.lymph.m84081_240712_233953_s3-m84081_240714_053249_s2.flnc.bam,0.1401,1,16109300,TRUE
s3://human-pangenomics/working/HPRC/HG00558/raw_data/PacBio_Kinnex/HG00558.lymph.m84081_240721_062628_s1-m84081_240721_042704_s2.flnc.bam,lymph,WUST,flnc-7.bam,EA114581,EA114553,m84081_240721_062628_s1,m84081_240721_042704_s2,bc11,102-739-100,102-118-800,102-202-200,5,PACBIO,REVIO,HPRC_Kinnex_Pool_11,BioSample_7,r84081_20240719_182620,8.0.0,1.0.0,2.2.0,2.9.0,4.1.1,P1,C1,HPRC_Kinnex_Pool11,bc11,HPRC_Kinnex_Pool_11_bc11,HG00558,HG00558.lymph.m84081_240721_062628_s1-m84081_240721_042704_s2.flnc.bam,0.150622,1,12646912,TRUE
s3://human-pangenomics/working/HPRC/HG00597/raw_data/PacBio_Kinnex/HG00597.lymph.m84081_240715_195907_s2-m84081_240715_215836_s1.flnc.bam,lymph,WUST,flnc-1.bam,EA114531,EA114570,m84081_240715_195907_s2,m84081_240715_215836_s1,bc01,102-739-100,102-118-800,102-202-200,5,PACBIO,REVIO,HPRC_Kinnex_Pool_6,BioSample_1,r84081_20240715_195526,8.0.0,1.0.0,2.2.0,2.9.0,4.1.1,P1,C1,HPRC_Kinnex_Pool6,bc01,HPRC_Kinnex_Pool_6_bc01,HG00597,HG00597.lymph.m84081_240715_195907_s2-m84081_240715_215836_s1.flnc.bam,0.153118,1,20552427,TRUE
s3://human-pangenomics/working/HPRC/HG00609/raw_data/PacBio_Kinnex/HG00609.lymph.m84081_240715_195907_s2-m84081_240715_215836_s1.flnc.bam,lymph,WUST,flnc-2.bam,EA114531,EA114570,m84081_240715_195907_s2,m84081_240715_215836_s1,bc02,102-739-100,102-118-800,102-202-200,5,PACBIO,REVIO,HPRC_Kinnex_Pool_6,BioSample_2,r84081_20240715_195526,8.0.0,1.0.0,2.2.0,2.9.0,4.1.1,P1,C1,HPRC_Kinnex_Pool6,bc02,HPRC_Kinnex_Pool_6_bc02,HG00609,HG00609.lymph.m84081_240715_195907_s2-m84081_240715_215836_s1.flnc.bam,0.142924,1,22317518,TRUE
s3://human-pangenomics/working/HPRC/HG00639/raw_data/PacBio_Kinnex/HG00639.lymph.m84081_240719_223349_s3-m84081_240720_003316_s4.flnc.bam,lymph,WUST,flnc-1.bam,EA114566,EA114576,m84081_240719_223349_s3,m84081_240720_003316_s4,bc01,102-739-100,102-118-800,102-202-200,5,PACBIO,REVIO,HPRC_Kinnex_Pool_10,BioSample_1,r84081_20240719_182620,8.0.0,1.0.0,2.2.0,2.9.0,4.1.1,P1,C1,HPRC_Kinnex_Pool10,bc01,HPRC_Kinnex_Pool_10_bc01,HG00639,HG00639.lymph.m84081_240719_223349_s3-m84081_240720_003316_s4.flnc.bam,0.169262,1,18042426,TRUE
s3://human-pangenomics/working/HPRC/HG00642/raw_data/PacBio_Kinnex/HG00642.lymph.m84081_240712_233953_s3-m84081_240714_053249_s2.flnc.bam,lymph,WUST,flnc-2.bam,EA114536,EA114543,m84081_240712_233953_s3,m84081_240714_053249_s2,bc02,102-739-100,102-118-800,102-202-200,5,PACBIO,REVIO,HPRC_Kinnex_Pool_3,BioSample_2,r84081_20240712_193207,8.0.0,1.0.0,2.2.0,2.9.0,4.1.1,P1,C1,HPRC_Kinnex_Pool3,bc02,HPRC_Kinnex_Pool_3_bc02,HG00642,HG00642.lymph.m84081_240712_233953_s3-m84081_240714_053249_s2.flnc.bam,0.173299,1,22234824,TRUE
s3://human-pangenomics/working/HPRC/HG00658/raw_data/PacBio_Kinnex/HG00658.lymph.m84081_240721_062628_s1-m84081_240721_042704_s2.flnc.bam,lymph,WUST,flnc-4.bam,EA114581,EA114553,m84081_240721_062628_s1,m84081_240721_042704_s2,bc08,102-739-100,102-118-800,102-202-200,5,PACBIO,REVIO,HPRC_Kinnex_Pool_11,BioSample_4,r84081_20240719_182620,8.0.0,1.0.0,2.2.0,2.9.0,4.1.1,P1,C1,HPRC_Kinnex_Pool11,bc08,HPRC_Kinnex_Pool_11_bc08,HG00658,HG00658.lymph.m84081_240721_062628_s1-m84081_240721_042704_s2.flnc.bam,0.1554,1,17537411,TRUE
s3://human-pangenomics/working/HPRC/HG00706/raw_data/PacBio_Kinnex/HG00706.lymph.m84081_240712_233953_s3-m84081_240714_053249_s2.flnc.bam,lymph,WUST,flnc-3.bam,EA114536,EA114543,m84081_240712_233953_s3,m84081_240714_053249_s2,bc03,102-739-100,102-118-800,102-202-200,5,PACBIO,REVIO,HPRC_Kinnex_Pool_3,BioSample_3,r84081_20240712_193207,8.0.0,1.0.0,2.2.0,2.9.0,4.1.1,P1,C1,HPRC_Kinnex_Pool3,bc03,HPRC_Kinnex_Pool_3_bc03,HG00706,HG00706.lymph.m84081_240712_233953_s3-m84081_240714_053249_s2.flnc.bam,0.144322,1,18556044,TRUE
s3://human-pangenomics/working/HPRC/HG00738/raw_data/PacBio_Kinnex/HG00738.lymph.m84081_240712_233953_s3-m84081_240714_053249_s2.flnc.bam,lymph,WUST,flnc-4.bam,EA114536,EA114543,m84081_240712_233953_s3,m84081_240714_053249_s2,bc04,102-739-100,102-118-800,102-202-200,5,PACBIO,REVIO,HPRC_Kinnex_Pool_3,BioSample_4,r84081_20240712_193207,8.0.0,1.0.0,2.2.0,2.9.0,4.1.1,P1,C1,HPRC_Kinnex_Pool3,bc04,HPRC_Kinnex_Pool_3_bc04,HG00738,HG00738.lymph.m84081_240712_233953_s3-m84081_240714_053249_s2.flnc.bam,0.177031,1,12066735,TRUE
s3://human-pangenomics/working/HPRC/HG00867/raw_data/PacBio_Kinnex/HG00867.lymph.m84081_240724_105227_s4-m84081_240724_085257_s3.flnc.bam,lymph,WUST,flnc-2.bam,EA114579,EA114549,m84081_240724_105227_s4,m84081_240724_085257_s3,bc06,102-739-100,102-118-800,102-202-200,5,PACBIO,REVIO,HPRC_Kinnex_Pool_17,BioSample_2,r84081_20240722_185825,8.0.0,1.0.0,2.2.0,2.9.0,4.1.1,P1,C1,HPRC_Kinnex_Pool17,bc06,HPRC_Kinnex_Pool_17_bc06,HG00867,HG00867.lymph.m84081_240724_105227_s4-m84081_240724_085257_s3.flnc.bam,0.16694,1,18459801,TRUE
s3://human-pangenomics/working/HPRC/HG01074/raw_data/PacBio_Kinnex/HG01074.lymph.m84081_240719_223349_s3-m84081_240720_003316_s4.flnc.bam,lymph,WUST,flnc-7.bam,EA114566,EA114576,m84081_240719_223349_s3,m84081_240720_003316_s4,bc11,102-739-100,102-118-800,102-202-200,5,PACBIO,REVIO,HPRC_Kinnex_Pool_10,BioSample_7,r84081_20240719_182620,8.0.0,1.0.0,2.2.0,2.9.0,4.1.1,P1,C1,HPRC_Kinnex_Pool10,bc11,HPRC_Kinnex_Pool_10_bc11,HG01074,HG01074.lymph.m84081_240719_223349_s3-m84081_240720_003316_s4.flnc.bam,0.177329,1,11352094,TRUE
s3://human-pangenomics/working/HPRC/HG01081/raw_data/PacBio_Kinnex/HG01081.lymph.m84081_240719_223349_s3-m84081_240720_003316_s4.flnc.bam,lymph,WUST,flnc-2.bam,EA114566,EA114576,m84081_240719_223349_s3,m84081_240720_003316_s4,bc02,102-739-100,102-118-800,102-202-200,5,PACBIO,REVIO,HPRC_Kinnex_Pool_10,BioSample_2,r84081_20240719_182620,8.0.0,1.0.0,2.2.0,2.9.0,4.1.1,P1,C1,HPRC_Kinnex_Pool10,bc02,HPRC_Kinnex_Pool_10_bc02,HG01081,HG01081.lymph.m84081_240719_223349_s3-m84081_240720_003316_s4.flnc.bam,0.178306,1,18138156,TRUE
s3://human-pangenomics/working/HPRC/HG01099/raw_data/PacBio_Kinnex/HG01099.lymph.m84081_240715_195907_s2-m84081_240715_215836_s1.flnc.bam,lymph,WUST,flnc-3.bam,EA114531,EA114570,m84081_240715_195907_s2,m84081_240715_215836_s1,bc03,102-739-100,102-118-800,102-202-200,5,PACBIO,REVIO,HPRC_Kinnex_Pool_6,BioSample_3,r84081_20240715_195526,8.0.0,1.0.0,2.2.0,2.9.0,4.1.1,P1,C1,HPRC_Kinnex_Pool6,bc03,HPRC_Kinnex_Pool_6_bc03,HG01099,HG01099.lymph.m84081_240715_195907_s2-m84081_240715_215836_s1.flnc.bam,0.172214,1,13316490,TRUE
s3://human-pangenomics/working/HPRC/HG01150/raw_data/PacBio_Kinnex/HG01150.lymph.m84081_240721_062628_s1-m84081_240721_042704_s2.flnc.bam,lymph,WUST,flnc-5.bam,EA114581,EA114553,m84081_240721_062628_s1,m84081_240721_042704_s2,bc09,102-739-100,102-118-800,102-202-200,5,PACBIO,REVIO,HPRC_Kinnex_Pool_11,BioSample_5,r84081_20240719_182620,8.0.0,1.0.0,2.2.0,2.9.0,4.1.1,P1,C1,HPRC_Kinnex_Pool11,bc09,HPRC_Kinnex_Pool_11_bc09,HG01150,HG01150.lymph.m84081_240721_062628_s1-m84081_240721_042704_s2.flnc.bam,0.186822,1,16993721,TRUE
s3://human-pangenomics/working/HPRC/HG01192/raw_data/PacBio_Kinnex/HG01192.lymph.m84081_240719_183458_s2-m84081_240719_203427_s1.flnc.bam,lymph,WUST,flnc-7.bam,EA114529,EA114556,m84081_240719_183458_s2,m84081_240719_203427_s1,bc07,102-739-100,102-118-800,102-202-200,5,PACBIO,REVIO,HPRC_Kinnex_Pool_9,BioSample_7,r84081_20240719_182620,8.0.0,1.0.0,2.2.0,2.9.0,4.1.1,P1,C1,HPRC_Kinnex_Pool9,bc07,HPRC_Kinnex_Pool_9_bc07,HG01192,HG01192.lymph.m84081_240719_183458_s2-m84081_240719_203427_s1.flnc.bam,0.165745,1,15775380,TRUE
s3://human-pangenomics/working/HPRC/HG01252/raw_data/PacBio_Kinnex/HG01252.lymph.m84081_240721_062628_s1-m84081_240721_042704_s2.flnc.bam,lymph,WUST,flnc-8.bam,EA114581,EA114553,m84081_240721_062628_s1,m84081_240721_042704_s2,bc12,102-739-100,102-118-800,102-202-200,5,PACBIO,REVIO,HPRC_Kinnex_Pool_11,BioSample_8,r84081_20240719_182620,8.0.0,1.0.0,2.2.0,2.9.0,4.1.1,P1,C1,HPRC_Kinnex_Pool11,bc12,HPRC_Kinnex_Pool_11_bc12,HG01252,HG01252.lymph.m84081_240721_062628_s1-m84081_240721_042704_s2.flnc.bam,0.154644,1,16171830,TRUE
s3://human-pangenomics/working/HPRC/HG01255/raw_data/PacBio_Kinnex/HG01255.lymph.m84081_240712_233953_s3-m84081_240714_053249_s2.flnc.bam,lymph,WUST,flnc-5.bam,EA114536,EA114543,m84081_240712_233953_s3,m84081_240714_053249_s2,bc05,102-739-100,102-118-800,102-202-200,5,PACBIO,REVIO,HPRC_Kinnex_Pool_3,BioSample_5,r84081_20240712_193207,8.0.0,1.0.0,2.2.0,2.9.0,4.1.1,P1,C1,HPRC_Kinnex_Pool3,bc05,HPRC_Kinnex_Pool_3_bc05,HG01255,HG01255.lymph.m84081_240712_233953_s3-m84081_240714_053249_s2.flnc.bam,0.162336,1,15967591,TRUE
s3://human-pangenomics/working/HPRC/HG01258/raw_data/PacBio_Kinnex/HG01258.lymph.m84081_240712_194046_s2-m84081_240717_095021_s3.flnc.bam,lymph,WUST,flnc-6.bam,EA114523,EA114564,m84081_240712_194046_s2,m84081_240717_095021_s3,bc10,102-739-100,102-118-800,102-202-200,5,PACBIO,REVIO,HPRC_Kinnex_Pool_1,BioSample_6,r84081_20240712_193207,8.0.0,1.0.0,2.2.0,2.9.0,4.1.1,P1,C1,HPRC_Kinnex_Pool1,bc10,HPRC_Kinnex_Pool_1_bc10,HG01258,HG01258.lymph.m84081_240712_194046_s2-m84081_240717_095021_s3.flnc.bam,0.160436,1,17467823,TRUE
s3://human-pangenomics/working/HPRC/HG01261/raw_data/PacBio_Kinnex/HG01261.lymph.m84081_240715_195907_s2-m84081_240715_215836_s1.flnc.bam,lymph,WUST,flnc-4.bam,EA114531,EA114570,m84081_240715_195907_s2,m84081_240715_215836_s1,bc04,102-739-100,102-118-800,102-202-200,5,PACBIO,REVIO,HPRC_Kinnex_Pool_6,BioSample_4,r84081_20240715_195526,8.0.0,1.0.0,2.2.0,2.9.0,4.1.1,P1,C1,HPRC_Kinnex_Pool6,bc04,HPRC_Kinnex_Pool_6_bc04,HG01261,HG01261.lymph.m84081_240715_195907_s2-m84081_240715_215836_s1.flnc.bam,0.172258,1,16569458,TRUE
s3://human-pangenomics/working/HPRC/HG01346/raw_data/PacBio_Kinnex/HG01346.lymph.m84081_240712_233953_s3-m84081_240714_053249_s2.flnc.bam,lymph,WUST,flnc-6.bam,EA114536,EA114543,m84081_240712_233953_s3,m84081_240714_053249_s2,bc06,102-739-100,102-118-800,102-202-200,5,PACBIO,REVIO,HPRC_Kinnex_Pool_3,BioSample_6,r84081_20240712_193207,8.0.0,1.0.0,2.2.0,2.9.0,4.1.1,P1,C1,HPRC_Kinnex_Pool3,bc06,HPRC_Kinnex_Pool_3_bc06,HG01346,HG01346.lymph.m84081_240712_233953_s3-m84081_240714_053249_s2.flnc.bam,0.15328,1,20299109,TRUE
s3://human-pangenomics/working/HPRC/HG01358/raw_data/PacBio_Kinnex/HG01358.lymph.m84081_240712_194046_s2-m84081_240717_095021_s3.flnc.bam,lymph,WUST,flnc-7.bam,EA114523,EA114564,m84081_240712_194046_s2,m84081_240717_095021_s3,bc11,102-739-100,102-118-800,102-202-200,5,PACBIO,REVIO,HPRC_Kinnex_Pool_1,BioSample_7,r84081_20240712_193207,8.0.0,1.0.0,2.2.0,2.9.0,4.1.1,P1,C1,HPRC_Kinnex_Pool1,bc11,HPRC_Kinnex_Pool_1_bc11,HG01358,HG01358.lymph.m84081_240712_194046_s2-m84081_240717_095021_s3.flnc.bam,0.159002,1,15130112,TRUE
s3://human-pangenomics/working/HPRC/HG01361/raw_data/PacBio_Kinnex/HG01361.lymph.m84081_240712_194046_s2-m84081_240717_095021_s3.flnc.bam,lymph,WUST,flnc-8.bam,EA114523,EA114564,m84081_240712_194046_s2,m84081_240717_095021_s3,bc12,102-739-100,102-118-800,102-202-200,5,PACBIO,REVIO,HPRC_Kinnex_Pool_1,BioSample_8,r84081_20240712_193207,8.0.0,1.0.0,2.2.0,2.9.0,4.1.1,P1,C1,HPRC_Kinnex_Pool1,bc12,HPRC_Kinnex_Pool_1_bc12,HG01361,HG01361.lymph.m84081_240712_194046_s2-m84081_240717_095021_s3.flnc.bam,0.166086,1,16959564,TRUE
s3://human-pangenomics/working/HPRC/HG01433/raw_data/PacBio_Kinnex/HG01433.lymph.m84081_240715_195907_s2-m84081_240715_215836_s1.flnc.bam,lymph,WUST,flnc-5.bam,EA114531,EA114570,m84081_240715_195907_s2,m84081_240715_215836_s1,bc05,102-739-100,102-118-800,102-202-200,5,PACBIO,REVIO,HPRC_Kinnex_Pool_6,BioSample_5,r84081_20240715_195526,8.0.0,1.0.0,2.2.0,2.9.0,4.1.1,P1,C1,HPRC_Kinnex_Pool6,bc05,HPRC_Kinnex_Pool_6_bc05,HG01433,HG01433.lymph.m84081_240715_195907_s2-m84081_240715_215836_s1.flnc.bam,0.155898,1,19428777,TRUE
s3://human-pangenomics/working/HPRC/HG01496/raw_data/PacBio_Kinnex/HG01496.lymph.m84081_240715_195907_s2-m84081_240715_215836_s1.flnc.bam,lymph,WUST,flnc-6.bam,EA114531,EA114570,m84081_240715_195907_s2,m84081_240715_215836_s1,bc06,102-739-100,102-118-800,102-202-200,5,PACBIO,REVIO,HPRC_Kinnex_Pool_6,BioSample_6,r84081_20240715_195526,8.0.0,1.0.0,2.2.0,2.9.0,4.1.1,P1,C1,HPRC_Kinnex_Pool6,bc06,HPRC_Kinnex_Pool_6_bc06,HG01496,HG01496.lymph.m84081_240715_195907_s2-m84081_240715_215836_s1.flnc.bam,0.159418,1,18989268,TRUE
s3://human-pangenomics/working/HPRC/HG01530/raw_data/PacBio_Kinnex/HG01530.lymph.m84081_240724_065335_s1-m84081_240724_045406_s2.flnc.bam,lymph,WUST,flnc-7.bam,EA114534,EA114533,m84081_240724_065335_s1,m84081_240724_045406_s2,bc11,102-739-100,102-118-800,102-202-200,5,PACBIO,REVIO,HPRC_Kinnex_Pool_16,BioSample_7,r84081_20240722_185825,8.0.0,1.0.0,2.2.0,2.9.0,4.1.1,P1,C1,HPRC_Kinnex_Pool16,bc11,HPRC_Kinnex_Pool_16_bc11,HG01530,HG01530.lymph.m84081_240724_065335_s1-m84081_240724_045406_s2.flnc.bam,0.164869,1,18941197,TRUE
s3://human-pangenomics/working/HPRC/HG01784/raw_data/PacBio_Kinnex/HG01784.lymph.m84081_240724_065335_s1-m84081_240724_045406_s2.flnc.bam,lymph,WUST,flnc-8.bam,EA114534,EA114533,m84081_240724_065335_s1,m84081_240724_045406_s2,bc12,102-739-100,102-118-800,102-202-200,5,PACBIO,REVIO,HPRC_Kinnex_Pool_16,BioSample_8,r84081_20240722_185825,8.0.0,1.0.0,2.2.0,2.9.0,4.1.1,P1,C1,HPRC_Kinnex_Pool16,bc12,HPRC_Kinnex_Pool_16_bc12,HG01784,HG01784.lymph.m84081_240724_065335_s1-m84081_240724_045406_s2.flnc.bam,0.157203,1,21049068,TRUE
s3://human-pangenomics/working/HPRC/HG01786/raw_data/PacBio_Kinnex/HG01786.lymph.m84081_240728_071012_s1-m84081_240728_051033_s2.flnc.bam,lymph,WUST,flnc-7.bam,EA114327,EA114375,m84081_240728_071012_s1,m84081_240728_051033_s2,bc11,102-739-100,102-118-800,102-202-200,5,PACBIO,REVIO,HPRC_Kinnex_Pool_19,BioSample_7,r84081_20240726_191017,8.0.0,1.0.0,2.2.0,2.9.0,4.1.1,P1,C1,HPRC_Kinnex_Pool19,bc11,HPRC_Kinnex_Pool_19_bc11,HG01786,HG01786.lymph.m84081_240728_071012_s1-m84081_240728_051033_s2.flnc.bam,0.165338,1,16075474,TRUE
s3://human-pangenomics/working/HPRC/HG01884/raw_data/PacBio_Kinnex/HG01884.lymph.m84081_240715_195907_s2-m84081_240715_215836_s1.flnc.bam,lymph,WUST,flnc-7.bam,EA114531,EA114570,m84081_240715_195907_s2,m84081_240715_215836_s1,bc07,102-739-100,102-118-800,102-202-200,5,PACBIO,REVIO,HPRC_Kinnex_Pool_6,BioSample_7,r84081_20240715_195526,8.0.0,1.0.0,2.2.0,2.9.0,4.1.1,P1,C1,HPRC_Kinnex_Pool6,bc07,HPRC_Kinnex_Pool_6_bc07,HG01884,HG01884.lymph.m84081_240715_195907_s2-m84081_240715_215836_s1.flnc.bam,0.16478,1,17230581,TRUE
s3://human-pangenomics/working/HPRC/HG01891/raw_data/PacBio_Kinnex/HG01891.lymph.m84081_240712_194046_s2-m84081_240717_095021_s3.flnc.bam,lymph,WUST,flnc-1.bam,EA114523,EA114564,m84081_240712_194046_s2,m84081_240717_095021_s3,bc05,102-739-100,102-118-800,102-202-200,5,PACBIO,REVIO,HPRC_Kinnex_Pool_1,BioSample_1,r84081_20240712_193207,8.0.0,1.0.0,2.2.0,2.9.0,4.1.1,P1,C1,HPRC_Kinnex_Pool1,bc05,HPRC_Kinnex_Pool_1_bc05,HG01891,HG01891.lymph.m84081_240712_194046_s2-m84081_240717_095021_s3.flnc.bam,0.155427,1,18896124,TRUE
s3://human-pangenomics/working/HPRC/HG01934/raw_data/PacBio_Kinnex/HG01934.lymph.m84081_240715_195907_s2-m84081_240715_215836_s1.flnc.bam,lymph,WUST,flnc-8.bam,EA114531,EA114570,m84081_240715_195907_s2,m84081_240715_215836_s1,bc08,102-739-100,102-118-800,102-202-200,5,PACBIO,REVIO,HPRC_Kinnex_Pool_6,BioSample_8,r84081_20240715_195526,8.0.0,1.0.0,2.2.0,2.9.0,4.1.1,P1,C1,HPRC_Kinnex_Pool6,bc08,HPRC_Kinnex_Pool_6_bc08,HG01934,HG01934.lymph.m84081_240715_195907_s2-m84081_240715_215836_s1.flnc.bam,0.155479,1,19800834,TRUE
s3://human-pangenomics/working/HPRC/HG01940/raw_data/PacBio_Kinnex/HG01940.lymph.m84081_240721_062628_s1-m84081_240721_042704_s2.flnc.bam,lymph,WUST,flnc-2.bam,EA114581,EA114553,m84081_240721_062628_s1,m84081_240721_042704_s2,bc06,102-739-100,102-118-800,102-202-200,5,PACBIO,REVIO,HPRC_Kinnex_Pool_11,BioSample_2,r84081_20240719_182620,8.0.0,1.0.0,2.2.0,2.9.0,4.1.1,P1,C1,HPRC_Kinnex_Pool11,bc06,HPRC_Kinnex_Pool_11_bc06,HG01940,HG01940.lymph.m84081_240721_062628_s1-m84081_240721_042704_s2.flnc.bam,0.141536,1,22363243,TRUE
s3://human-pangenomics/working/HPRC/HG01943/raw_data/PacBio_Kinnex/HG01943.lymph.m84081_240715_235807_s3-m84081_240716_015737_s4.flnc.bam,lymph,WUST,flnc-5.bam,EA114524,EA114575,m84081_240715_235807_s3,m84081_240716_015737_s4,bc09,102-739-100,102-118-800,102-202-200,5,PACBIO,REVIO,HPRC_Kinnex_Pool_7,BioSample_5,r84081_20240715_195526,8.0.0,1.0.0,2.2.0,2.9.0,4.1.1,P1,C1,HPRC_Kinnex_Pool7,bc09,HPRC_Kinnex_Pool_7_bc09,HG01943,HG01943.lymph.m84081_240715_235807_s3-m84081_240716_015737_s4.flnc.bam,0.153421,1,19708108,TRUE
s3://human-pangenomics/working/HPRC/HG01960/raw_data/PacBio_Kinnex/HG01960.lymph.m84081_240719_183458_s2-m84081_240719_203427_s1.flnc.bam,lymph,WUST,flnc-3.bam,EA114529,EA114556,m84081_240719_183458_s2,m84081_240719_203427_s1,bc03,102-739-100,102-118-800,102-202-200,5,PACBIO,REVIO,HPRC_Kinnex_Pool_9,BioSample_3,r84081_20240719_182620,8.0.0,1.0.0,2.2.0,2.9.0,4.1.1,P1,C1,HPRC_Kinnex_Pool9,bc03,HPRC_Kinnex_Pool_9_bc03,HG01960,HG01960.lymph.m84081_240719_183458_s2-m84081_240719_203427_s1.flnc.bam,0.174559,1,14552038,TRUE
s3://human-pangenomics/working/HPRC/HG01969/raw_data/PacBio_Kinnex/HG01969.lymph.m84081_240721_062628_s1-m84081_240721_042704_s2.flnc.bam,lymph,WUST,flnc-6.bam,EA114581,EA114553,m84081_240721_062628_s1,m84081_240721_042704_s2,bc10,102-739-100,102-118-800,102-202-200,5,PACBIO,REVIO,HPRC_Kinnex_Pool_11,BioSample_6,r84081_20240719_182620,8.0.0,1.0.0,2.2.0,2.9.0,4.1.1,P1,C1,HPRC_Kinnex_Pool11,bc10,HPRC_Kinnex_Pool_11_bc10,HG01969,HG01969.lymph.m84081_240721_062628_s1-m84081_240721_042704_s2.flnc.bam,0.167561,1,12005365,TRUE
s3://human-pangenomics/working/HPRC/HG01975/raw_data/PacBio_Kinnex/HG01975.lymph.m84081_240719_183458_s2-m84081_240719_203427_s1.flnc.bam,lymph,WUST,flnc-1.bam,EA114529,EA114556,m84081_240719_183458_s2,m84081_240719_203427_s1,bc01,102-739-100,102-118-800,102-202-200,5,PACBIO,REVIO,HPRC_Kinnex_Pool_9,BioSample_1,r84081_20240719_182620,8.0.0,1.0.0,2.2.0,2.9.0,4.1.1,P1,C1,HPRC_Kinnex_Pool9,bc01,HPRC_Kinnex_Pool_9_bc01,HG01975,HG01975.lymph.m84081_240719_183458_s2-m84081_240719_203427_s1.flnc.bam,0.143189,1,19380665,TRUE
s3://human-pangenomics/working/HPRC/HG01981/raw_data/PacBio_Kinnex/HG01981.lymph.m84081_240715_235807_s3-m84081_240716_015737_s4.flnc.bam,lymph,WUST,flnc-6.bam,EA114524,EA114575,m84081_240715_235807_s3,m84081_240716_015737_s4,bc10,102-739-100,102-118-800,102-202-200,5,PACBIO,REVIO,HPRC_Kinnex_Pool_7,BioSample_6,r84081_20240715_195526,8.0.0,1.0.0,2.2.0,2.9.0,4.1.1,P1,C1,HPRC_Kinnex_Pool7,bc10,HPRC_Kinnex_Pool_7_bc10,HG01981,HG01981.lymph.m84081_240715_235807_s3-m84081_240716_015737_s4.flnc.bam,0.166944,1,21593908,TRUE
s3://human-pangenomics/working/HPRC/HG01993/raw_data/PacBio_Kinnex/HG01993.lymph.m84081_240715_235807_s3-m84081_240716_015737_s4.flnc.bam,lymph,WUST,flnc-7.bam,EA114524,EA114575,m84081_240715_235807_s3,m84081_240716_015737_s4,bc11,102-739-100,102-118-800,102-202-200,5,PACBIO,REVIO,HPRC_Kinnex_Pool_7,BioSample_7,r84081_20240715_195526,8.0.0,1.0.0,2.2.0,2.9.0,4.1.1,P1,C1,HPRC_Kinnex_Pool7,bc11,HPRC_Kinnex_Pool_7_bc11,HG01993,HG01993.lymph.m84081_240715_235807_s3-m84081_240716_015737_s4.flnc.bam,0.151037,1,16580497,TRUE
s3://human-pangenomics/working/HPRC/HG02004/raw_data/PacBio_Kinnex/HG02004.lymph.m84081_240715_235807_s3-m84081_240716_015737_s4.flnc.bam,lymph,WUST,flnc-8.bam,EA114524,EA114575,m84081_240715_235807_s3,m84081_240716_015737_s4,bc12,102-739-100,102-118-800,102-202-200,5,PACBIO,REVIO,HPRC_Kinnex_Pool_7,BioSample_8,r84081_20240715_195526,8.0.0,1.0.0,2.2.0,2.9.0,4.1.1,P1,C1,HPRC_Kinnex_Pool7,bc12,HPRC_Kinnex_Pool_7_bc12,HG02004,HG02004.lymph.m84081_240715_235807_s3-m84081_240716_015737_s4.flnc.bam,0.146583,1,16359794,TRUE
s3://human-pangenomics/working/HPRC/HG02015/raw_data/PacBio_Kinnex/HG02015.lymph.m84081_240715_235807_s3-m84081_240716_015737_s4.flnc.bam,lymph,WUST,flnc-1.bam,EA114524,EA114575,m84081_240715_235807_s3,m84081_240716_015737_s4,bc01,102-739-100,102-118-800,102-202-200,5,PACBIO,REVIO,HPRC_Kinnex_Pool_7,BioSample_1,r84081_20240715_195526,8.0.0,1.0.0,2.2.0,2.9.0,4.1.1,P1,C1,HPRC_Kinnex_Pool7,bc01,HPRC_Kinnex_Pool_7_bc01,HG02015,HG02015.lymph.m84081_240715_235807_s3-m84081_240716_015737_s4.flnc.bam,0.15307,1,17165724,TRUE
s3://human-pangenomics/working/HPRC/HG02040/raw_data/PacBio_Kinnex/HG02040.lymph.m84081_240726_211757_s1-m84081_240726_191837_s2.flnc.bam,lymph,WUST,flnc-7.bam,EA114360,EA114391,m84081_240726_211757_s1,m84081_240726_191837_s2,bc11,102-739-100,102-118-800,102-202-200,5,PACBIO,REVIO,HPRC_Kinnex_Pool_14,BioSample_7,r84081_20240726_191017,8.0.0,1.0.0,2.2.0,2.9.0,4.1.1,P1,C1,HPRC_Kinnex_Pool14,bc11,HPRC_Kinnex_Pool_14_bc11,HG02040,HG02040.lymph.m84081_240726_211757_s1-m84081_240726_191837_s2.flnc.bam,0.173373,1,22714843,TRUE
s3://human-pangenomics/working/HPRC/HG02056/raw_data/PacBio_Kinnex/HG02056.lymph.m84081_240719_183458_s2-m84081_240719_203427_s1.flnc.bam,lymph,WUST,flnc-6.bam,EA114529,EA114556,m84081_240719_183458_s2,m84081_240719_203427_s1,bc06,102-739-100,102-118-800,102-202-200,5,PACBIO,REVIO,HPRC_Kinnex_Pool_9,BioSample_6,r84081_20240719_182620,8.0.0,1.0.0,2.2.0,2.9.0,4.1.1,P1,C1,HPRC_Kinnex_Pool9,bc06,HPRC_Kinnex_Pool_9_bc06,HG02056,HG02056.lymph.m84081_240719_183458_s2-m84081_240719_203427_s1.flnc.bam,0.148101,1,17893845,TRUE
s3://human-pangenomics/working/HPRC/HG02129/raw_data/PacBio_Kinnex/HG02129.lymph.m84081_240719_223349_s3-m84081_240720_003316_s4.flnc.bam,lymph,WUST,flnc-6.bam,EA114566,EA114576,m84081_240719_223349_s3,m84081_240720_003316_s4,bc10,102-739-100,102-118-800,102-202-200,5,PACBIO,REVIO,HPRC_Kinnex_Pool_10,BioSample_6,r84081_20240719_182620,8.0.0,1.0.0,2.2.0,2.9.0,4.1.1,P1,C1,HPRC_Kinnex_Pool10,bc10,HPRC_Kinnex_Pool_10_bc10,HG02129,HG02129.lymph.m84081_240719_223349_s3-m84081_240720_003316_s4.flnc.bam,0.15665,1,21855729,TRUE
s3://human-pangenomics/working/HPRC/HG02155/raw_data/PacBio_Kinnex/HG02155.lymph.m84081_240722_210122_s1-m84081_240722_190156_s2.flnc.bam,lymph,WUST,flnc-4.bam,EA114537,EA114563,m84081_240722_210122_s1,m84081_240722_190156_s2,bc04,102-739-100,102-118-800,102-202-200,5,PACBIO,REVIO,HPRC_Kinnex_Pool_13,BioSample_4,r84081_20240722_185825,8.0.0,1.0.0,2.2.0,2.9.0,4.1.1,P1,C1,HPRC_Kinnex_Pool13,bc04,HPRC_Kinnex_Pool_13_bc04,HG02155,HG02155.lymph.m84081_240722_210122_s1-m84081_240722_190156_s2.flnc.bam,0.149345,1,31096825,TRUE
s3://human-pangenomics/working/HPRC/HG02165/raw_data/PacBio_Kinnex/HG02165.lymph.m84081_240726_211757_s1-m84081_240726_191837_s2.flnc.bam,lymph,WUST,flnc-5.bam,EA114360,EA114391,m84081_240726_211757_s1,m84081_240726_191837_s2,bc09,102-739-100,102-118-800,102-202-200,5,PACBIO,REVIO,HPRC_Kinnex_Pool_14,BioSample_5,r84081_20240726_191017,8.0.0,1.0.0,2.2.0,2.9.0,4.1.1,P1,C1,HPRC_Kinnex_Pool14,bc09,HPRC_Kinnex_Pool_14_bc09,HG02165,HG02165.lymph.m84081_240726_211757_s1-m84081_240726_191837_s2.flnc.bam,0.168903,1,14542468,TRUE
s3://human-pangenomics/working/HPRC/HG02178/raw_data/PacBio_Kinnex/HG02178.lymph.m84081_240724_105227_s4-m84081_240724_085257_s3.flnc.bam,lymph,WUST,flnc-3.bam,EA114579,EA114549,m84081_240724_105227_s4,m84081_240724_085257_s3,bc07,102-739-100,102-118-800,102-202-200,5,PACBIO,REVIO,HPRC_Kinnex_Pool_17,BioSample_3,r84081_20240722_185825,8.0.0,1.0.0,2.2.0,2.9.0,4.1.1,P1,C1,HPRC_Kinnex_Pool17,bc07,HPRC_Kinnex_Pool_17_bc07,HG02178,HG02178.lymph.m84081_240724_105227_s4-m84081_240724_085257_s3.flnc.bam,0.151244,1,16132486,TRUE
s3://human-pangenomics/working/HPRC/HG02257/raw_data/PacBio_Kinnex/HG02257.lymph.m84081_240712_194046_s2-m84081_240717_095021_s3.flnc.bam,lymph,WUST,flnc-2.bam,EA114523,EA114564,m84081_240712_194046_s2,m84081_240717_095021_s3,bc06,102-739-100,102-118-800,102-202-200,5,PACBIO,REVIO,HPRC_Kinnex_Pool_1,BioSample_2,r84081_20240712_193207,8.0.0,1.0.0,2.2.0,2.9.0,4.1.1,P1,C1,HPRC_Kinnex_Pool1,bc06,HPRC_Kinnex_Pool_1_bc06,HG02257,HG02257.lymph.m84081_240712_194046_s2-m84081_240717_095021_s3.flnc.bam,0.152613,1,21773351,TRUE
s3://human-pangenomics/working/HPRC/HG02258/raw_data/PacBio_Kinnex/HG02258.lymph.m84081_240719_223349_s3-m84081_240720_003316_s4.flnc.bam,lymph,WUST,flnc-5.bam,EA114566,EA114576,m84081_240719_223349_s3,m84081_240720_003316_s4,bc09,102-739-100,102-118-800,102-202-200,5,PACBIO,REVIO,HPRC_Kinnex_Pool_10,BioSample_5,r84081_20240719_182620,8.0.0,1.0.0,2.2.0,2.9.0,4.1.1,P1,C1,HPRC_Kinnex_Pool10,bc09,HPRC_Kinnex_Pool_10_bc09,HG02258,HG02258.lymph.m84081_240719_223349_s3-m84081_240720_003316_s4.flnc.bam,0.139315,1,21017749,TRUE
s3://human-pangenomics/working/HPRC/HG02273/raw_data/PacBio_Kinnex/HG02273.lymph.m84081_240721_102523_s4-m84081_240721_082556_s3.flnc.bam,lymph,WUST,flnc-1.bam,EA114544,EA114558,m84081_240721_102523_s4,m84081_240721_082556_s3,bc01,102-739-100,102-118-800,102-202-200,5,PACBIO,REVIO,HPRC_Kinnex_Pool_12,BioSample_1,r84081_20240719_182620,8.0.0,1.0.0,2.2.0,2.9.0,4.1.1,P1,C1,HPRC_Kinnex_Pool12,bc01,HPRC_Kinnex_Pool_12_bc01,HG02273,HG02273.lymph.m84081_240721_102523_s4-m84081_240721_082556_s3.flnc.bam,0.150835,1,27501145,TRUE
s3://human-pangenomics/working/HPRC/HG02280/raw_data/PacBio_Kinnex/HG02280.lymph.m84081_240715_235807_s3-m84081_240716_015737_s4.flnc.bam,lymph,WUST,flnc-2.bam,EA114524,EA114575,m84081_240715_235807_s3,m84081_240716_015737_s4,bc02,102-739-100,102-118-800,102-202-200,5,PACBIO,REVIO,HPRC_Kinnex_Pool_7,BioSample_2,r84081_20240715_195526,8.0.0,1.0.0,2.2.0,2.9.0,4.1.1,P1,C1,HPRC_Kinnex_Pool7,bc02,HPRC_Kinnex_Pool_7_bc02,HG02280,HG02280.lymph.m84081_240715_235807_s3-m84081_240716_015737_s4.flnc.bam,0.168319,1,21286278,TRUE
s3://human-pangenomics/working/HPRC/HG02293/raw_data/PacBio_Kinnex/HG02293.lymph.m84081_240715_235807_s3-m84081_240716_015737_s4.flnc.bam,lymph,WUST,flnc-3.bam,EA114524,EA114575,m84081_240715_235807_s3,m84081_240716_015737_s4,bc03,102-739-100,102-118-800,102-202-200,5,PACBIO,REVIO,HPRC_Kinnex_Pool_7,BioSample_3,r84081_20240715_195526,8.0.0,1.0.0,2.2.0,2.9.0,4.1.1,P1,C1,HPRC_Kinnex_Pool7,bc03,HPRC_Kinnex_Pool_7_bc03,HG02293,HG02293.lymph.m84081_240715_235807_s3-m84081_240716_015737_s4.flnc.bam,0.149622,1,19494100,TRUE
s3://human-pangenomics/working/HPRC/HG02300/raw_data/PacBio_Kinnex/HG02300.lymph.m84081_240715_235807_s3-m84081_240716_015737_s4.flnc.bam,lymph,WUST,flnc-4.bam,EA114524,EA114575,m84081_240715_235807_s3,m84081_240716_015737_s4,bc04,102-739-100,102-118-800,102-202-200,5,PACBIO,REVIO,HPRC_Kinnex_Pool_7,BioSample_4,r84081_20240715_195526,8.0.0,1.0.0,2.2.0,2.9.0,4.1.1,P1,C1,HPRC_Kinnex_Pool7,bc04,HPRC_Kinnex_Pool_7_bc04,HG02300,HG02300.lymph.m84081_240715_235807_s3-m84081_240716_015737_s4.flnc.bam,0.154825,1,19252767,TRUE
s3://human-pangenomics/working/HPRC/HG02391/raw_data/PacBio_Kinnex/HG02391.lymph.m84081_240722_230051_s3-m84081_240723_010018_s4.flnc.bam,lymph,WUST,flnc-3.bam,EA114526,EA114567,m84081_240722_230051_s3,m84081_240723_010018_s4,bc03,102-739-100,102-118-800,102-202-200,5,PACBIO,REVIO,HPRC_Kinnex_Pool_15,BioSample_3,r84081_20240722_185825,8.0.0,1.0.0,2.2.0,2.9.0,4.1.1,P1,C1,HPRC_Kinnex_Pool15,bc03,HPRC_Kinnex_Pool_15_bc03,HG02391,HG02391.lymph.m84081_240722_230051_s3-m84081_240723_010018_s4.flnc.bam,0.14043,1,17830641,TRUE
s3://human-pangenomics/working/HPRC/HG02392/raw_data/PacBio_Kinnex/HG02392.lymph.m84081_240724_105227_s4-m84081_240724_085257_s3.flnc.bam,lymph,WUST,flnc-1.bam,EA114579,EA114549,m84081_240724_105227_s4,m84081_240724_085257_s3,bc05,102-739-100,102-118-800,102-202-200,5,PACBIO,REVIO,HPRC_Kinnex_Pool_17,BioSample_1,r84081_20240722_185825,8.0.0,1.0.0,2.2.0,2.9.0,4.1.1,P1,C1,HPRC_Kinnex_Pool17,bc05,HPRC_Kinnex_Pool_17_bc05,HG02392,HG02392.lymph.m84081_240724_105227_s4-m84081_240724_085257_s3.flnc.bam,0.143555,1,17381819,TRUE
s3://human-pangenomics/working/HPRC/HG02451/raw_data/PacBio_Kinnex/HG02451.lymph.m84081_240717_055117_s2-m84081_240717_075054_s1.flnc.bam,lymph,WUST,flnc-1.bam,EA114552,EA114569,m84081_240717_055117_s2,m84081_240717_075054_s1,bc05,102-739-100,102-118-800,102-202-200,5,PACBIO,REVIO,HPRC_Kinnex_Pool_8,BioSample_1,r84081_20240715_195526,8.0.0,1.0.0,2.2.0,2.9.0,4.1.1,P1,C1,HPRC_Kinnex_Pool8,bc05,HPRC_Kinnex_Pool_8_bc05,HG02451,HG02451.lymph.m84081_240717_055117_s2-m84081_240717_075054_s1.flnc.bam,0.157729,1,15407782,TRUE
s3://human-pangenomics/working/HPRC/HG02514/raw_data/PacBio_Kinnex/HG02514.lymph.m84081_240721_062628_s1-m84081_240721_042704_s2.flnc.bam,lymph,WUST,flnc-3.bam,EA114581,EA114553,m84081_240721_062628_s1,m84081_240721_042704_s2,bc07,102-739-100,102-118-800,102-202-200,5,PACBIO,REVIO,HPRC_Kinnex_Pool_11,BioSample_3,r84081_20240719_182620,8.0.0,1.0.0,2.2.0,2.9.0,4.1.1,P1,C1,HPRC_Kinnex_Pool11,bc07,HPRC_Kinnex_Pool_11_bc07,HG02514,HG02514.lymph.m84081_240721_062628_s1-m84081_240721_042704_s2.flnc.bam,0.167537,1,16405113,TRUE
s3://human-pangenomics/working/HPRC/HG02572/raw_data/PacBio_Kinnex/HG02572.lymph.m84081_240703_203142_s1-m84081_240709_185528_s2.flnc.bam,lymph,WUST,flnc-1.bam,EA114555,EA114583,m84081_240703_203142_s1,m84081_240709_185528_s2,bc05,102-739-100,102-118-800,102-202-200,5,PACBIO,REVIO,HPRC_Kinnex_Pool_2,BioSample_1,r84081_20240703_202309,8.0.0,1.0.0,2.2.0,2.9.0,4.1.1,P1,C1,HPRC_Kinnex_Pool2,bc05,HPRC_Kinnex_Pool_2_bc05,HG02572,HG02572.lymph.m84081_240703_203142_s1-m84081_240709_185528_s2.flnc.bam,0.163582,1,17471848,TRUE
s3://human-pangenomics/working/HPRC/HG02583/raw_data/PacBio_Kinnex/HG02583.lymph.m84081_240728_110915_s4-m84081_240728_090940_s3.flnc.bam,lymph,WUST,flnc-7.bam,EA114381,EA114371,m84081_240728_110915_s4,m84081_240728_090940_s3,bc11,102-739-100,102-118-800,102-202-200,5,PACBIO,REVIO,HPRC_Kinnex_Pool_20,BioSample_7,r84081_20240726_191017,8.0.0,1.0.0,2.2.0,2.9.0,4.1.1,P1,C1,HPRC_Kinnex_Pool20,bc11,HPRC_Kinnex_Pool_20_bc11,HG02583,HG02583.lymph.m84081_240728_110915_s4-m84081_240728_090940_s3.flnc.bam,0.134408,1,13872453,TRUE
s3://human-pangenomics/working/HPRC/HG02602/raw_data/PacBio_Kinnex/HG02602.lymph.m84081_240712_233953_s3-m84081_240714_053249_s2.flnc.bam,lymph,WUST,flnc-7.bam,EA114536,EA114543,m84081_240712_233953_s3,m84081_240714_053249_s2,bc07,102-739-100,102-118-800,102-202-200,5,PACBIO,REVIO,HPRC_Kinnex_Pool_3,BioSample_7,r84081_20240712_193207,8.0.0,1.0.0,2.2.0,2.9.0,4.1.1,P1,C1,HPRC_Kinnex_Pool3,bc07,HPRC_Kinnex_Pool_3_bc07,HG02602,HG02602.lymph.m84081_240712_233953_s3-m84081_240714_053249_s2.flnc.bam,0.168164,1,19086197,TRUE
s3://human-pangenomics/working/HPRC/HG02615/raw_data/PacBio_Kinnex/HG02615.lymph.m84081_240712_233953_s3-m84081_240714_053249_s2.flnc.bam,lymph,WUST,flnc-8.bam,EA114536,EA114543,m84081_240712_233953_s3,m84081_240714_053249_s2,bc08,102-739-100,102-118-800,102-202-200,5,PACBIO,REVIO,HPRC_Kinnex_Pool_3,BioSample_8,r84081_20240712_193207,8.0.0,1.0.0,2.2.0,2.9.0,4.1.1,P1,C1,HPRC_Kinnex_Pool3,bc08,HPRC_Kinnex_Pool_3_bc08,HG02615,HG02615.lymph.m84081_240712_233953_s3-m84081_240714_053249_s2.flnc.bam,0.141505,1,17003779,TRUE
s3://human-pangenomics/working/HPRC/HG02622/raw_data/PacBio_Kinnex/HG02622.lymph.m84081_240703_203142_s1-m84081_240709_185528_s2.flnc.bam,lymph,WUST,flnc-2.bam,EA114555,EA114583,m84081_240703_203142_s1,m84081_240709_185528_s2,bc06,102-739-100,102-118-800,102-202-200,5,PACBIO,REVIO,HPRC_Kinnex_Pool_2,BioSample_2,r84081_20240703_202309,8.0.0,1.0.0,2.2.0,2.9.0,4.1.1,P1,C1,HPRC_Kinnex_Pool2,bc06,HPRC_Kinnex_Pool_2_bc06,HG02622,HG02622.lymph.m84081_240703_203142_s1-m84081_240709_185528_s2.flnc.bam,0.158452,1,20284460,TRUE
s3://human-pangenomics/working/HPRC/HG02630/raw_data/PacBio_Kinnex/HG02630.lymph.m84081_240703_203142_s1-m84081_240709_185528_s2.flnc.bam,lymph,WUST,flnc-3.bam,EA114555,EA114583,m84081_240703_203142_s1,m84081_240709_185528_s2,bc07,102-739-100,102-118-800,102-202-200,5,PACBIO,REVIO,HPRC_Kinnex_Pool_2,BioSample_3,r84081_20240703_202309,8.0.0,1.0.0,2.2.0,2.9.0,4.1.1,P1,C1,HPRC_Kinnex_Pool2,bc07,HPRC_Kinnex_Pool_2_bc07,HG02630,HG02630.lymph.m84081_240703_203142_s1-m84081_240709_185528_s2.flnc.bam,0.157962,1,16899780,TRUE
s3://human-pangenomics/working/HPRC/HG02647/raw_data/PacBio_Kinnex/HG02647.lymph.m84081_240713_013912_s4-m84081_240714_073231_s1.flnc.bam,lymph,WUST,flnc-5.bam,EA114532,EA114577,m84081_240713_013912_s4,m84081_240714_073231_s1,bc09,102-739-100,102-118-800,102-202-200,5,PACBIO,REVIO,HPRC_Kinnex_Pool_4,BioSample_5,r84081_20240712_193207,8.0.0,1.0.0,2.2.0,2.9.0,4.1.1,P1,C1,HPRC_Kinnex_Pool4,bc09,HPRC_Kinnex_Pool_4_bc09,HG02647,HG02647.lymph.m84081_240713_013912_s4-m84081_240714_073231_s1.flnc.bam,0.142868,1,17358721,TRUE
s3://human-pangenomics/working/HPRC/HG02668/raw_data/PacBio_Kinnex/HG02668.lymph.m84081_240713_013912_s4-m84081_240714_073231_s1.flnc.bam,lymph,WUST,flnc-6.bam,EA114532,EA114577,m84081_240713_013912_s4,m84081_240714_073231_s1,bc10,102-739-100,102-118-800,102-202-200,5,PACBIO,REVIO,HPRC_Kinnex_Pool_4,BioSample_6,r84081_20240712_193207,8.0.0,1.0.0,2.2.0,2.9.0,4.1.1,P1,C1,HPRC_Kinnex_Pool4,bc10,HPRC_Kinnex_Pool_4_bc10,HG02668,HG02668.lymph.m84081_240713_013912_s4-m84081_240714_073231_s1.flnc.bam,0.153817,1,18826244,TRUE
s3://human-pangenomics/working/HPRC/HG02683/raw_data/PacBio_Kinnex/HG02683.lymph.m84081_240717_055117_s2-m84081_240717_075054_s1.flnc.bam,lymph,WUST,flnc-2.bam,EA114552,EA114569,m84081_240717_055117_s2,m84081_240717_075054_s1,bc06,102-739-100,102-118-800,102-202-200,5,PACBIO,REVIO,HPRC_Kinnex_Pool_8,BioSample_2,r84081_20240715_195526,8.0.0,1.0.0,2.2.0,2.9.0,4.1.1,P1,C1,HPRC_Kinnex_Pool8,bc06,HPRC_Kinnex_Pool_8_bc06,HG02683,HG02683.lymph.m84081_240717_055117_s2-m84081_240717_075054_s1.flnc.bam,0.165983,1,22027987,TRUE
s3://human-pangenomics/working/HPRC/HG02698/raw_data/PacBio_Kinnex/HG02698.lymph.m84081_240713_013912_s4-m84081_240714_073231_s1.flnc.bam,lymph,WUST,flnc-7.bam,EA114532,EA114577,m84081_240713_013912_s4,m84081_240714_073231_s1,bc11,102-739-100,102-118-800,102-202-200,5,PACBIO,REVIO,HPRC_Kinnex_Pool_4,BioSample_7,r84081_20240712_193207,8.0.0,1.0.0,2.2.0,2.9.0,4.1.1,P1,C1,HPRC_Kinnex_Pool4,bc11,HPRC_Kinnex_Pool_4_bc11,HG02698,HG02698.lymph.m84081_240713_013912_s4-m84081_240714_073231_s1.flnc.bam,0.163801,1,16574574,TRUE
s3://human-pangenomics/working/HPRC/HG02717/raw_data/PacBio_Kinnex/HG02717.lymph.m84081_240703_203142_s1-m84081_240709_185528_s2.flnc.bam,lymph,WUST,flnc-4.bam,EA114555,EA114583,m84081_240703_203142_s1,m84081_240709_185528_s2,bc08,102-739-100,102-118-800,102-202-200,5,PACBIO,REVIO,HPRC_Kinnex_Pool_2,BioSample_4,r84081_20240703_202309,8.0.0,1.0.0,2.2.0,2.9.0,4.1.1,P1,C1,HPRC_Kinnex_Pool2,bc08,HPRC_Kinnex_Pool_2_bc08,HG02717,HG02717.lymph.m84081_240703_203142_s1-m84081_240709_185528_s2.flnc.bam,0.163283,1,16805501,TRUE
s3://human-pangenomics/working/HPRC/HG02735/raw_data/PacBio_Kinnex/HG02735.lymph.m84081_240717_055117_s2-m84081_240717_075054_s1.flnc.bam,lymph,WUST,flnc-3.bam,EA114552,EA114569,m84081_240717_055117_s2,m84081_240717_075054_s1,bc07,102-739-100,102-118-800,102-202-200,5,PACBIO,REVIO,HPRC_Kinnex_Pool_8,BioSample_3,r84081_20240715_195526,8.0.0,1.0.0,2.2.0,2.9.0,4.1.1,P1,C1,HPRC_Kinnex_Pool8,bc07,HPRC_Kinnex_Pool_8_bc07,HG02735,HG02735.lymph.m84081_240717_055117_s2-m84081_240717_075054_s1.flnc.bam,0.173619,1,16281883,TRUE
s3://human-pangenomics/working/HPRC/HG02738/raw_data/PacBio_Kinnex/HG02738.lymph.m84081_240717_055117_s2-m84081_240717_075054_s1.flnc.bam,lymph,WUST,flnc-4.bam,EA114552,EA114569,m84081_240717_055117_s2,m84081_240717_075054_s1,bc08,102-739-100,102-118-800,102-202-200,5,PACBIO,REVIO,HPRC_Kinnex_Pool_8,BioSample_4,r84081_20240715_195526,8.0.0,1.0.0,2.2.0,2.9.0,4.1.1,P1,C1,HPRC_Kinnex_Pool8,bc08,HPRC_Kinnex_Pool_8_bc08,HG02738,HG02738.lymph.m84081_240717_055117_s2-m84081_240717_075054_s1.flnc.bam,0.176126,1,15035241,TRUE
s3://human-pangenomics/working/HPRC/HG02809/raw_data/PacBio_Kinnex/HG02809.lymph.m84081_240717_055117_s2-m84081_240717_075054_s1.flnc.bam,lymph,WUST,flnc-5.bam,EA114552,EA114569,m84081_240717_055117_s2,m84081_240717_075054_s1,bc09,102-739-100,102-118-800,102-202-200,5,PACBIO,REVIO,HPRC_Kinnex_Pool_8,BioSample_5,r84081_20240715_195526,8.0.0,1.0.0,2.2.0,2.9.0,4.1.1,P1,C1,HPRC_Kinnex_Pool8,bc09,HPRC_Kinnex_Pool_8_bc09,HG02809,HG02809.lymph.m84081_240717_055117_s2-m84081_240717_075054_s1.flnc.bam,0.146171,1,20993500,TRUE
s3://human-pangenomics/working/HPRC/HG02841/raw_data/PacBio_Kinnex/HG02841.lymph.m84081_240719_183458_s2-m84081_240719_203427_s1.flnc.bam,lymph,WUST,flnc-4.bam,EA114529,EA114556,m84081_240719_183458_s2,m84081_240719_203427_s1,bc04,102-739-100,102-118-800,102-202-200,5,PACBIO,REVIO,HPRC_Kinnex_Pool_9,BioSample_4,r84081_20240719_182620,8.0.0,1.0.0,2.2.0,2.9.0,4.1.1,P1,C1,HPRC_Kinnex_Pool9,bc04,HPRC_Kinnex_Pool_9_bc04,HG02841,HG02841.lymph.m84081_240719_183458_s2-m84081_240719_203427_s1.flnc.bam,0.146648,1,17812671,TRUE
s3://human-pangenomics/working/HPRC/HG02886/raw_data/PacBio_Kinnex/HG02886.lymph.m84081_240703_203142_s1-m84081_240709_185528_s2.flnc.bam,lymph,WUST,flnc-5.bam,EA114555,EA114583,m84081_240703_203142_s1,m84081_240709_185528_s2,bc09,102-739-100,102-118-800,102-202-200,5,PACBIO,REVIO,HPRC_Kinnex_Pool_2,BioSample_5,r84081_20240703_202309,8.0.0,1.0.0,2.2.0,2.9.0,4.1.1,P1,C1,HPRC_Kinnex_Pool2,bc09,HPRC_Kinnex_Pool_2_bc09,HG02886,HG02886.lymph.m84081_240703_203142_s1-m84081_240709_185528_s2.flnc.bam,0.147134,1,17675682,TRUE
s3://human-pangenomics/working/HPRC/HG02922/raw_data/PacBio_Kinnex/HG02922.lymph.m84081_240726_211757_s1-m84081_240726_191837_s2.flnc.bam,lymph,WUST,flnc-4.bam,EA114360,EA114391,m84081_240726_211757_s1,m84081_240726_191837_s2,bc08,102-739-100,102-118-800,102-202-200,5,PACBIO,REVIO,HPRC_Kinnex_Pool_14,BioSample_4,r84081_20240726_191017,8.0.0,1.0.0,2.2.0,2.9.0,4.1.1,P1,C1,HPRC_Kinnex_Pool14,bc08,HPRC_Kinnex_Pool_14_bc08,HG02922,HG02922.lymph.m84081_240726_211757_s1-m84081_240726_191837_s2.flnc.bam,0.153191,1,22850916,TRUE
s3://human-pangenomics/working/HPRC/HG02965/raw_data/PacBio_Kinnex/HG02965.lymph.m84081_240721_102523_s4-m84081_240721_082556_s3.flnc.bam,lymph,WUST,flnc-3.bam,EA114544,EA114558,m84081_240721_102523_s4,m84081_240721_082556_s3,bc03,102-739-100,102-118-800,102-202-200,5,PACBIO,REVIO,HPRC_Kinnex_Pool_12,BioSample_3,r84081_20240719_182620,8.0.0,1.0.0,2.2.0,2.9.0,4.1.1,P1,C1,HPRC_Kinnex_Pool12,bc03,HPRC_Kinnex_Pool_12_bc03,HG02965,HG02965.lymph.m84081_240721_102523_s4-m84081_240721_082556_s3.flnc.bam,0.167886,1,11431438,TRUE
s3://human-pangenomics/working/HPRC/HG02976/raw_data/PacBio_Kinnex/HG02976.lymph.m84081_240531_190112_s1.flnc.bam,lymph,WUST,flnc.bam,EA108198,NA,m84081_240531_190112_s1,NA,bc06,102-739-100,102-118-800,102-202-200,5,PACBIO,REVIO,HG02976_Kinnex,BioSample_1,r84081_20240531_185247,8.0.0,1.0.0,2.2.0,2.9.0,4.1.1,P1,C1,HPRC_Kinnex_HG02976,bc06,HPRC_Kinnex_HG02976_bc06,HG02976,HG02976.lymph.m84081_240531_190112_s1.flnc.bam,0.172314,1,8244984,TRUE
s3://human-pangenomics/working/HPRC/HG02984/raw_data/PacBio_Kinnex/HG02984.lymph.m84081_240719_183458_s2-m84081_240719_203427_s1.flnc.bam,lymph,WUST,flnc-5.bam,EA114529,EA114556,m84081_240719_183458_s2,m84081_240719_203427_s1,bc05,102-739-100,102-118-800,102-202-200,5,PACBIO,REVIO,HPRC_Kinnex_Pool_9,BioSample_5,r84081_20240719_182620,8.0.0,1.0.0,2.2.0,2.9.0,4.1.1,P1,C1,HPRC_Kinnex_Pool9,bc05,HPRC_Kinnex_Pool_9_bc05,HG02984,HG02984.lymph.m84081_240719_183458_s2-m84081_240719_203427_s1.flnc.bam,0.150399,1,17069247,TRUE
s3://human-pangenomics/working/HPRC/HG03017/raw_data/PacBio_Kinnex/HG03017.lymph.m84081_240719_223349_s3-m84081_240720_003316_s4.flnc.bam,lymph,WUST,flnc-4.bam,EA114566,EA114576,m84081_240719_223349_s3,m84081_240720_003316_s4,bc04,102-739-100,102-118-800,102-202-200,5,PACBIO,REVIO,HPRC_Kinnex_Pool_10,BioSample_4,r84081_20240719_182620,8.0.0,1.0.0,2.2.0,2.9.0,4.1.1,P1,C1,HPRC_Kinnex_Pool10,bc04,HPRC_Kinnex_Pool_10_bc04,HG03017,HG03017.lymph.m84081_240719_223349_s3-m84081_240720_003316_s4.flnc.bam,0.161808,1,19481891,TRUE
s3://human-pangenomics/working/HPRC/HG03041/raw_data/PacBio_Kinnex/HG03041.lymph.m84081_240719_223349_s3-m84081_240720_003316_s4.flnc.bam,lymph,WUST,flnc-8.bam,EA114566,EA114576,m84081_240719_223349_s3,m84081_240720_003316_s4,bc12,102-739-100,102-118-800,102-202-200,5,PACBIO,REVIO,HPRC_Kinnex_Pool_10,BioSample_8,r84081_20240719_182620,8.0.0,1.0.0,2.2.0,2.9.0,4.1.1,P1,C1,HPRC_Kinnex_Pool10,bc12,HPRC_Kinnex_Pool_10_bc12,HG03041,HG03041.lymph.m84081_240719_223349_s3-m84081_240720_003316_s4.flnc.bam,0.137603,1,16189013,TRUE
s3://human-pangenomics/working/HPRC/HG03050/raw_data/PacBio_Kinnex/HG03050.lymph.m84081_240721_062628_s1-m84081_240721_042704_s2.flnc.bam,lymph,WUST,flnc-1.bam,EA114581,EA114553,m84081_240721_062628_s1,m84081_240721_042704_s2,bc05,102-739-100,102-118-800,102-202-200,5,PACBIO,REVIO,HPRC_Kinnex_Pool_11,BioSample_1,r84081_20240719_182620,8.0.0,1.0.0,2.2.0,2.9.0,4.1.1,P1,C1,HPRC_Kinnex_Pool11,bc05,HPRC_Kinnex_Pool_11_bc05,HG03050,HG03050.lymph.m84081_240721_062628_s1-m84081_240721_042704_s2.flnc.bam,0.142978,1,24120418,TRUE
s3://human-pangenomics/working/HPRC/HG03130/raw_data/PacBio_Kinnex/HG03130.lymph.m84081_240721_102523_s4-m84081_240721_082556_s3.flnc.bam,lymph,WUST,flnc-7.bam,EA114544,EA114558,m84081_240721_102523_s4,m84081_240721_082556_s3,bc07,102-739-100,102-118-800,102-202-200,5,PACBIO,REVIO,HPRC_Kinnex_Pool_12,BioSample_7,r84081_20240719_182620,8.0.0,1.0.0,2.2.0,2.9.0,4.1.1,P1,C1,HPRC_Kinnex_Pool12,bc07,HPRC_Kinnex_Pool_12_bc07,HG03130,HG03130.lymph.m84081_240721_102523_s4-m84081_240721_082556_s3.flnc.bam,0.16116,1,10294458,TRUE
s3://human-pangenomics/working/HPRC/HG03139/raw_data/PacBio_Kinnex/HG03139.lymph.m84081_240721_102523_s4-m84081_240721_082556_s3.flnc.bam,lymph,WUST,flnc-6.bam,EA114544,EA114558,m84081_240721_102523_s4,m84081_240721_082556_s3,bc06,102-739-100,102-118-800,102-202-200,5,PACBIO,REVIO,HPRC_Kinnex_Pool_12,BioSample_6,r84081_20240719_182620,8.0.0,1.0.0,2.2.0,2.9.0,4.1.1,P1,C1,HPRC_Kinnex_Pool12,bc06,HPRC_Kinnex_Pool_12_bc06,HG03139,HG03139.lymph.m84081_240721_102523_s4-m84081_240721_082556_s3.flnc.bam,0.035749,1,13390182,TRUE
s3://human-pangenomics/working/HPRC/HG03195/raw_data/PacBio_Kinnex/HG03195.lymph.m84081_240721_102523_s4-m84081_240721_082556_s3.flnc.bam,lymph,WUST,flnc-5.bam,EA114544,EA114558,m84081_240721_102523_s4,m84081_240721_082556_s3,bc05,102-739-100,102-118-800,102-202-200,5,PACBIO,REVIO,HPRC_Kinnex_Pool_12,BioSample_5,r84081_20240719_182620,8.0.0,1.0.0,2.2.0,2.9.0,4.1.1,P1,C1,HPRC_Kinnex_Pool12,bc05,HPRC_Kinnex_Pool_12_bc05,HG03195,HG03195.lymph.m84081_240721_102523_s4-m84081_240721_082556_s3.flnc.bam,0.151993,1,11766121,TRUE
s3://human-pangenomics/working/HPRC/HG03209/raw_data/PacBio_Kinnex/HG03209.lymph.m84081_240721_102523_s4-m84081_240721_082556_s3.flnc.bam,lymph,WUST,flnc-8.bam,EA114544,EA114558,m84081_240721_102523_s4,m84081_240721_082556_s3,bc08,102-739-100,102-118-800,102-202-200,5,PACBIO,REVIO,HPRC_Kinnex_Pool_12,BioSample_8,r84081_20240719_182620,8.0.0,1.0.0,2.2.0,2.9.0,4.1.1,P1,C1,HPRC_Kinnex_Pool12,bc08,HPRC_Kinnex_Pool_12_bc08,HG03209,HG03209.lymph.m84081_240721_102523_s4-m84081_240721_082556_s3.flnc.bam,0.158987,1,10077421,TRUE
s3://human-pangenomics/working/HPRC/HG03225/raw_data/PacBio_Kinnex/HG03225.lymph.m84081_240721_102523_s4-m84081_240721_082556_s3.flnc.bam,lymph,WUST,flnc-2.bam,EA114544,EA114558,m84081_240721_102523_s4,m84081_240721_082556_s3,bc02,102-739-100,102-118-800,102-202-200,5,PACBIO,REVIO,HPRC_Kinnex_Pool_12,BioSample_2,r84081_20240719_182620,8.0.0,1.0.0,2.2.0,2.9.0,4.1.1,P1,C1,HPRC_Kinnex_Pool12,bc02,HPRC_Kinnex_Pool_12_bc02,HG03225,HG03225.lymph.m84081_240721_102523_s4-m84081_240721_082556_s3.flnc.bam,0.169804,1,15688985,TRUE
s3://human-pangenomics/working/HPRC/HG03239/raw_data/PacBio_Kinnex/HG03239.lymph.m84081_240719_223349_s3-m84081_240720_003316_s4.flnc.bam,lymph,WUST,flnc-3.bam,EA114566,EA114576,m84081_240719_223349_s3,m84081_240720_003316_s4,bc03,102-739-100,102-118-800,102-202-200,5,PACBIO,REVIO,HPRC_Kinnex_Pool_10,BioSample_3,r84081_20240719_182620,8.0.0,1.0.0,2.2.0,2.9.0,4.1.1,P1,C1,HPRC_Kinnex_Pool10,bc03,HPRC_Kinnex_Pool_10_bc03,HG03239,HG03239.lymph.m84081_240719_223349_s3-m84081_240720_003316_s4.flnc.bam,0.171519,1,14289676,TRUE
s3://human-pangenomics/working/HPRC/HG03270/raw_data/PacBio_Kinnex/HG03270.lymph.m84081_240728_071012_s1-m84081_240728_051033_s2.flnc.bam,lymph,WUST,flnc-5.bam,EA114327,EA114375,m84081_240728_071012_s1,m84081_240728_051033_s2,bc09,102-739-100,102-118-800,102-202-200,5,PACBIO,REVIO,HPRC_Kinnex_Pool_19,BioSample_5,r84081_20240726_191017,8.0.0,1.0.0,2.2.0,2.9.0,4.1.1,P1,C1,HPRC_Kinnex_Pool19,bc09,HPRC_Kinnex_Pool_19_bc09,HG03270,HG03270.lymph.m84081_240728_071012_s1-m84081_240728_051033_s2.flnc.bam,0.173621,1,16007083,TRUE
s3://human-pangenomics/working/HPRC/HG03453/raw_data/PacBio_Kinnex/HG03453.lymph.m84081_240703_203142_s1-m84081_240709_185528_s2.flnc.bam,lymph,WUST,flnc-6.bam,EA114555,EA114583,m84081_240703_203142_s1,m84081_240709_185528_s2,bc10,102-739-100,102-118-800,102-202-200,5,PACBIO,REVIO,HPRC_Kinnex_Pool_2,BioSample_6,r84081_20240703_202309,8.0.0,1.0.0,2.2.0,2.9.0,4.1.1,P1,C1,HPRC_Kinnex_Pool2,bc10,HPRC_Kinnex_Pool_2_bc10,HG03453,HG03453.lymph.m84081_240703_203142_s1-m84081_240709_185528_s2.flnc.bam,0.155434,1,13599049,TRUE
s3://human-pangenomics/working/HPRC/HG03458/raw_data/PacBio_Kinnex/HG03458.lymph.m84081_240722_210122_s1-m84081_240722_190156_s2.flnc.bam,lymph,WUST,flnc-2.bam,EA114537,EA114563,m84081_240722_210122_s1,m84081_240722_190156_s2,bc02,102-739-100,102-118-800,102-202-200,5,PACBIO,REVIO,HPRC_Kinnex_Pool_13,BioSample_2,r84081_20240722_185825,8.0.0,1.0.0,2.2.0,2.9.0,4.1.1,P1,C1,HPRC_Kinnex_Pool13,bc02,HPRC_Kinnex_Pool_13_bc02,HG03458,HG03458.lymph.m84081_240722_210122_s1-m84081_240722_190156_s2.flnc.bam,0.16423,1,10169009,TRUE
s3://human-pangenomics/working/HPRC/HG03470/raw_data/PacBio_Kinnex/HG03470.lymph.m84081_240722_210122_s1-m84081_240722_190156_s2.flnc.bam,lymph,WUST,flnc-1.bam,EA114537,EA114563,m84081_240722_210122_s1,m84081_240722_190156_s2,bc01,102-739-100,102-118-800,102-202-200,5,PACBIO,REVIO,HPRC_Kinnex_Pool_13,BioSample_1,r84081_20240722_185825,8.0.0,1.0.0,2.2.0,2.9.0,4.1.1,P1,C1,HPRC_Kinnex_Pool13,bc01,HPRC_Kinnex_Pool_13_bc01,HG03470,HG03470.lymph.m84081_240722_210122_s1-m84081_240722_190156_s2.flnc.bam,0.163283,1,9215824,TRUE
s3://human-pangenomics/working/HPRC/HG03516/raw_data/PacBio_Kinnex/HG03516.lymph.m84081_240703_203142_s1-m84081_240709_185528_s2.flnc.bam,lymph,WUST,flnc-7.bam,EA114555,EA114583,m84081_240703_203142_s1,m84081_240709_185528_s2,bc11,102-739-100,102-118-800,102-202-200,5,PACBIO,REVIO,HPRC_Kinnex_Pool_2,BioSample_7,r84081_20240703_202309,8.0.0,1.0.0,2.2.0,2.9.0,4.1.1,P1,C1,HPRC_Kinnex_Pool2,bc11,HPRC_Kinnex_Pool_2_bc11,HG03516,HG03516.lymph.m84081_240703_203142_s1-m84081_240709_185528_s2.flnc.bam,0.147175,1,11381927,TRUE
s3://human-pangenomics/working/HPRC/HG03540/raw_data/PacBio_Kinnex/HG03540.lymph.m84081_240703_203142_s1-m84081_240709_185528_s2.flnc.bam,lymph,WUST,flnc-8.bam,EA114555,EA114583,m84081_240703_203142_s1,m84081_240709_185528_s2,bc12,102-739-100,102-118-800,102-202-200,5,PACBIO,REVIO,HPRC_Kinnex_Pool_2,BioSample_8,r84081_20240703_202309,8.0.0,1.0.0,2.2.0,2.9.0,4.1.1,P1,C1,HPRC_Kinnex_Pool2,bc12,HPRC_Kinnex_Pool_2_bc12,HG03540,HG03540.lymph.m84081_240703_203142_s1-m84081_240709_185528_s2.flnc.bam,0.164538,1,18061641,TRUE
s3://human-pangenomics/working/HPRC/HG03583/raw_data/PacBio_Kinnex/HG03583.lymph.m84081_240728_110915_s4-m84081_240728_090940_s3.flnc.bam,lymph,WUST,flnc-6.bam,EA114381,EA114371,m84081_240728_110915_s4,m84081_240728_090940_s3,bc10,102-739-100,102-118-800,102-202-200,5,PACBIO,REVIO,HPRC_Kinnex_Pool_20,BioSample_6,r84081_20240726_191017,8.0.0,1.0.0,2.2.0,2.9.0,4.1.1,P1,C1,HPRC_Kinnex_Pool20,bc10,HPRC_Kinnex_Pool_20_bc10,HG03583,HG03583.lymph.m84081_240728_110915_s4-m84081_240728_090940_s3.flnc.bam,0.14319,1,22782912,TRUE
s3://human-pangenomics/working/HPRC/HG03611/raw_data/PacBio_Kinnex/HG03611.lymph.m84081_240727_011703_s4-m84081_240726_231733_s3.flnc.bam,lymph,WUST,flnc-6.bam,EA114350,EA114354,m84081_240727_011703_s4,m84081_240726_231733_s3,bc06,102-739-100,102-118-800,102-202-200,5,PACBIO,REVIO,HPRC_Kinnex_Pool_18,BioSample_6,r84081_20240726_191017,8.0.0,1.0.0,2.2.0,2.9.0,4.1.1,P1,C1,HPRC_Kinnex_Pool18,bc06,HPRC_Kinnex_Pool_18_bc06,HG03611,HG03611.lymph.m84081_240727_011703_s4-m84081_240726_231733_s3.flnc.bam,0.179573,1,17454056,TRUE
s3://human-pangenomics/working/HPRC/HG03654/raw_data/PacBio_Kinnex/HG03654.lymph.m84081_240713_013912_s4-m84081_240714_073231_s1.flnc.bam,lymph,WUST,flnc-8.bam,EA114532,EA114577,m84081_240713_013912_s4,m84081_240714_073231_s1,bc12,102-739-100,102-118-800,102-202-200,5,PACBIO,REVIO,HPRC_Kinnex_Pool_4,BioSample_8,r84081_20240712_193207,8.0.0,1.0.0,2.2.0,2.9.0,4.1.1,P1,C1,HPRC_Kinnex_Pool4,bc12,HPRC_Kinnex_Pool_4_bc12,HG03654,HG03654.lymph.m84081_240713_013912_s4-m84081_240714_073231_s1.flnc.bam,0.155408,1,18853990,TRUE
s3://human-pangenomics/working/HPRC/HG03669/raw_data/PacBio_Kinnex/HG03669.lymph.m84081_240713_013912_s4-m84081_240714_073231_s1.flnc.bam,lymph,WUST,flnc-1.bam,EA114532,EA114577,m84081_240713_013912_s4,m84081_240714_073231_s1,bc01,102-739-100,102-118-800,102-202-200,5,PACBIO,REVIO,HPRC_Kinnex_Pool_4,BioSample_1,r84081_20240712_193207,8.0.0,1.0.0,2.2.0,2.9.0,4.1.1,P1,C1,HPRC_Kinnex_Pool4,bc01,HPRC_Kinnex_Pool_4_bc01,HG03669,HG03669.lymph.m84081_240713_013912_s4-m84081_240714_073231_s1.flnc.bam,0.167838,1,11868526,TRUE
s3://human-pangenomics/working/HPRC/HG03688/raw_data/PacBio_Kinnex/HG03688.lymph.m84081_240713_013912_s4-m84081_240714_073231_s1.flnc.bam,lymph,WUST,flnc-2.bam,EA114532,EA114577,m84081_240713_013912_s4,m84081_240714_073231_s1,bc02,102-739-100,102-118-800,102-202-200,5,PACBIO,REVIO,HPRC_Kinnex_Pool_4,BioSample_2,r84081_20240712_193207,8.0.0,1.0.0,2.2.0,2.9.0,4.1.1,P1,C1,HPRC_Kinnex_Pool4,bc02,HPRC_Kinnex_Pool_4_bc02,HG03688,HG03688.lymph.m84081_240713_013912_s4-m84081_240714_073231_s1.flnc.bam,0.169003,1,18063684,TRUE
s3://human-pangenomics/working/HPRC/HG03704/raw_data/PacBio_Kinnex/HG03704.lymph.m84081_240717_055117_s2-m84081_240717_075054_s1.flnc.bam,lymph,WUST,flnc-6.bam,EA114552,EA114569,m84081_240717_055117_s2,m84081_240717_075054_s1,bc10,102-739-100,102-118-800,102-202-200,5,PACBIO,REVIO,HPRC_Kinnex_Pool_8,BioSample_6,r84081_20240715_195526,8.0.0,1.0.0,2.2.0,2.9.0,4.1.1,P1,C1,HPRC_Kinnex_Pool8,bc10,HPRC_Kinnex_Pool_8_bc10,HG03704,HG03704.lymph.m84081_240717_055117_s2-m84081_240717_075054_s1.flnc.bam,0.165027,1,20402453,TRUE
s3://human-pangenomics/working/HPRC/HG03710/raw_data/PacBio_Kinnex/HG03710.lymph.m84081_240713_013912_s4-m84081_240714_073231_s1.flnc.bam,lymph,WUST,flnc-3.bam,EA114532,EA114577,m84081_240713_013912_s4,m84081_240714_073231_s1,bc03,102-739-100,102-118-800,102-202-200,5,PACBIO,REVIO,HPRC_Kinnex_Pool_4,BioSample_3,r84081_20240712_193207,8.0.0,1.0.0,2.2.0,2.9.0,4.1.1,P1,C1,HPRC_Kinnex_Pool4,bc03,HPRC_Kinnex_Pool_4_bc03,HG03710,HG03710.lymph.m84081_240713_013912_s4-m84081_240714_073231_s1.flnc.bam,0.160718,1,19783115,TRUE
s3://human-pangenomics/working/HPRC/HG03742/raw_data/PacBio_Kinnex/HG03742.lymph.m84081_240724_065335_s1-m84081_240724_045406_s2.flnc.bam,lymph,WUST,flnc-2.bam,EA114534,EA114533,m84081_240724_065335_s1,m84081_240724_045406_s2,bc02,102-739-100,102-118-800,102-202-200,5,PACBIO,REVIO,HPRC_Kinnex_Pool_16,BioSample_2,r84081_20240722_185825,8.0.0,1.0.0,2.2.0,2.9.0,4.1.1,P1,C1,HPRC_Kinnex_Pool16,bc02,HPRC_Kinnex_Pool_16_bc02,HG03742,HG03742.lymph.m84081_240724_065335_s1-m84081_240724_045406_s2.flnc.bam,0.171919,1,16459352,TRUE
s3://human-pangenomics/working/HPRC/HG03804/raw_data/PacBio_Kinnex/HG03804.lymph.m84081_240713_013912_s4-m84081_240714_073231_s1.flnc.bam,lymph,WUST,flnc-4.bam,EA114532,EA114577,m84081_240713_013912_s4,m84081_240714_073231_s1,bc04,102-739-100,102-118-800,102-202-200,5,PACBIO,REVIO,HPRC_Kinnex_Pool_4,BioSample_4,r84081_20240712_193207,8.0.0,1.0.0,2.2.0,2.9.0,4.1.1,P1,C1,HPRC_Kinnex_Pool4,bc04,HPRC_Kinnex_Pool_4_bc04,HG03804,HG03804.lymph.m84081_240713_013912_s4-m84081_240714_073231_s1.flnc.bam,0.163872,1,19533765,TRUE
s3://human-pangenomics/working/HPRC/HG03816/raw_data/PacBio_Kinnex/HG03816.lymph.m84081_240712_214014_s1-m84081_240717_114954_s4.flnc.bam,lymph,WUST,flnc-1.bam,EA114580,EA114568,m84081_240712_214014_s1,m84081_240717_114954_s4,bc05,102-739-100,102-118-800,102-202-200,5,PACBIO,REVIO,HPRC_Kinnex_Pool_5,BioSample_1,r84081_20240712_193207,8.0.0,1.0.0,2.2.0,2.9.0,4.1.1,P1,C1,HPRC_Kinnex_Pool5,bc05,HPRC_Kinnex_Pool_5_bc05,HG03816,HG03816.lymph.m84081_240712_214014_s1-m84081_240717_114954_s4.flnc.bam,0.158624,1,17784728,TRUE
s3://human-pangenomics/working/HPRC/HG03831/raw_data/PacBio_Kinnex/HG03831.lymph.m84081_240717_055117_s2-m84081_240717_075054_s1.flnc.bam,lymph,WUST,flnc-7.bam,EA114552,EA114569,m84081_240717_055117_s2,m84081_240717_075054_s1,bc11,102-739-100,102-118-800,102-202-200,5,PACBIO,REVIO,HPRC_Kinnex_Pool_8,BioSample_7,r84081_20240715_195526,8.0.0,1.0.0,2.2.0,2.9.0,4.1.1,P1,C1,HPRC_Kinnex_Pool8,bc11,HPRC_Kinnex_Pool_8_bc11,HG03831,HG03831.lymph.m84081_240717_055117_s2-m84081_240717_075054_s1.flnc.bam,0.162191,1,20725252,TRUE
s3://human-pangenomics/working/HPRC/HG03834/raw_data/PacBio_Kinnex/HG03834.lymph.m84081_240719_183458_s2-m84081_240719_203427_s1.flnc.bam,lymph,WUST,flnc-8.bam,EA114529,EA114556,m84081_240719_183458_s2,m84081_240719_203427_s1,bc08,102-739-100,102-118-800,102-202-200,5,PACBIO,REVIO,HPRC_Kinnex_Pool_9,BioSample_8,r84081_20240719_182620,8.0.0,1.0.0,2.2.0,2.9.0,4.1.1,P1,C1,HPRC_Kinnex_Pool9,bc08,HPRC_Kinnex_Pool_9_bc08,HG03834,HG03834.lymph.m84081_240719_183458_s2-m84081_240719_203427_s1.flnc.bam,0.169992,1,15009793,TRUE
s3://human-pangenomics/working/HPRC/HG03874/raw_data/PacBio_Kinnex/HG03874.lymph.m84081_240727_011703_s4-m84081_240726_231733_s3.flnc.bam,lymph,WUST,flnc-3.bam,EA114350,EA114354,m84081_240727_011703_s4,m84081_240726_231733_s3,bc03,102-739-100,102-118-800,102-202-200,5,PACBIO,REVIO,HPRC_Kinnex_Pool_18,BioSample_3,r84081_20240726_191017,8.0.0,1.0.0,2.2.0,2.9.0,4.1.1,P1,C1,HPRC_Kinnex_Pool18,bc03,HPRC_Kinnex_Pool_18_bc03,HG03874,HG03874.lymph.m84081_240727_011703_s4-m84081_240726_231733_s3.flnc.bam,0.162247,1,16123842,TRUE
s3://human-pangenomics/working/HPRC/HG03927/raw_data/PacBio_Kinnex/HG03927.lymph.m84081_240712_214014_s1-m84081_240717_114954_s4.flnc.bam,lymph,WUST,flnc-2.bam,EA114580,EA114568,m84081_240712_214014_s1,m84081_240717_114954_s4,bc06,102-739-100,102-118-800,102-202-200,5,PACBIO,REVIO,HPRC_Kinnex_Pool_5,BioSample_2,r84081_20240712_193207,8.0.0,1.0.0,2.2.0,2.9.0,4.1.1,P1,C1,HPRC_Kinnex_Pool5,bc06,HPRC_Kinnex_Pool_5_bc06,HG03927,HG03927.lymph.m84081_240712_214014_s1-m84081_240717_114954_s4.flnc.bam,0.158556,1,17408754,TRUE
s3://human-pangenomics/working/HPRC/HG04115/raw_data/PacBio_Kinnex/HG04115.lymph.m84081_240712_214014_s1-m84081_240717_114954_s4.flnc.bam,lymph,WUST,flnc-3.bam,EA114580,EA114568,m84081_240712_214014_s1,m84081_240717_114954_s4,bc07,102-739-100,102-118-800,102-202-200,5,PACBIO,REVIO,HPRC_Kinnex_Pool_5,BioSample_3,r84081_20240712_193207,8.0.0,1.0.0,2.2.0,2.9.0,4.1.1,P1,C1,HPRC_Kinnex_Pool5,bc07,HPRC_Kinnex_Pool_5_bc07,HG04115,HG04115.lymph.m84081_240712_214014_s1-m84081_240717_114954_s4.flnc.bam,0.168135,1,18372188,TRUE
s3://human-pangenomics/working/HPRC/HG04157/raw_data/PacBio_Kinnex/HG04157.lymph.m84081_240712_214014_s1-m84081_240717_114954_s4.flnc.bam,lymph,WUST,flnc-4.bam,EA114580,EA114568,m84081_240712_214014_s1,m84081_240717_114954_s4,bc08,102-739-100,102-118-800,102-202-200,5,PACBIO,REVIO,HPRC_Kinnex_Pool_5,BioSample_4,r84081_20240712_193207,8.0.0,1.0.0,2.2.0,2.9.0,4.1.1,P1,C1,HPRC_Kinnex_Pool5,bc08,HPRC_Kinnex_Pool_5_bc08,HG04157,HG04157.lymph.m84081_240712_214014_s1-m84081_240717_114954_s4.flnc.bam,0.1677,1,15201610,TRUE
s3://human-pangenomics/working/HPRC/HG04160/raw_data/PacBio_Kinnex/HG04160.lymph.m84081_240712_214014_s1-m84081_240717_114954_s4.flnc.bam,lymph,WUST,flnc-5.bam,EA114580,EA114568,m84081_240712_214014_s1,m84081_240717_114954_s4,bc09,102-739-100,102-118-800,102-202-200,5,PACBIO,REVIO,HPRC_Kinnex_Pool_5,BioSample_5,r84081_20240712_193207,8.0.0,1.0.0,2.2.0,2.9.0,4.1.1,P1,C1,HPRC_Kinnex_Pool5,bc09,HPRC_Kinnex_Pool_5_bc09,HG04160,HG04160.lymph.m84081_240712_214014_s1-m84081_240717_114954_s4.flnc.bam,0.155772,1,22162092,TRUE
s3://human-pangenomics/working/HPRC/HG04184/raw_data/PacBio_Kinnex/HG04184.lymph.m84081_240717_055117_s2-m84081_240717_075054_s1.flnc.bam,lymph,WUST,flnc-8.bam,EA114552,EA114569,m84081_240717_055117_s2,m84081_240717_075054_s1,bc12,102-739-100,102-118-800,102-202-200,5,PACBIO,REVIO,HPRC_Kinnex_Pool_8,BioSample_8,r84081_20240715_195526,8.0.0,1.0.0,2.2.0,2.9.0,4.1.1,P1,C1,HPRC_Kinnex_Pool8,bc12,HPRC_Kinnex_Pool_8_bc12,HG04184,HG04184.lymph.m84081_240717_055117_s2-m84081_240717_075054_s1.flnc.bam,0.156282,1,17810995,TRUE
s3://human-pangenomics/working/HPRC/HG04199/raw_data/PacBio_Kinnex/HG04199.lymph.m84081_240712_214014_s1-m84081_240717_114954_s4.flnc.bam,lymph,WUST,flnc-6.bam,EA114580,EA114568,m84081_240712_214014_s1,m84081_240717_114954_s4,bc10,102-739-100,102-118-800,102-202-200,5,PACBIO,REVIO,HPRC_Kinnex_Pool_5,BioSample_6,r84081_20240712_193207,8.0.0,1.0.0,2.2.0,2.9.0,4.1.1,P1,C1,HPRC_Kinnex_Pool5,bc10,HPRC_Kinnex_Pool_5_bc10,HG04199,HG04199.lymph.m84081_240712_214014_s1-m84081_240717_114954_s4.flnc.bam,0.169498,1,17566071,TRUE
s3://human-pangenomics/working/HPRC/HG04204/raw_data/PacBio_Kinnex/HG04204.lymph.m84081_240712_214014_s1-m84081_240717_114954_s4.flnc.bam,lymph,WUST,flnc-7.bam,EA114580,EA114568,m84081_240712_214014_s1,m84081_240717_114954_s4,bc11,102-739-100,102-118-800,102-202-200,5,PACBIO,REVIO,HPRC_Kinnex_Pool_5,BioSample_7,r84081_20240712_193207,8.0.0,1.0.0,2.2.0,2.9.0,4.1.1,P1,C1,HPRC_Kinnex_Pool5,bc11,HPRC_Kinnex_Pool_5_bc11,HG04204,HG04204.lymph.m84081_240712_214014_s1-m84081_240717_114954_s4.flnc.bam,0.156935,1,20424547,TRUE
s3://human-pangenomics/working/HPRC/HG04228/raw_data/PacBio_Kinnex/HG04228.lymph.m84081_240712_214014_s1-m84081_240717_114954_s4.flnc.bam,lymph,WUST,flnc-8.bam,EA114580,EA114568,m84081_240712_214014_s1,m84081_240717_114954_s4,bc12,102-739-100,102-118-800,102-202-200,5,PACBIO,REVIO,HPRC_Kinnex_Pool_5,BioSample_8,r84081_20240712_193207,8.0.0,1.0.0,2.2.0,2.9.0,4.1.1,P1,C1,HPRC_Kinnex_Pool5,bc12,HPRC_Kinnex_Pool_5_bc12,HG04228,HG04228.lymph.m84081_240712_214014_s1-m84081_240717_114954_s4.flnc.bam,0.164506,1,18299689,TRUE
s3://human-pangenomics/working/HPRC/NA18505/raw_data/PacBio_Kinnex/NA18505.lymph.m84081_240728_110915_s4-m84081_240728_090940_s3.flnc.bam,lymph,WUST,flnc-5.bam,EA114381,EA114371,m84081_240728_110915_s4,m84081_240728_090940_s3,bc09,102-739-100,102-118-800,102-202-200,5,PACBIO,REVIO,HPRC_Kinnex_Pool_20,BioSample_5,r84081_20240726_191017,8.0.0,1.0.0,2.2.0,2.9.0,4.1.1,P1,C1,HPRC_Kinnex_Pool20,bc09,HPRC_Kinnex_Pool_20_bc09,NA18505,NA18505.lymph.m84081_240728_110915_s4-m84081_240728_090940_s3.flnc.bam,0.156618,1,45011711,TRUE
s3://human-pangenomics/working/HPRC/NA18508/raw_data/PacBio_Kinnex/NA18508.lymph.m84081_240727_011703_s4-m84081_240726_231733_s3.flnc.bam,lymph,WUST,flnc-4.bam,EA114350,EA114354,m84081_240727_011703_s4,m84081_240726_231733_s3,bc04,102-739-100,102-118-800,102-202-200,5,PACBIO,REVIO,HPRC_Kinnex_Pool_18,BioSample_4,r84081_20240726_191017,8.0.0,1.0.0,2.2.0,2.9.0,4.1.1,P1,C1,HPRC_Kinnex_Pool18,bc04,HPRC_Kinnex_Pool_18_bc04,NA18508,NA18508.lymph.m84081_240727_011703_s4-m84081_240726_231733_s3.flnc.bam,0.179909,1,15357208,TRUE
s3://human-pangenomics/working/HPRC/NA18522/raw_data/PacBio_Kinnex/NA18522.lymph.m84081_240722_210122_s1-m84081_240722_190156_s2.flnc.bam,lymph,WUST,flnc-5.bam,EA114537,EA114563,m84081_240722_210122_s1,m84081_240722_190156_s2,bc09,102-739-100,102-118-800,102-202-200,5,PACBIO,REVIO,HPRC_Kinnex_Pool_13,BioSample_5,r84081_20240722_185825,8.0.0,1.0.0,2.2.0,2.9.0,4.1.1,P1,C1,HPRC_Kinnex_Pool13,bc09,HPRC_Kinnex_Pool_13_bc09,NA18522,NA18522.lymph.m84081_240722_210122_s1-m84081_240722_190156_s2.flnc.bam,0.153623,1,21823553,TRUE
s3://human-pangenomics/working/HPRC/NA18570/raw_data/PacBio_Kinnex/NA18570.lymph.m84081_240722_230051_s3-m84081_240723_010018_s4.flnc.bam,lymph,WUST,flnc-4.bam,EA114526,EA114567,m84081_240722_230051_s3,m84081_240723_010018_s4,bc04,102-739-100,102-118-800,102-202-200,5,PACBIO,REVIO,HPRC_Kinnex_Pool_15,BioSample_4,r84081_20240722_185825,8.0.0,1.0.0,2.2.0,2.9.0,4.1.1,P1,C1,HPRC_Kinnex_Pool15,bc04,HPRC_Kinnex_Pool_15_bc04,NA18570,NA18570.lymph.m84081_240722_230051_s3-m84081_240723_010018_s4.flnc.bam,0.148395,1,17940129,TRUE
s3://human-pangenomics/working/HPRC/NA18608/raw_data/PacBio_Kinnex/NA18608.lymph.m84081_240724_105227_s4-m84081_240724_085257_s3.flnc.bam,lymph,WUST,flnc-5.bam,EA114579,EA114549,m84081_240724_105227_s4,m84081_240724_085257_s3,bc09,102-739-100,102-118-800,102-202-200,5,PACBIO,REVIO,HPRC_Kinnex_Pool_17,BioSample_5,r84081_20240722_185825,8.0.0,1.0.0,2.2.0,2.9.0,4.1.1,P1,C1,HPRC_Kinnex_Pool17,bc09,HPRC_Kinnex_Pool_17_bc09,NA18608,NA18608.lymph.m84081_240724_105227_s4-m84081_240724_085257_s3.flnc.bam,0.159717,1,19904345,TRUE
s3://human-pangenomics/working/HPRC/NA18612/raw_data/PacBio_Kinnex/NA18612.lymph.m84081_240726_211757_s1-m84081_240726_191837_s2.flnc.bam,lymph,WUST,flnc-1.bam,EA114360,EA114391,m84081_240726_211757_s1,m84081_240726_191837_s2,bc05,102-739-100,102-118-800,102-202-200,5,PACBIO,REVIO,HPRC_Kinnex_Pool_14,BioSample_1,r84081_20240726_191017,8.0.0,1.0.0,2.2.0,2.9.0,4.1.1,P1,C1,HPRC_Kinnex_Pool14,bc05,HPRC_Kinnex_Pool_14_bc05,NA18612,NA18612.lymph.m84081_240726_211757_s1-m84081_240726_191837_s2.flnc.bam,0.163864,1,10090463,TRUE
s3://human-pangenomics/working/HPRC/NA18620/raw_data/PacBio_Kinnex/NA18620.lymph.m84081_240724_105227_s4-m84081_240724_085257_s3.flnc.bam,lymph,WUST,flnc-4.bam,EA114579,EA114549,m84081_240724_105227_s4,m84081_240724_085257_s3,bc08,102-739-100,102-118-800,102-202-200,5,PACBIO,REVIO,HPRC_Kinnex_Pool_17,BioSample_4,r84081_20240722_185825,8.0.0,1.0.0,2.2.0,2.9.0,4.1.1,P1,C1,HPRC_Kinnex_Pool17,bc08,HPRC_Kinnex_Pool_17_bc08,NA18620,NA18620.lymph.m84081_240724_105227_s4-m84081_240724_085257_s3.flnc.bam,0.163532,1,17479680,TRUE
s3://human-pangenomics/working/HPRC/NA18747/raw_data/PacBio_Kinnex/NA18747.lymph.m84081_240726_211757_s1-m84081_240726_191837_s2.flnc.bam,lymph,WUST,flnc-8.bam,EA114360,EA114391,m84081_240726_211757_s1,m84081_240726_191837_s2,bc12,102-739-100,102-118-800,102-202-200,5,PACBIO,REVIO,HPRC_Kinnex_Pool_14,BioSample_8,r84081_20240726_191017,8.0.0,1.0.0,2.2.0,2.9.0,4.1.1,P1,C1,HPRC_Kinnex_Pool14,bc12,HPRC_Kinnex_Pool_14_bc12,NA18747,NA18747.lymph.m84081_240726_211757_s1-m84081_240726_191837_s2.flnc.bam,0.176013,1,10810952,TRUE
s3://human-pangenomics/working/HPRC/NA18952/raw_data/PacBio_Kinnex/NA18952.lymph.m84081_240724_105227_s4-m84081_240724_085257_s3.flnc.bam,lymph,WUST,flnc-7.bam,EA114579,EA114549,m84081_240724_105227_s4,m84081_240724_085257_s3,bc11,102-739-100,102-118-800,102-202-200,5,PACBIO,REVIO,HPRC_Kinnex_Pool_17,BioSample_7,r84081_20240722_185825,8.0.0,1.0.0,2.2.0,2.9.0,4.1.1,P1,C1,HPRC_Kinnex_Pool17,bc11,HPRC_Kinnex_Pool_17_bc11,NA18952,NA18952.lymph.m84081_240724_105227_s4-m84081_240724_085257_s3.flnc.bam,0.163749,1,16864717,TRUE
s3://human-pangenomics/working/HPRC/NA18971/raw_data/PacBio_Kinnex/NA18971.lymph.m84081_240722_210122_s1-m84081_240722_190156_s2.flnc.bam,lymph,WUST,flnc-3.bam,EA114537,EA114563,m84081_240722_210122_s1,m84081_240722_190156_s2,bc03,102-739-100,102-118-800,102-202-200,5,PACBIO,REVIO,HPRC_Kinnex_Pool_13,BioSample_3,r84081_20240722_185825,8.0.0,1.0.0,2.2.0,2.9.0,4.1.1,P1,C1,HPRC_Kinnex_Pool13,bc03,HPRC_Kinnex_Pool_13_bc03,NA18971,NA18971.lymph.m84081_240722_210122_s1-m84081_240722_190156_s2.flnc.bam,0.164422,1,10119710,TRUE
s3://human-pangenomics/working/HPRC/NA18974/raw_data/PacBio_Kinnex/NA18974.lymph.m84081_240724_105227_s4-m84081_240724_085257_s3.flnc.bam,lymph,WUST,flnc-6.bam,EA114579,EA114549,m84081_240724_105227_s4,m84081_240724_085257_s3,bc10,102-739-100,102-118-800,102-202-200,5,PACBIO,REVIO,HPRC_Kinnex_Pool_17,BioSample_6,r84081_20240722_185825,8.0.0,1.0.0,2.2.0,2.9.0,4.1.1,P1,C1,HPRC_Kinnex_Pool17,bc10,HPRC_Kinnex_Pool_17_bc10,NA18974,NA18974.lymph.m84081_240724_105227_s4-m84081_240724_085257_s3.flnc.bam,0.162671,1,18980779,TRUE
s3://human-pangenomics/working/HPRC/NA18976/raw_data/PacBio_Kinnex/NA18976.lymph.m84081_240724_105227_s4-m84081_240724_085257_s3.flnc.bam,lymph,WUST,flnc-8.bam,EA114579,EA114549,m84081_240724_105227_s4,m84081_240724_085257_s3,bc12,102-739-100,102-118-800,102-202-200,5,PACBIO,REVIO,HPRC_Kinnex_Pool_17,BioSample_8,r84081_20240722_185825,8.0.0,1.0.0,2.2.0,2.9.0,4.1.1,P1,C1,HPRC_Kinnex_Pool17,bc12,HPRC_Kinnex_Pool_17_bc12,NA18976,NA18976.lymph.m84081_240724_105227_s4-m84081_240724_085257_s3.flnc.bam,0.143227,1,13681723,TRUE
s3://human-pangenomics/working/HPRC/NA18983/raw_data/PacBio_Kinnex/NA18983.lymph.m84081_240726_211757_s1-m84081_240726_191837_s2.flnc.bam,lymph,WUST,flnc-6.bam,EA114360,EA114391,m84081_240726_211757_s1,m84081_240726_191837_s2,bc10,102-739-100,102-118-800,102-202-200,5,PACBIO,REVIO,HPRC_Kinnex_Pool_14,BioSample_6,r84081_20240726_191017,8.0.0,1.0.0,2.2.0,2.9.0,4.1.1,P1,C1,HPRC_Kinnex_Pool14,bc10,HPRC_Kinnex_Pool_14_bc10,NA18983,NA18983.lymph.m84081_240726_211757_s1-m84081_240726_191837_s2.flnc.bam,0.157934,1,17214754,TRUE
s3://human-pangenomics/working/HPRC/NA19036/raw_data/PacBio_Kinnex/NA19036.lymph.m84081_240728_110915_s4-m84081_240728_090940_s3.flnc.bam,lymph,WUST,flnc-4.bam,EA114381,EA114371,m84081_240728_110915_s4,m84081_240728_090940_s3,bc08,102-739-100,102-118-800,102-202-200,5,PACBIO,REVIO,HPRC_Kinnex_Pool_20,BioSample_4,r84081_20240726_191017,8.0.0,1.0.0,2.2.0,2.9.0,4.1.1,P1,C1,HPRC_Kinnex_Pool20,bc08,HPRC_Kinnex_Pool_20_bc08,NA19036,NA19036.lymph.m84081_240728_110915_s4-m84081_240728_090940_s3.flnc.bam,0.156206,1,16751355,TRUE
s3://human-pangenomics/working/HPRC/NA19043/raw_data/PacBio_Kinnex/NA19043.lymph.m84081_240724_065335_s1-m84081_240724_045406_s2.flnc.bam,lymph,WUST,flnc-3.bam,EA114534,EA114533,m84081_240724_065335_s1,m84081_240724_045406_s2,bc03,102-739-100,102-118-800,102-202-200,5,PACBIO,REVIO,HPRC_Kinnex_Pool_16,BioSample_3,r84081_20240722_185825,8.0.0,1.0.0,2.2.0,2.9.0,4.1.1,P1,C1,HPRC_Kinnex_Pool16,bc03,HPRC_Kinnex_Pool_16_bc03,NA19043,NA19043.lymph.m84081_240724_065335_s1-m84081_240724_045406_s2.flnc.bam,0.165547,1,15149869,TRUE
s3://human-pangenomics/working/HPRC/NA19087/raw_data/PacBio_Kinnex/NA19087.lymph.m84081_240722_230051_s3-m84081_240723_010018_s4.flnc.bam,lymph,WUST,flnc-5.bam,EA114526,EA114567,m84081_240722_230051_s3,m84081_240723_010018_s4,bc05,102-739-100,102-118-800,102-202-200,5,PACBIO,REVIO,HPRC_Kinnex_Pool_15,BioSample_5,r84081_20240722_185825,8.0.0,1.0.0,2.2.0,2.9.0,4.1.1,P1,C1,HPRC_Kinnex_Pool15,bc05,HPRC_Kinnex_Pool_15_bc05,NA19087,NA19087.lymph.m84081_240722_230051_s3-m84081_240723_010018_s4.flnc.bam,0.153871,1,16712321,TRUE
s3://human-pangenomics/working/HPRC/NA19159/raw_data/PacBio_Kinnex/NA19159.lymph.m84081_240722_230051_s3-m84081_240723_010018_s4.flnc.bam,lymph,WUST,flnc-1.bam,EA114526,EA114567,m84081_240722_230051_s3,m84081_240723_010018_s4,bc01,102-739-100,102-118-800,102-202-200,5,PACBIO,REVIO,HPRC_Kinnex_Pool_15,BioSample_1,r84081_20240722_185825,8.0.0,1.0.0,2.2.0,2.9.0,4.1.1,P1,C1,HPRC_Kinnex_Pool15,bc01,HPRC_Kinnex_Pool_15_bc01,NA19159,NA19159.lymph.m84081_240722_230051_s3-m84081_240723_010018_s4.flnc.bam,0.166317,1,14765232,TRUE
s3://human-pangenomics/working/HPRC/NA19185/raw_data/PacBio_Kinnex/NA19185.lymph.m84081_240722_230051_s3-m84081_240723_010018_s4.flnc.bam,lymph,WUST,flnc-2.bam,EA114526,EA114567,m84081_240722_230051_s3,m84081_240723_010018_s4,bc02,102-739-100,102-118-800,102-202-200,5,PACBIO,REVIO,HPRC_Kinnex_Pool_15,BioSample_2,r84081_20240722_185825,8.0.0,1.0.0,2.2.0,2.9.0,4.1.1,P1,C1,HPRC_Kinnex_Pool15,bc02,HPRC_Kinnex_Pool_15_bc02,NA19185,NA19185.lymph.m84081_240722_230051_s3-m84081_240723_010018_s4.flnc.bam,0.154566,1,17318034,TRUE
s3://human-pangenomics/working/HPRC/NA19338/raw_data/PacBio_Kinnex/NA19338.lymph.m84081_240722_210122_s1-m84081_240722_190156_s2.flnc.bam,lymph,WUST,flnc-6.bam,EA114537,EA114563,m84081_240722_210122_s1,m84081_240722_190156_s2,bc10,102-739-100,102-118-800,102-202-200,5,PACBIO,REVIO,HPRC_Kinnex_Pool_13,BioSample_6,r84081_20240722_185825,8.0.0,1.0.0,2.2.0,2.9.0,4.1.1,P1,C1,HPRC_Kinnex_Pool13,bc10,HPRC_Kinnex_Pool_13_bc10,NA19338,NA19338.lymph.m84081_240722_210122_s1-m84081_240722_190156_s2.flnc.bam,0.160915,1,20320790,TRUE
s3://human-pangenomics/working/HPRC/NA19391/raw_data/PacBio_Kinnex/NA19391.lymph.m84081_240722_210122_s1-m84081_240722_190156_s2.flnc.bam,lymph,WUST,flnc-7.bam,EA114537,EA114563,m84081_240722_210122_s1,m84081_240722_190156_s2,bc11,102-739-100,102-118-800,102-202-200,5,PACBIO,REVIO,HPRC_Kinnex_Pool_13,BioSample_7,r84081_20240722_185825,8.0.0,1.0.0,2.2.0,2.9.0,4.1.1,P1,C1,HPRC_Kinnex_Pool13,bc11,HPRC_Kinnex_Pool_13_bc11,NA19391,NA19391.lymph.m84081_240722_210122_s1-m84081_240722_190156_s2.flnc.bam,0.17016,1,10915374,TRUE
s3://human-pangenomics/working/HPRC/NA19443/raw_data/PacBio_Kinnex/NA19443.lymph.m84081_240728_110915_s4-m84081_240728_090940_s3.flnc.bam,lymph,WUST,flnc-2.bam,EA114381,EA114371,m84081_240728_110915_s4,m84081_240728_090940_s3,bc06,102-739-100,102-118-800,102-202-200,5,PACBIO,REVIO,HPRC_Kinnex_Pool_20,BioSample_2,r84081_20240726_191017,8.0.0,1.0.0,2.2.0,2.9.0,4.1.1,P1,C1,HPRC_Kinnex_Pool20,bc06,HPRC_Kinnex_Pool_20_bc06,NA19443,NA19443.lymph.m84081_240728_110915_s4-m84081_240728_090940_s3.flnc.bam,0.170999,1,14102830,TRUE
s3://human-pangenomics/working/HPRC/NA19468/raw_data/PacBio_Kinnex/NA19468.lymph.m84081_240722_210122_s1-m84081_240722_190156_s2.flnc.bam,lymph,WUST,flnc-8.bam,EA114537,EA114563,m84081_240722_210122_s1,m84081_240722_190156_s2,bc12,102-739-100,102-118-800,102-202-200,5,PACBIO,REVIO,HPRC_Kinnex_Pool_13,BioSample_8,r84081_20240722_185825,8.0.0,1.0.0,2.2.0,2.9.0,4.1.1,P1,C1,HPRC_Kinnex_Pool13,bc12,HPRC_Kinnex_Pool_13_bc12,NA19468,NA19468.lymph.m84081_240722_210122_s1-m84081_240722_190156_s2.flnc.bam,0.160855,1,9913617,TRUE
s3://human-pangenomics/working/HPRC/NA19700/raw_data/PacBio_Kinnex/NA19700.lymph.m84081_240724_065335_s1-m84081_240724_045406_s2.flnc.bam,lymph,WUST,flnc-4.bam,EA114534,EA114533,m84081_240724_065335_s1,m84081_240724_045406_s2,bc04,102-739-100,102-118-800,102-202-200,5,PACBIO,REVIO,HPRC_Kinnex_Pool_16,BioSample_4,r84081_20240722_185825,8.0.0,1.0.0,2.2.0,2.9.0,4.1.1,P1,C1,HPRC_Kinnex_Pool16,bc04,HPRC_Kinnex_Pool_16_bc04,NA19700,NA19700.lymph.m84081_240724_065335_s1-m84081_240724_045406_s2.flnc.bam,0.159195,1,17007320,TRUE
s3://human-pangenomics/working/HPRC/NA20503/raw_data/PacBio_Kinnex/NA20503.lymph.m84081_240727_011703_s4-m84081_240726_231733_s3.flnc.bam,lymph,WUST,flnc-8.bam,EA114350,EA114354,m84081_240727_011703_s4,m84081_240726_231733_s3,bc08,102-739-100,102-118-800,102-202-200,5,PACBIO,REVIO,HPRC_Kinnex_Pool_18,BioSample_8,r84081_20240726_191017,8.0.0,1.0.0,2.2.0,2.9.0,4.1.1,P1,C1,HPRC_Kinnex_Pool18,bc08,HPRC_Kinnex_Pool_18_bc08,NA20503,NA20503.lymph.m84081_240727_011703_s4-m84081_240726_231733_s3.flnc.bam,0.192075,1,15491897,TRUE
s3://human-pangenomics/working/HPRC/NA20752/raw_data/PacBio_Kinnex/NA20752.lymph.m84081_240724_065335_s1-m84081_240724_045406_s2.flnc.bam,lymph,WUST,flnc-5.bam,EA114534,EA114533,m84081_240724_065335_s1,m84081_240724_045406_s2,bc09,102-739-100,102-118-800,102-202-200,5,PACBIO,REVIO,HPRC_Kinnex_Pool_16,BioSample_5,r84081_20240722_185825,8.0.0,1.0.0,2.2.0,2.9.0,4.1.1,P1,C1,HPRC_Kinnex_Pool16,bc09,HPRC_Kinnex_Pool_16_bc09,NA20752,NA20752.lymph.m84081_240724_065335_s1-m84081_240724_045406_s2.flnc.bam,0.165438,1,19023374,TRUE
s3://human-pangenomics/working/HPRC/NA20799/raw_data/PacBio_Kinnex/NA20799.lymph.m84081_240724_065335_s1-m84081_240724_045406_s2.flnc.bam,lymph,WUST,flnc-1.bam,EA114534,EA114533,m84081_240724_065335_s1,m84081_240724_045406_s2,bc01,102-739-100,102-118-800,102-202-200,5,PACBIO,REVIO,HPRC_Kinnex_Pool_16,BioSample_1,r84081_20240722_185825,8.0.0,1.0.0,2.2.0,2.9.0,4.1.1,P1,C1,HPRC_Kinnex_Pool16,bc01,HPRC_Kinnex_Pool_16_bc01,NA20799,NA20799.lymph.m84081_240724_065335_s1-m84081_240724_045406_s2.flnc.bam,0.178283,1,19413978,TRUE
s3://human-pangenomics/working/HPRC/NA20805/raw_data/PacBio_Kinnex/NA20805.lymph.m84081_240722_230051_s3-m84081_240723_010018_s4.flnc.bam,lymph,WUST,flnc-6.bam,EA114526,EA114567,m84081_240722_230051_s3,m84081_240723_010018_s4,bc06,102-739-100,102-118-800,102-202-200,5,PACBIO,REVIO,HPRC_Kinnex_Pool_15,BioSample_6,r84081_20240722_185825,8.0.0,1.0.0,2.2.0,2.9.0,4.1.1,P1,C1,HPRC_Kinnex_Pool15,bc06,HPRC_Kinnex_Pool_15_bc06,NA20805,NA20805.lymph.m84081_240722_230051_s3-m84081_240723_010018_s4.flnc.bam,0.178975,1,13386009,TRUE
s3://human-pangenomics/working/HPRC/NA20870/raw_data/PacBio_Kinnex/NA20870.lymph.m84081_240727_011703_s4-m84081_240726_231733_s3.flnc.bam,lymph,WUST,flnc-1.bam,EA114350,EA114354,m84081_240727_011703_s4,m84081_240726_231733_s3,bc01,102-739-100,102-118-800,102-202-200,5,PACBIO,REVIO,HPRC_Kinnex_Pool_18,BioSample_1,r84081_20240726_191017,8.0.0,1.0.0,2.2.0,2.9.0,4.1.1,P1,C1,HPRC_Kinnex_Pool18,bc01,HPRC_Kinnex_Pool_18_bc01,NA20870,NA20870.lymph.m84081_240727_011703_s4-m84081_240726_231733_s3.flnc.bam,0.172779,1,15631798,TRUE
s3://human-pangenomics/working/HPRC/NA20905/raw_data/PacBio_Kinnex/NA20905.lymph.m84081_240724_065335_s1-m84081_240724_045406_s2.flnc.bam,lymph,WUST,flnc-6.bam,EA114534,EA114533,m84081_240724_065335_s1,m84081_240724_045406_s2,bc10,102-739-100,102-118-800,102-202-200,5,PACBIO,REVIO,HPRC_Kinnex_Pool_16,BioSample_6,r84081_20240722_185825,8.0.0,1.0.0,2.2.0,2.9.0,4.1.1,P1,C1,HPRC_Kinnex_Pool16,bc10,HPRC_Kinnex_Pool_16_bc10,NA20905,NA20905.lymph.m84081_240724_065335_s1-m84081_240724_045406_s2.flnc.bam,0.167911,1,20998715,TRUE
s3://human-pangenomics/working/HPRC/NA21093/raw_data/PacBio_Kinnex/NA21093.lymph.m84081_240727_011703_s4-m84081_240726_231733_s3.flnc.bam,lymph,WUST,flnc-5.bam,EA114350,EA114354,m84081_240727_011703_s4,m84081_240726_231733_s3,bc05,102-739-100,102-118-800,102-202-200,5,PACBIO,REVIO,HPRC_Kinnex_Pool_18,BioSample_5,r84081_20240726_191017,8.0.0,1.0.0,2.2.0,2.9.0,4.1.1,P1,C1,HPRC_Kinnex_Pool18,bc05,HPRC_Kinnex_Pool_18_bc05,NA21093,NA21093.lymph.m84081_240727_011703_s4-m84081_240726_231733_s3.flnc.bam,0.180572,1,13420815,TRUE
s3://human-pangenomics/working/HPRC/NA21106/raw_data/PacBio_Kinnex/NA21106.lymph.m84081_240727_011703_s4-m84081_240726_231733_s3.flnc.bam,lymph,WUST,flnc-7.bam,EA114350,EA114354,m84081_240727_011703_s4,m84081_240726_231733_s3,bc07,102-739-100,102-118-800,102-202-200,5,PACBIO,REVIO,HPRC_Kinnex_Pool_18,BioSample_7,r84081_20240726_191017,8.0.0,1.0.0,2.2.0,2.9.0,4.1.1,P1,C1,HPRC_Kinnex_Pool18,bc07,HPRC_Kinnex_Pool_18_bc07,NA21106,NA21106.lymph.m84081_240727_011703_s4-m84081_240726_231733_s3.flnc.bam,0.175474,1,24998408,TRUE
s3://human-pangenomics/working/HPRC/NA21110/raw_data/PacBio_Kinnex/NA21110.lymph.m84081_240727_011703_s4-m84081_240726_231733_s3.flnc.bam,lymph,WUST,flnc-2.bam,EA114350,EA114354,m84081_240727_011703_s4,m84081_240726_231733_s3,bc02,102-739-100,102-118-800,102-202-200,5,PACBIO,REVIO,HPRC_Kinnex_Pool_18,BioSample_2,r84081_20240726_191017,8.0.0,1.0.0,2.2.0,2.9.0,4.1.1,P1,C1,HPRC_Kinnex_Pool18,bc02,HPRC_Kinnex_Pool_18_bc02,NA21110,NA21110.lymph.m84081_240727_011703_s4-m84081_240726_231733_s3.flnc.bam,0.162041,1,23334740,TRUE
s3://human-pangenomics/working/HPRC/HG02486/raw_data/PacBio_Kinnex/HG02486.lymph.m84081_240712_194046_s2-m84081_240717_095021_s3.flnc.bam,lymph,WUST,flnc-3.bam,EA114523,EA114564,m84081_240712_194046_s2,m84081_240717_095021_s3,bc07,102-739-100,102-118-800,102-202-200,5,PACBIO,REVIO,HPRC_Kinnex_Pool_1,BioSample_3,r84081_20240712_193207,8.0.0,1.0.0,2.2.0,2.9.0,4.1.1,P1,C1,HPRC_Kinnex_Pool1,bc07,HPRC_Kinnex_Pool_1_bc07,HG02486,HG02486.lymph.m84081_240712_194046_s2-m84081_240717_095021_s3.flnc.bam,0.168067,1,17166088,TRUE
s3://human-pangenomics/working/HPRC/HG02559/raw_data/PacBio_Kinnex/HG02559.lymph.m84081_240712_194046_s2-m84081_240717_095021_s3.flnc.bam,lymph,WUST,flnc-4.bam,EA114523,EA114564,m84081_240712_194046_s2,m84081_240717_095021_s3,bc08,102-739-100,102-118-800,102-202-200,5,PACBIO,REVIO,HPRC_Kinnex_Pool_1,BioSample_4,r84081_20240712_193207,8.0.0,1.0.0,2.2.0,2.9.0,4.1.1,P1,C1,HPRC_Kinnex_Pool1,bc08,HPRC_Kinnex_Pool_1_bc08,HG02559,HG02559.lymph.m84081_240712_194046_s2-m84081_240717_095021_s3.flnc.bam,0.150864,1,16941262,TRUE
s3://human-pangenomics/working/HPRC/HG01123/raw_data/PacBio_Kinnex/HG01123.lymph.m84081_240712_194046_s2-m84081_240717_095021_s3.flnc.bam,lymph,WUST,flnc-5.bam,EA114523,EA114564,m84081_240712_194046_s2,m84081_240717_095021_s3,bc09,102-739-100,102-118-800,102-202-200,5,PACBIO,REVIO,HPRC_Kinnex_Pool_1,BioSample_5,r84081_20240712_193207,8.0.0,1.0.0,2.2.0,2.9.0,4.1.1,P1,C1,HPRC_Kinnex_Pool1,bc09,HPRC_Kinnex_Pool_1_bc09,HG01123,HG01123.lymph.m84081_240712_194046_s2-m84081_240717_095021_s3.flnc.bam,0.160227,1,19883662,TRUE
