filename,filetype,sample_ID,library_ID,library_strategy,library_source,library_selection,library_layout,platform,instrument_model,design_description,data_type,shear_method,size_selection,seq_kit,basecaller,basecaller_version,basecaller_model,generator_facility,generator_contact,notes,production,sequencing_chemistry
12_09_24_R1041_UL_HPRC_HG00099_1_dorado0.9.5_sup5.0.0_5mCG_5hmCG.bam,bam,HG00099,12_09_24_R1041_UL_HPRC_HG00099_1,WGS,GENOMIC,RANDOM,single,OXFORD_NANOPORE,PromethION,UL sequencing using ONT-NEB method,unaligned reads with 5mCG_5hmCG mods,no shear,no SS,SQK-ULK114,dorado,0.9.5,dna_r10.4.1_e8.2_400bps_sup@v5.0.0       ,University of California Santa Cruz,iviolich@ucsc.edu,,UCSC_HPRC_nanopore_Year3_R10,R1041
12_16_24_R1041_UL_HPRC_HG00099_1_dorado0.9.5_sup5.0.0_5mCG_5hmCG.bam,bam,HG00099,12_16_24_R1041_UL_HPRC_HG00099_1,WGS,GENOMIC,RANDOM,single,OXFORD_NANOPORE,PromethION,UL sequencing using ONT-NEB method,unaligned reads with 5mCG_5hmCG mods,no shear,no SS,SQK-ULK114,dorado,0.9.5,dna_r10.4.1_e8.2_400bps_sup@v5.0.0       ,University of California Santa Cruz,iviolich@ucsc.edu,,UCSC_HPRC_nanopore_Year3_R10,R1041
11_12_24_R1041_UL_HPRC_HG00140_1_dorado0.9.1_sup5.0.0_5mCG_5hmCG.bam,bam,HG00140,11_12_24_R1041_UL_HPRC_HG00140_1,WGS,GENOMIC,RANDOM,single,OXFORD_NANOPORE,PromethION,UL sequencing using ONT-NEB method,unaligned reads with 5mCG_5hmCG mods,no shear,no SS,SQK-ULK114,dorado,0.9.1,dna_r10.4.1_e8.2_400bps_sup@v5.0.0       ,University of California Santa Cruz,iviolich@ucsc.edu,,UCSC_HPRC_nanopore_Year3_R10,R1041
11_12_24_R1041_UL_HPRC_HG00140_2_dorado0.9.1_sup5.0.0_5mCG_5hmCG.bam,bam,HG00140,11_12_24_R1041_UL_HPRC_HG00140_2,WGS,GENOMIC,RANDOM,single,OXFORD_NANOPORE,PromethION,UL sequencing using ONT-NEB method,unaligned reads with 5mCG_5hmCG mods,no shear,no SS,SQK-ULK114,dorado,0.9.1,dna_r10.4.1_e8.2_400bps_sup@v5.0.0       ,University of California Santa Cruz,iviolich@ucsc.edu,,UCSC_HPRC_nanopore_Year3_R10,R1041
11_18_24_R1041_UL_HPRC_HG00280_1_dorado0.9.1_sup5.0.0_5mCG_5hmCG.bam,bam,HG00280,11_18_24_R1041_UL_HPRC_HG00280_1,WGS,GENOMIC,RANDOM,single,OXFORD_NANOPORE,PromethION,UL sequencing using ONT-NEB method,unaligned reads with 5mCG_5hmCG mods,no shear,no SS,SQK-ULK114,dorado,0.9.1,dna_r10.4.1_e8.2_400bps_sup@v5.0.0       ,University of California Santa Cruz,iviolich@ucsc.edu,,UCSC_HPRC_nanopore_Year3_R10,R1041
11_18_24_R1041_UL_HPRC_HG00280_2_dorado0.9.1_sup5.0.0_5mCG_5hmCG.bam,bam,HG00280,11_18_24_R1041_UL_HPRC_HG00280_2,WGS,GENOMIC,RANDOM,single,OXFORD_NANOPORE,PromethION,UL sequencing using ONT-NEB method,unaligned reads with 5mCG_5hmCG mods,no shear,no SS,SQK-ULK114,dorado,0.9.1,dna_r10.4.1_e8.2_400bps_sup@v5.0.0       ,University of California Santa Cruz,iviolich@ucsc.edu,,UCSC_HPRC_nanopore_Year3_R10,R1041
11_04_24_R1041_UL_HPRC_HG00323_1_dorado0.9.1_sup5.0.0_5mCG_5hmCG.bam,bam,HG00323,11_04_24_R1041_UL_HPRC_HG00323_1,WGS,GENOMIC,RANDOM,single,OXFORD_NANOPORE,PromethION,UL sequencing using ONT-NEB method,unaligned reads with 5mCG_5hmCG mods,no shear,no SS,SQK-ULK114,dorado,0.9.1,dna_r10.4.1_e8.2_400bps_sup@v5.0.0       ,University of California Santa Cruz,iviolich@ucsc.edu,,UCSC_HPRC_nanopore_Year3_R10,R1041
11_04_24_R1041_UL_HPRC_HG00323_2_dorado0.9.1_sup5.0.0_5mCG_5hmCG.bam,bam,HG00323,11_04_24_R1041_UL_HPRC_HG00323_2,WGS,GENOMIC,RANDOM,single,OXFORD_NANOPORE,PromethION,UL sequencing using ONT-NEB method,unaligned reads with 5mCG_5hmCG mods,no shear,no SS,SQK-ULK114,dorado,0.9.1,dna_r10.4.1_e8.2_400bps_sup@v5.0.0       ,University of California Santa Cruz,iviolich@ucsc.edu,,UCSC_HPRC_nanopore_Year3_R10,R1041
11_18_24_R1041_UL_HPRC_HG00323_1_dorado0.9.1_sup5.0.0_5mCG_5hmCG.bam,bam,HG00323,11_18_24_R1041_UL_HPRC_HG00323_1,WGS,GENOMIC,RANDOM,single,OXFORD_NANOPORE,PromethION,UL sequencing using ONT-NEB method,unaligned reads with 5mCG_5hmCG mods,no shear,no SS,SQK-ULK114,dorado,0.9.1,dna_r10.4.1_e8.2_400bps_sup@v5.0.0       ,University of California Santa Cruz,iviolich@ucsc.edu,,UCSC_HPRC_nanopore_Year3_R10,R1041
11_04_24_R1041_UL_HPRC_HG00408_1_dorado0.9.1_sup5.0.0_5mCG_5hmCG.bam,bam,HG00408,11_04_24_R1041_UL_HPRC_HG00408_1,WGS,GENOMIC,RANDOM,single,OXFORD_NANOPORE,PromethION,UL sequencing using ONT-NEB method,unaligned reads with 5mCG_5hmCG mods,no shear,no SS,SQK-ULK114,dorado,0.9.1,dna_r10.4.1_e8.2_400bps_sup@v5.0.0       ,University of California Santa Cruz,iviolich@ucsc.edu,,UCSC_HPRC_nanopore_Year3_R10,R1041
11_04_24_R1041_UL_HPRC_HG00408_2_dorado0.9.1_sup5.0.0_5mCG_5hmCG.bam,bam,HG00408,11_04_24_R1041_UL_HPRC_HG00408_2,WGS,GENOMIC,RANDOM,single,OXFORD_NANOPORE,PromethION,UL sequencing using ONT-NEB method,unaligned reads with 5mCG_5hmCG mods,no shear,no SS,SQK-ULK114,dorado,0.9.1,dna_r10.4.1_e8.2_400bps_sup@v5.0.0       ,University of California Santa Cruz,iviolich@ucsc.edu,,UCSC_HPRC_nanopore_Year3_R10,R1041
11_04_24_R1041_UL_HPRC_HG00558_1_dorado0.9.1_sup5.0.0_5mCG_5hmCG.bam,bam,HG00558,11_04_24_R1041_UL_HPRC_HG00558_1,WGS,GENOMIC,RANDOM,single,OXFORD_NANOPORE,PromethION,UL sequencing using ONT-NEB method,unaligned reads with 5mCG_5hmCG mods,no shear,no SS,SQK-ULK114,dorado,0.9.1,dna_r10.4.1_e8.2_400bps_sup@v5.0.0       ,University of California Santa Cruz,iviolich@ucsc.edu,,UCSC_HPRC_nanopore_Year3_R10,R1041
11_04_24_R1041_UL_HPRC_HG00558_2_dorado0.9.1_sup5.0.0_5mCG_5hmCG.bam,bam,HG00558,11_04_24_R1041_UL_HPRC_HG00558_2,WGS,GENOMIC,RANDOM,single,OXFORD_NANOPORE,PromethION,UL sequencing using ONT-NEB method,unaligned reads with 5mCG_5hmCG mods,no shear,no SS,SQK-ULK114,dorado,0.9.1,dna_r10.4.1_e8.2_400bps_sup@v5.0.0       ,University of California Santa Cruz,iviolich@ucsc.edu,,UCSC_HPRC_nanopore_Year3_R10,R1041
12_02_24_R1041_UL_HPRC_HG00597_1_dorado0.9.1_sup5.0.0_5mCG_5hmCG.bam,bam,HG00597,12_02_24_R1041_UL_HPRC_HG00597_1,WGS,GENOMIC,RANDOM,single,OXFORD_NANOPORE,PromethION,UL sequencing using ONT-NEB method,unaligned reads with 5mCG_5hmCG mods,no shear,no SS,SQK-ULK114,dorado,0.9.1,dna_r10.4.1_e8.2_400bps_sup@v5.0.0       ,University of California Santa Cruz,iviolich@ucsc.edu,,UCSC_HPRC_nanopore_Year3_R10,R1041
12_02_24_R1041_UL_HPRC_HG00597_2_dorado0.9.1_sup5.0.0_5mCG_5hmCG.bam,bam,HG00597,12_02_24_R1041_UL_HPRC_HG00597_2,WGS,GENOMIC,RANDOM,single,OXFORD_NANOPORE,PromethION,UL sequencing using ONT-NEB method,unaligned reads with 5mCG_5hmCG mods,no shear,no SS,SQK-ULK114,dorado,0.9.1,dna_r10.4.1_e8.2_400bps_sup@v5.0.0       ,University of California Santa Cruz,iviolich@ucsc.edu,,UCSC_HPRC_nanopore_Year3_R10,R1041
11_18_24_R1041_UL_HPRC_HG00639_1_dorado0.9.1_sup5.0.0_5mCG_5hmCG.bam,bam,HG00639,11_18_24_R1041_UL_HPRC_HG00639_1,WGS,GENOMIC,RANDOM,single,OXFORD_NANOPORE,PromethION,UL sequencing using ONT-NEB method,unaligned reads with 5mCG_5hmCG mods,no shear,no SS,SQK-ULK114,dorado,0.9.1,dna_r10.4.1_e8.2_400bps_sup@v5.0.0       ,University of California Santa Cruz,iviolich@ucsc.edu,,UCSC_HPRC_nanopore_Year3_R10,R1041
11_18_24_R1041_UL_HPRC_HG00639_2_dorado0.9.1_sup5.0.0_5mCG_5hmCG.bam,bam,HG00639,11_18_24_R1041_UL_HPRC_HG00639_2,WGS,GENOMIC,RANDOM,single,OXFORD_NANOPORE,PromethION,UL sequencing using ONT-NEB method,unaligned reads with 5mCG_5hmCG mods,no shear,no SS,SQK-ULK114,dorado,0.9.1,dna_r10.4.1_e8.2_400bps_sup@v5.0.0       ,University of California Santa Cruz,iviolich@ucsc.edu,,UCSC_HPRC_nanopore_Year3_R10,R1041
12_02_24_R1041_UL_HPRC_HG01074_1_dorado0.9.1_sup5.0.0_5mCG_5hmCG.bam,bam,HG01074,12_02_24_R1041_UL_HPRC_HG01074_1,WGS,GENOMIC,RANDOM,single,OXFORD_NANOPORE,PromethION,UL sequencing using ONT-NEB method,unaligned reads with 5mCG_5hmCG mods,no shear,no SS,SQK-ULK114,dorado,0.9.1,dna_r10.4.1_e8.2_400bps_sup@v5.0.0       ,University of California Santa Cruz,iviolich@ucsc.edu,,UCSC_HPRC_nanopore_Year3_R10,R1041
12_02_24_R1041_UL_HPRC_HG01074_2_dorado0.9.1_sup5.0.0_5mCG_5hmCG.bam,bam,HG01074,12_02_24_R1041_UL_HPRC_HG01074_2,WGS,GENOMIC,RANDOM,single,OXFORD_NANOPORE,PromethION,UL sequencing using ONT-NEB method,unaligned reads with 5mCG_5hmCG mods,no shear,no SS,SQK-ULK114,dorado,0.9.1,dna_r10.4.1_e8.2_400bps_sup@v5.0.0       ,University of California Santa Cruz,iviolich@ucsc.edu,,UCSC_HPRC_nanopore_Year3_R10,R1041
11_04_24_R1041_UL_HPRC_HG01081_1_dorado0.9.1_sup5.0.0_5mCG_5hmCG.bam,bam,HG01081,11_04_24_R1041_UL_HPRC_HG01081_1,WGS,GENOMIC,RANDOM,single,OXFORD_NANOPORE,PromethION,UL sequencing using ONT-NEB method,unaligned reads with 5mCG_5hmCG mods,no shear,no SS,SQK-ULK114,dorado,0.9.1,dna_r10.4.1_e8.2_400bps_sup@v5.0.0       ,University of California Santa Cruz,iviolich@ucsc.edu,,UCSC_HPRC_nanopore_Year3_R10,R1041
11_04_24_R1041_UL_HPRC_HG01081_2_dorado0.9.1_sup5.0.0_5mCG_5hmCG.bam,bam,HG01081,11_04_24_R1041_UL_HPRC_HG01081_2,WGS,GENOMIC,RANDOM,single,OXFORD_NANOPORE,PromethION,UL sequencing using ONT-NEB method,unaligned reads with 5mCG_5hmCG mods,no shear,no SS,SQK-ULK114,dorado,0.9.1,dna_r10.4.1_e8.2_400bps_sup@v5.0.0       ,University of California Santa Cruz,iviolich@ucsc.edu,,UCSC_HPRC_nanopore_Year3_R10,R1041
11_04_24_R1041_UL_HPRC_HG01150_1_dorado0.9.1_sup5.0.0_5mCG_5hmCG.bam,bam,HG01150,11_04_24_R1041_UL_HPRC_HG01150_1,WGS,GENOMIC,RANDOM,single,OXFORD_NANOPORE,PromethION,UL sequencing using ONT-NEB method,unaligned reads with 5mCG_5hmCG mods,no shear,no SS,SQK-ULK114,dorado,0.9.1,dna_r10.4.1_e8.2_400bps_sup@v5.0.0       ,University of California Santa Cruz,iviolich@ucsc.edu,,UCSC_HPRC_nanopore_Year3_R10,R1041
11_04_24_R1041_UL_HPRC_HG01150_2_dorado0.9.1_sup5.0.0_5mCG_5hmCG.bam,bam,HG01150,11_04_24_R1041_UL_HPRC_HG01150_2,WGS,GENOMIC,RANDOM,single,OXFORD_NANOPORE,PromethION,UL sequencing using ONT-NEB method,unaligned reads with 5mCG_5hmCG mods,no shear,no SS,SQK-ULK114,dorado,0.9.1,dna_r10.4.1_e8.2_400bps_sup@v5.0.0       ,University of California Santa Cruz,iviolich@ucsc.edu,,UCSC_HPRC_nanopore_Year3_R10,R1041
11_04_24_R1041_UL_HPRC_HG01192_1_dorado0.9.1_sup5.0.0_5mCG_5hmCG.bam,bam,HG01192,11_04_24_R1041_UL_HPRC_HG01192_1,WGS,GENOMIC,RANDOM,single,OXFORD_NANOPORE,PromethION,UL sequencing using ONT-NEB method,unaligned reads with 5mCG_5hmCG mods,no shear,no SS,SQK-ULK114,dorado,0.9.1,dna_r10.4.1_e8.2_400bps_sup@v5.0.0       ,University of California Santa Cruz,iviolich@ucsc.edu,,UCSC_HPRC_nanopore_Year3_R10,R1041
11_04_24_R1041_UL_HPRC_HG01192_2_dorado0.9.1_sup5.0.0_5mCG_5hmCG.bam,bam,HG01192,11_04_24_R1041_UL_HPRC_HG01192_2,WGS,GENOMIC,RANDOM,single,OXFORD_NANOPORE,PromethION,UL sequencing using ONT-NEB method,unaligned reads with 5mCG_5hmCG mods,no shear,no SS,SQK-ULK114,dorado,0.9.1,dna_r10.4.1_e8.2_400bps_sup@v5.0.0       ,University of California Santa Cruz,iviolich@ucsc.edu,,UCSC_HPRC_nanopore_Year3_R10,R1041
11_04_24_R1041_UL_HPRC_HG01252_1_dorado0.9.1_sup5.0.0_5mCG_5hmCG.bam,bam,HG01252,11_04_24_R1041_UL_HPRC_HG01252_1,WGS,GENOMIC,RANDOM,single,OXFORD_NANOPORE,PromethION,UL sequencing using ONT-NEB method,unaligned reads with 5mCG_5hmCG mods,no shear,no SS,SQK-ULK114,dorado,0.9.1,dna_r10.4.1_e8.2_400bps_sup@v5.0.0       ,University of California Santa Cruz,iviolich@ucsc.edu,,UCSC_HPRC_nanopore_Year3_R10,R1041
11_04_24_R1041_UL_HPRC_HG01252_2_dorado0.9.1_sup5.0.0_5mCG_5hmCG.bam,bam,HG01252,11_04_24_R1041_UL_HPRC_HG01252_2,WGS,GENOMIC,RANDOM,single,OXFORD_NANOPORE,PromethION,UL sequencing using ONT-NEB method,unaligned reads with 5mCG_5hmCG mods,no shear,no SS,SQK-ULK114,dorado,0.9.1,dna_r10.4.1_e8.2_400bps_sup@v5.0.0       ,University of California Santa Cruz,iviolich@ucsc.edu,,UCSC_HPRC_nanopore_Year3_R10,R1041
11_12_24_R1041_UL_HPRC_HG01261_1_dorado0.9.1_sup5.0.0_5mCG_5hmCG.bam,bam,HG01261,11_12_24_R1041_UL_HPRC_HG01261_1,WGS,GENOMIC,RANDOM,single,OXFORD_NANOPORE,PromethION,UL sequencing using ONT-NEB method,unaligned reads with 5mCG_5hmCG mods,no shear,no SS,SQK-ULK114,dorado,0.9.1,dna_r10.4.1_e8.2_400bps_sup@v5.0.0       ,University of California Santa Cruz,iviolich@ucsc.edu,,UCSC_HPRC_nanopore_Year3_R10,R1041
11_12_24_R1041_UL_HPRC_HG01261_2_dorado0.9.1_sup5.0.0_5mCG_5hmCG.bam,bam,HG01261,11_12_24_R1041_UL_HPRC_HG01261_2,WGS,GENOMIC,RANDOM,single,OXFORD_NANOPORE,PromethION,UL sequencing using ONT-NEB method,unaligned reads with 5mCG_5hmCG mods,no shear,no SS,SQK-ULK114,dorado,0.9.1,dna_r10.4.1_e8.2_400bps_sup@v5.0.0       ,University of California Santa Cruz,iviolich@ucsc.edu,,UCSC_HPRC_nanopore_Year3_R10,R1041
12_02_24_R1041_UL_HPRC_HG01530_1_dorado0.9.1_sup5.0.0_5mCG_5hmCG.bam,bam,HG01530,12_02_24_R1041_UL_HPRC_HG01530_1,WGS,GENOMIC,RANDOM,single,OXFORD_NANOPORE,PromethION,UL sequencing using ONT-NEB method,unaligned reads with 5mCG_5hmCG mods,no shear,no SS,SQK-ULK114,dorado,0.9.1,dna_r10.4.1_e8.2_400bps_sup@v5.0.0       ,University of California Santa Cruz,iviolich@ucsc.edu,,UCSC_HPRC_nanopore_Year3_R10,R1041
12_02_24_R1041_UL_HPRC_HG01530_2_dorado0.9.1_sup5.0.0_5mCG_5hmCG.bam,bam,HG01530,12_02_24_R1041_UL_HPRC_HG01530_2,WGS,GENOMIC,RANDOM,single,OXFORD_NANOPORE,PromethION,UL sequencing using ONT-NEB method,unaligned reads with 5mCG_5hmCG mods,no shear,no SS,SQK-ULK114,dorado,0.9.1,dna_r10.4.1_e8.2_400bps_sup@v5.0.0       ,University of California Santa Cruz,iviolich@ucsc.edu,,UCSC_HPRC_nanopore_Year3_R10,R1041
12_02_24_R1041_UL_HPRC_HG01784_1_dorado0.9.1_sup5.0.0_5mCG_5hmCG.bam,bam,HG01784,12_02_24_R1041_UL_HPRC_HG01784_1,WGS,GENOMIC,RANDOM,single,OXFORD_NANOPORE,PromethION,UL sequencing using ONT-NEB method,unaligned reads with 5mCG_5hmCG mods,no shear,no SS,SQK-ULK114,dorado,0.9.1,dna_r10.4.1_e8.2_400bps_sup@v5.0.0       ,University of California Santa Cruz,iviolich@ucsc.edu,,UCSC_HPRC_nanopore_Year3_R10,R1041
12_02_24_R1041_UL_HPRC_HG01784_2_dorado0.9.1_sup5.0.0_5mCG_5hmCG.bam,bam,HG01784,12_02_24_R1041_UL_HPRC_HG01784_2,WGS,GENOMIC,RANDOM,single,OXFORD_NANOPORE,PromethION,UL sequencing using ONT-NEB method,unaligned reads with 5mCG_5hmCG mods,no shear,no SS,SQK-ULK114,dorado,0.9.1,dna_r10.4.1_e8.2_400bps_sup@v5.0.0       ,University of California Santa Cruz,iviolich@ucsc.edu,,UCSC_HPRC_nanopore_Year3_R10,R1041
11_04_24_R1041_UL_HPRC_HG01940_1_dorado0.9.1_sup5.0.0_5mCG_5hmCG.bam,bam,HG01940,11_04_24_R1041_UL_HPRC_HG01940_1,WGS,GENOMIC,RANDOM,single,OXFORD_NANOPORE,PromethION,UL sequencing using ONT-NEB method,unaligned reads with 5mCG_5hmCG mods,no shear,no SS,SQK-ULK114,dorado,0.9.1,dna_r10.4.1_e8.2_400bps_sup@v5.0.0       ,University of California Santa Cruz,iviolich@ucsc.edu,,UCSC_HPRC_nanopore_Year3_R10,R1041
11_04_24_R1041_UL_HPRC_HG01940_2_dorado0.9.1_sup5.0.0_5mCG_5hmCG.bam,bam,HG01940,11_04_24_R1041_UL_HPRC_HG01940_2,WGS,GENOMIC,RANDOM,single,OXFORD_NANOPORE,PromethION,UL sequencing using ONT-NEB method,unaligned reads with 5mCG_5hmCG mods,no shear,no SS,SQK-ULK114,dorado,0.9.1,dna_r10.4.1_e8.2_400bps_sup@v5.0.0       ,University of California Santa Cruz,iviolich@ucsc.edu,,UCSC_HPRC_nanopore_Year3_R10,R1041
11_18_24_R1041_UL_HPRC_HG01940_1_dorado0.9.1_sup5.0.0_5mCG_5hmCG.bam,bam,HG01940,11_18_24_R1041_UL_HPRC_HG01940_1,WGS,GENOMIC,RANDOM,single,OXFORD_NANOPORE,PromethION,UL sequencing using ONT-NEB method,unaligned reads with 5mCG_5hmCG mods,no shear,no SS,SQK-ULK114,dorado,0.9.1,dna_r10.4.1_e8.2_400bps_sup@v5.0.0       ,University of California Santa Cruz,iviolich@ucsc.edu,,UCSC_HPRC_nanopore_Year3_R10,R1041
11_04_24_R1041_UL_HPRC_HG01960_1_dorado0.9.1_sup5.0.0_5mCG_5hmCG.bam,bam,HG01960,11_04_24_R1041_UL_HPRC_HG01960_1,WGS,GENOMIC,RANDOM,single,OXFORD_NANOPORE,PromethION,UL sequencing using ONT-NEB method,unaligned reads with 5mCG_5hmCG mods,no shear,no SS,SQK-ULK114,dorado,0.9.1,dna_r10.4.1_e8.2_400bps_sup@v5.0.0       ,University of California Santa Cruz,iviolich@ucsc.edu,,UCSC_HPRC_nanopore_Year3_R10,R1041
11_04_24_R1041_UL_HPRC_HG01960_2_dorado0.9.1_sup5.0.0_5mCG_5hmCG.bam,bam,HG01960,11_04_24_R1041_UL_HPRC_HG01960_2,WGS,GENOMIC,RANDOM,single,OXFORD_NANOPORE,PromethION,UL sequencing using ONT-NEB method,unaligned reads with 5mCG_5hmCG mods,no shear,no SS,SQK-ULK114,dorado,0.9.1,dna_r10.4.1_e8.2_400bps_sup@v5.0.0       ,University of California Santa Cruz,iviolich@ucsc.edu,,UCSC_HPRC_nanopore_Year3_R10,R1041
11_04_24_R1041_UL_HPRC_HG01969_1_dorado0.9.1_sup5.0.0_5mCG_5hmCG.bam,bam,HG01969,11_04_24_R1041_UL_HPRC_HG01969_1,WGS,GENOMIC,RANDOM,single,OXFORD_NANOPORE,PromethION,UL sequencing using ONT-NEB method,unaligned reads with 5mCG_5hmCG mods,no shear,no SS,SQK-ULK114,dorado,0.9.1,dna_r10.4.1_e8.2_400bps_sup@v5.0.0       ,University of California Santa Cruz,iviolich@ucsc.edu,,UCSC_HPRC_nanopore_Year3_R10,R1041
11_04_24_R1041_UL_HPRC_HG01969_2_dorado0.9.1_sup5.0.0_5mCG_5hmCG.bam,bam,HG01969,11_04_24_R1041_UL_HPRC_HG01969_2,WGS,GENOMIC,RANDOM,single,OXFORD_NANOPORE,PromethION,UL sequencing using ONT-NEB method,unaligned reads with 5mCG_5hmCG mods,no shear,no SS,SQK-ULK114,dorado,0.9.1,dna_r10.4.1_e8.2_400bps_sup@v5.0.0       ,University of California Santa Cruz,iviolich@ucsc.edu,,UCSC_HPRC_nanopore_Year3_R10,R1041
11_18_24_R1041_UL_HPRC_HG01975_1_dorado0.9.1_sup5.0.0_5mCG_5hmCG.bam,bam,HG01975,11_18_24_R1041_UL_HPRC_HG01975_1,WGS,GENOMIC,RANDOM,single,OXFORD_NANOPORE,PromethION,UL sequencing using ONT-NEB method,unaligned reads with 5mCG_5hmCG mods,no shear,no SS,SQK-ULK114,dorado,0.9.1,dna_r10.4.1_e8.2_400bps_sup@v5.0.0       ,University of California Santa Cruz,iviolich@ucsc.edu,,UCSC_HPRC_nanopore_Year3_R10,R1041
11_18_24_R1041_UL_HPRC_HG01975_2_dorado0.9.1_sup5.0.0_5mCG_5hmCG.bam,bam,HG01975,11_18_24_R1041_UL_HPRC_HG01975_2,WGS,GENOMIC,RANDOM,single,OXFORD_NANOPORE,PromethION,UL sequencing using ONT-NEB method,unaligned reads with 5mCG_5hmCG mods,no shear,no SS,SQK-ULK114,dorado,0.9.1,dna_r10.4.1_e8.2_400bps_sup@v5.0.0       ,University of California Santa Cruz,iviolich@ucsc.edu,,UCSC_HPRC_nanopore_Year3_R10,R1041
12_09_24_R1041_UL_HPRC_HG02015_1_dorado0.9.1_sup5.0.0_5mCG_5hmCG.bam,bam,HG02015,12_09_24_R1041_UL_HPRC_HG02015_1,WGS,GENOMIC,RANDOM,single,OXFORD_NANOPORE,PromethION,UL sequencing using ONT-NEB method,unaligned reads with 5mCG_5hmCG mods,no shear,no SS,SQK-ULK114,dorado,0.9.1,dna_r10.4.1_e8.2_400bps_sup@v5.0.0       ,University of California Santa Cruz,iviolich@ucsc.edu,,UCSC_HPRC_nanopore_Year3_R10,R1041
12_09_24_R1041_UL_HPRC_HG02015_2_dorado0.9.1_sup5.0.0_5mCG_5hmCG.bam,bam,HG02015,12_09_24_R1041_UL_HPRC_HG02015_2,WGS,GENOMIC,RANDOM,single,OXFORD_NANOPORE,PromethION,UL sequencing using ONT-NEB method,unaligned reads with 5mCG_5hmCG mods,no shear,no SS,SQK-ULK114,dorado,0.9.1,dna_r10.4.1_e8.2_400bps_sup@v5.0.0       ,University of California Santa Cruz,iviolich@ucsc.edu,,UCSC_HPRC_nanopore_Year3_R10,R1041
11_18_24_R1041_UL_HPRC_HG02040_1_dorado0.9.1_sup5.0.0_5mCG_5hmCG.bam,bam,HG02040,11_18_24_R1041_UL_HPRC_HG02040_1,WGS,GENOMIC,RANDOM,single,OXFORD_NANOPORE,PromethION,UL sequencing using ONT-NEB method,unaligned reads with 5mCG_5hmCG mods,no shear,no SS,SQK-ULK114,dorado,0.9.1,dna_r10.4.1_e8.2_400bps_sup@v5.0.0       ,University of California Santa Cruz,iviolich@ucsc.edu,,UCSC_HPRC_nanopore_Year3_R10,R1041
11_18_24_R1041_UL_HPRC_HG02040_2_dorado0.9.1_sup5.0.0_5mCG_5hmCG.bam,bam,HG02040,11_18_24_R1041_UL_HPRC_HG02040_2,WGS,GENOMIC,RANDOM,single,OXFORD_NANOPORE,PromethION,UL sequencing using ONT-NEB method,unaligned reads with 5mCG_5hmCG mods,no shear,no SS,SQK-ULK114,dorado,0.9.1,dna_r10.4.1_e8.2_400bps_sup@v5.0.0       ,University of California Santa Cruz,iviolich@ucsc.edu,,UCSC_HPRC_nanopore_Year3_R10,R1041
11_18_24_R1041_UL_HPRC_HG02056_1_dorado0.9.1_sup5.0.0_5mCG_5hmCG.bam,bam,HG02056,11_18_24_R1041_UL_HPRC_HG02056_1,WGS,GENOMIC,RANDOM,single,OXFORD_NANOPORE,PromethION,UL sequencing using ONT-NEB method,unaligned reads with 5mCG_5hmCG mods,no shear,no SS,SQK-ULK114,dorado,0.9.1,dna_r10.4.1_e8.2_400bps_sup@v5.0.0       ,University of California Santa Cruz,iviolich@ucsc.edu,,UCSC_HPRC_nanopore_Year3_R10,R1041
11_18_24_R1041_UL_HPRC_HG02056_2_dorado0.9.1_sup5.0.0_5mCG_5hmCG.bam,bam,HG02056,11_18_24_R1041_UL_HPRC_HG02056_2,WGS,GENOMIC,RANDOM,single,OXFORD_NANOPORE,PromethION,UL sequencing using ONT-NEB method,unaligned reads with 5mCG_5hmCG mods,no shear,no SS,SQK-ULK114,dorado,0.9.1,dna_r10.4.1_e8.2_400bps_sup@v5.0.0       ,University of California Santa Cruz,iviolich@ucsc.edu,,UCSC_HPRC_nanopore_Year3_R10,R1041
11_04_24_R1041_UL_HPRC_HG02129_1_dorado0.9.1_sup5.0.0_5mCG_5hmCG.bam,bam,HG02129,11_04_24_R1041_UL_HPRC_HG02129_1,WGS,GENOMIC,RANDOM,single,OXFORD_NANOPORE,PromethION,UL sequencing using ONT-NEB method,unaligned reads with 5mCG_5hmCG mods,no shear,no SS,SQK-ULK114,dorado,0.9.1,dna_r10.4.1_e8.2_400bps_sup@v5.0.0       ,University of California Santa Cruz,iviolich@ucsc.edu,,UCSC_HPRC_nanopore_Year3_R10,R1041
11_04_24_R1041_UL_HPRC_HG02129_2_dorado0.9.1_sup5.0.0_5mCG_5hmCG.bam,bam,HG02129,11_04_24_R1041_UL_HPRC_HG02129_2,WGS,GENOMIC,RANDOM,single,OXFORD_NANOPORE,PromethION,UL sequencing using ONT-NEB method,unaligned reads with 5mCG_5hmCG mods,no shear,no SS,SQK-ULK114,dorado,0.9.1,dna_r10.4.1_e8.2_400bps_sup@v5.0.0       ,University of California Santa Cruz,iviolich@ucsc.edu,,UCSC_HPRC_nanopore_Year3_R10,R1041
11_18_24_R1041_UL_HPRC_HG02129_1_dorado0.9.1_sup5.0.0_5mCG_5hmCG.bam,bam,HG02129,11_18_24_R1041_UL_HPRC_HG02129_1,WGS,GENOMIC,RANDOM,single,OXFORD_NANOPORE,PromethION,UL sequencing using ONT-NEB method,unaligned reads with 5mCG_5hmCG mods,no shear,no SS,SQK-ULK114,dorado,0.9.1,dna_r10.4.1_e8.2_400bps_sup@v5.0.0       ,University of California Santa Cruz,iviolich@ucsc.edu,,UCSC_HPRC_nanopore_Year3_R10,R1041
11_04_24_R1041_UL_HPRC_HG02155_1_dorado0.9.1_sup5.0.0_5mCG_5hmCG.bam,bam,HG02155,11_04_24_R1041_UL_HPRC_HG02155_1,WGS,GENOMIC,RANDOM,single,OXFORD_NANOPORE,PromethION,UL sequencing using ONT-NEB method,unaligned reads with 5mCG_5hmCG mods,no shear,no SS,SQK-ULK114,dorado,0.9.1,dna_r10.4.1_e8.2_400bps_sup@v5.0.0       ,University of California Santa Cruz,iviolich@ucsc.edu,,UCSC_HPRC_nanopore_Year3_R10,R1041
11_04_24_R1041_UL_HPRC_HG02155_2_dorado0.9.1_sup5.0.0_5mCG_5hmCG.bam,bam,HG02155,11_04_24_R1041_UL_HPRC_HG02155_2,WGS,GENOMIC,RANDOM,single,OXFORD_NANOPORE,PromethION,UL sequencing using ONT-NEB method,unaligned reads with 5mCG_5hmCG mods,no shear,no SS,SQK-ULK114,dorado,0.9.1,dna_r10.4.1_e8.2_400bps_sup@v5.0.0       ,University of California Santa Cruz,iviolich@ucsc.edu,,UCSC_HPRC_nanopore_Year3_R10,R1041
11_18_24_R1041_UL_HPRC_HG02155_1_dorado0.9.1_sup5.0.0_5mCG_5hmCG.bam,bam,HG02155,11_18_24_R1041_UL_HPRC_HG02155_1,WGS,GENOMIC,RANDOM,single,OXFORD_NANOPORE,PromethION,UL sequencing using ONT-NEB method,unaligned reads with 5mCG_5hmCG mods,no shear,no SS,SQK-ULK114,dorado,0.9.1,dna_r10.4.1_e8.2_400bps_sup@v5.0.0       ,University of California Santa Cruz,iviolich@ucsc.edu,,UCSC_HPRC_nanopore_Year3_R10,R1041
11_12_24_R1041_UL_HPRC_HG02165_1_dorado0.9.1_sup5.0.0_5mCG_5hmCG.bam,bam,HG02165,11_12_24_R1041_UL_HPRC_HG02165_1,WGS,GENOMIC,RANDOM,single,OXFORD_NANOPORE,PromethION,UL sequencing using ONT-NEB method,unaligned reads with 5mCG_5hmCG mods,no shear,no SS,SQK-ULK114,dorado,0.9.1,dna_r10.4.1_e8.2_400bps_sup@v5.0.0       ,University of California Santa Cruz,iviolich@ucsc.edu,,UCSC_HPRC_nanopore_Year3_R10,R1041
11_12_24_R1041_UL_HPRC_HG02165_2_dorado0.9.1_sup5.0.0_5mCG_5hmCG.bam,bam,HG02165,11_12_24_R1041_UL_HPRC_HG02165_2,WGS,GENOMIC,RANDOM,single,OXFORD_NANOPORE,PromethION,UL sequencing using ONT-NEB method,unaligned reads with 5mCG_5hmCG mods,no shear,no SS,SQK-ULK114,dorado,0.9.1,dna_r10.4.1_e8.2_400bps_sup@v5.0.0       ,University of California Santa Cruz,iviolich@ucsc.edu,,UCSC_HPRC_nanopore_Year3_R10,R1041
11_04_24_R1041_UL_HPRC_HG02258_1_dorado0.9.1_sup5.0.0_5mCG_5hmCG.bam,bam,HG02258,11_04_24_R1041_UL_HPRC_HG02258_1,WGS,GENOMIC,RANDOM,single,OXFORD_NANOPORE,PromethION,UL sequencing using ONT-NEB method,unaligned reads with 5mCG_5hmCG mods,no shear,no SS,SQK-ULK114,dorado,0.9.1,dna_r10.4.1_e8.2_400bps_sup@v5.0.0       ,University of California Santa Cruz,iviolich@ucsc.edu,,UCSC_HPRC_nanopore_Year3_R10,R1041
11_04_24_R1041_UL_HPRC_HG02258_2_dorado0.9.1_sup5.0.0_5mCG_5hmCG.bam,bam,HG02258,11_04_24_R1041_UL_HPRC_HG02258_2,WGS,GENOMIC,RANDOM,single,OXFORD_NANOPORE,PromethION,UL sequencing using ONT-NEB method,unaligned reads with 5mCG_5hmCG mods,no shear,no SS,SQK-ULK114,dorado,0.9.1,dna_r10.4.1_e8.2_400bps_sup@v5.0.0       ,University of California Santa Cruz,iviolich@ucsc.edu,,UCSC_HPRC_nanopore_Year3_R10,R1041
11_18_24_R1041_UL_HPRC_HG02258_1_dorado0.9.1_sup5.0.0_5mCG_5hmCG.bam,bam,HG02258,11_18_24_R1041_UL_HPRC_HG02258_1,WGS,GENOMIC,RANDOM,single,OXFORD_NANOPORE,PromethION,UL sequencing using ONT-NEB method,unaligned reads with 5mCG_5hmCG mods,no shear,no SS,SQK-ULK114,dorado,0.9.1,dna_r10.4.1_e8.2_400bps_sup@v5.0.0       ,University of California Santa Cruz,iviolich@ucsc.edu,,UCSC_HPRC_nanopore_Year3_R10,R1041
11_18_24_R1041_UL_HPRC_HG02273_1_dorado0.9.1_sup5.0.0_5mCG_5hmCG.bam,bam,HG02273,11_18_24_R1041_UL_HPRC_HG02273_1,WGS,GENOMIC,RANDOM,single,OXFORD_NANOPORE,PromethION,UL sequencing using ONT-NEB method,unaligned reads with 5mCG_5hmCG mods,no shear,no SS,SQK-ULK114,dorado,0.9.1,dna_r10.4.1_e8.2_400bps_sup@v5.0.0       ,University of California Santa Cruz,iviolich@ucsc.edu,,UCSC_HPRC_nanopore_Year3_R10,R1041
11_18_24_R1041_UL_HPRC_HG02273_2_dorado0.9.1_sup5.0.0_5mCG_5hmCG.bam,bam,HG02273,11_18_24_R1041_UL_HPRC_HG02273_2,WGS,GENOMIC,RANDOM,single,OXFORD_NANOPORE,PromethION,UL sequencing using ONT-NEB method,unaligned reads with 5mCG_5hmCG mods,no shear,no SS,SQK-ULK114,dorado,0.9.1,dna_r10.4.1_e8.2_400bps_sup@v5.0.0       ,University of California Santa Cruz,iviolich@ucsc.edu,,UCSC_HPRC_nanopore_Year3_R10,R1041
11_18_24_R1041_UL_HPRC_HG02391_1_dorado0.9.1_sup5.0.0_5mCG_5hmCG.bam,bam,HG02391,11_18_24_R1041_UL_HPRC_HG02391_1,WGS,GENOMIC,RANDOM,single,OXFORD_NANOPORE,PromethION,UL sequencing using ONT-NEB method,unaligned reads with 5mCG_5hmCG mods,no shear,no SS,SQK-ULK114,dorado,0.9.1,dna_r10.4.1_e8.2_400bps_sup@v5.0.0       ,University of California Santa Cruz,iviolich@ucsc.edu,,UCSC_HPRC_nanopore_Year3_R10,R1041
11_18_24_R1041_UL_HPRC_HG02391_2_dorado0.9.1_sup5.0.0_5mCG_5hmCG.bam,bam,HG02391,11_18_24_R1041_UL_HPRC_HG02391_2,WGS,GENOMIC,RANDOM,single,OXFORD_NANOPORE,PromethION,UL sequencing using ONT-NEB method,unaligned reads with 5mCG_5hmCG mods,no shear,no SS,SQK-ULK114,dorado,0.9.1,dna_r10.4.1_e8.2_400bps_sup@v5.0.0       ,University of California Santa Cruz,iviolich@ucsc.edu,,UCSC_HPRC_nanopore_Year3_R10,R1041
11_12_24_R1041_UL_HPRC_HG02451_1_dorado0.9.1_sup5.0.0_5mCG_5hmCG.bam,bam,HG02451,11_12_24_R1041_UL_HPRC_HG02451_1,WGS,GENOMIC,RANDOM,single,OXFORD_NANOPORE,PromethION,UL sequencing using ONT-NEB method,unaligned reads with 5mCG_5hmCG mods,no shear,no SS,SQK-ULK114,dorado,0.9.1,dna_r10.4.1_e8.2_400bps_sup@v5.0.0       ,University of California Santa Cruz,iviolich@ucsc.edu,,UCSC_HPRC_nanopore_Year3_R10,R1041
11_12_24_R1041_UL_HPRC_HG02451_2_dorado0.9.1_sup5.0.0_5mCG_5hmCG.bam,bam,HG02451,11_12_24_R1041_UL_HPRC_HG02451_2,WGS,GENOMIC,RANDOM,single,OXFORD_NANOPORE,PromethION,UL sequencing using ONT-NEB method,unaligned reads with 5mCG_5hmCG mods,no shear,no SS,SQK-ULK114,dorado,0.9.1,dna_r10.4.1_e8.2_400bps_sup@v5.0.0       ,University of California Santa Cruz,iviolich@ucsc.edu,,UCSC_HPRC_nanopore_Year3_R10,R1041
11_18_24_R1041_UL_HPRC_HG02514_1_dorado0.9.1_sup5.0.0_5mCG_5hmCG.bam,bam,HG02514,11_18_24_R1041_UL_HPRC_HG02514_1,WGS,GENOMIC,RANDOM,single,OXFORD_NANOPORE,PromethION,UL sequencing using ONT-NEB method,unaligned reads with 5mCG_5hmCG mods,no shear,no SS,SQK-ULK114,dorado,0.9.1,dna_r10.4.1_e8.2_400bps_sup@v5.0.0       ,University of California Santa Cruz,iviolich@ucsc.edu,,UCSC_HPRC_nanopore_Year3_R10,R1041
11_18_24_R1041_UL_HPRC_HG02514_2_dorado0.9.1_sup5.0.0_5mCG_5hmCG.bam,bam,HG02514,11_18_24_R1041_UL_HPRC_HG02514_2,WGS,GENOMIC,RANDOM,single,OXFORD_NANOPORE,PromethION,UL sequencing using ONT-NEB method,unaligned reads with 5mCG_5hmCG mods,no shear,no SS,SQK-ULK114,dorado,0.9.1,dna_r10.4.1_e8.2_400bps_sup@v5.0.0       ,University of California Santa Cruz,iviolich@ucsc.edu,,UCSC_HPRC_nanopore_Year3_R10,R1041
11_12_24_R1041_UL_HPRC_HG02735_1_dorado0.9.1_sup5.0.0_5mCG_5hmCG.bam,bam,HG02735,11_12_24_R1041_UL_HPRC_HG02735_1,WGS,GENOMIC,RANDOM,single,OXFORD_NANOPORE,PromethION,UL sequencing using ONT-NEB method,unaligned reads with 5mCG_5hmCG mods,no shear,no SS,SQK-ULK114,dorado,0.9.1,dna_r10.4.1_e8.2_400bps_sup@v5.0.0       ,University of California Santa Cruz,iviolich@ucsc.edu,,UCSC_HPRC_nanopore_Year3_R10,R1041
11_12_24_R1041_UL_HPRC_HG02735_2_dorado0.9.1_sup5.0.0_5mCG_5hmCG.bam,bam,HG02735,11_12_24_R1041_UL_HPRC_HG02735_2,WGS,GENOMIC,RANDOM,single,OXFORD_NANOPORE,PromethION,UL sequencing using ONT-NEB method,unaligned reads with 5mCG_5hmCG mods,no shear,no SS,SQK-ULK114,dorado,0.9.1,dna_r10.4.1_e8.2_400bps_sup@v5.0.0       ,University of California Santa Cruz,iviolich@ucsc.edu,,UCSC_HPRC_nanopore_Year3_R10,R1041
11_18_24_R1041_UL_HPRC_HG02735_1_dorado0.9.1_sup5.0.0_5mCG_5hmCG.bam,bam,HG02735,11_18_24_R1041_UL_HPRC_HG02735_1,WGS,GENOMIC,RANDOM,single,OXFORD_NANOPORE,PromethION,UL sequencing using ONT-NEB method,unaligned reads with 5mCG_5hmCG mods,no shear,no SS,SQK-ULK114,dorado,0.9.1,dna_r10.4.1_e8.2_400bps_sup@v5.0.0       ,University of California Santa Cruz,iviolich@ucsc.edu,,UCSC_HPRC_nanopore_Year3_R10,R1041
11_12_24_R1041_UL_HPRC_HG02841_1_dorado0.9.1_sup5.0.0_5mCG_5hmCG.bam,bam,HG02841,11_12_24_R1041_UL_HPRC_HG02841_1,WGS,GENOMIC,RANDOM,single,OXFORD_NANOPORE,PromethION,UL sequencing using ONT-NEB method,unaligned reads with 5mCG_5hmCG mods,no shear,no SS,SQK-ULK114,dorado,0.9.1,dna_r10.4.1_e8.2_400bps_sup@v5.0.0       ,University of California Santa Cruz,iviolich@ucsc.edu,,UCSC_HPRC_nanopore_Year3_R10,R1041
11_12_24_R1041_UL_HPRC_HG02841_2_dorado0.9.1_sup5.0.0_5mCG_5hmCG.bam,bam,HG02841,11_12_24_R1041_UL_HPRC_HG02841_2,WGS,GENOMIC,RANDOM,single,OXFORD_NANOPORE,PromethION,UL sequencing using ONT-NEB method,unaligned reads with 5mCG_5hmCG mods,no shear,no SS,SQK-ULK114,dorado,0.9.1,dna_r10.4.1_e8.2_400bps_sup@v5.0.0       ,University of California Santa Cruz,iviolich@ucsc.edu,,UCSC_HPRC_nanopore_Year3_R10,R1041
11_12_24_R1041_UL_HPRC_HG02922_1_dorado0.9.1_sup5.0.0_5mCG_5hmCG.bam,bam,HG02922,11_12_24_R1041_UL_HPRC_HG02922_1,WGS,GENOMIC,RANDOM,single,OXFORD_NANOPORE,PromethION,UL sequencing using ONT-NEB method,unaligned reads with 5mCG_5hmCG mods,no shear,no SS,SQK-ULK114,dorado,0.9.1,dna_r10.4.1_e8.2_400bps_sup@v5.0.0       ,University of California Santa Cruz,iviolich@ucsc.edu,,UCSC_HPRC_nanopore_Year3_R10,R1041
11_12_24_R1041_UL_HPRC_HG02922_2_dorado0.9.1_sup5.0.0_5mCG_5hmCG.bam,bam,HG02922,11_12_24_R1041_UL_HPRC_HG02922_2,WGS,GENOMIC,RANDOM,single,OXFORD_NANOPORE,PromethION,UL sequencing using ONT-NEB method,unaligned reads with 5mCG_5hmCG mods,no shear,no SS,SQK-ULK114,dorado,0.9.1,dna_r10.4.1_e8.2_400bps_sup@v5.0.0       ,University of California Santa Cruz,iviolich@ucsc.edu,,UCSC_HPRC_nanopore_Year3_R10,R1041
11_18_24_R1041_UL_HPRC_HG02965_1_dorado0.9.1_sup5.0.0_5mCG_5hmCG.bam,bam,HG02965,11_18_24_R1041_UL_HPRC_HG02965_1,WGS,GENOMIC,RANDOM,single,OXFORD_NANOPORE,PromethION,UL sequencing using ONT-NEB method,unaligned reads with 5mCG_5hmCG mods,no shear,no SS,SQK-ULK114,dorado,0.9.1,dna_r10.4.1_e8.2_400bps_sup@v5.0.0       ,University of California Santa Cruz,iviolich@ucsc.edu,,UCSC_HPRC_nanopore_Year3_R10,R1041
11_18_24_R1041_UL_HPRC_HG02965_2_dorado0.9.1_sup5.0.0_5mCG_5hmCG.bam,bam,HG02965,11_18_24_R1041_UL_HPRC_HG02965_2,WGS,GENOMIC,RANDOM,single,OXFORD_NANOPORE,PromethION,UL sequencing using ONT-NEB method,unaligned reads with 5mCG_5hmCG mods,no shear,no SS,SQK-ULK114,dorado,0.9.1,dna_r10.4.1_e8.2_400bps_sup@v5.0.0       ,University of California Santa Cruz,iviolich@ucsc.edu,,UCSC_HPRC_nanopore_Year3_R10,R1041
11_04_24_R1041_UL_HPRC_HG02976_1_dorado0.9.1_sup5.0.0_5mCG_5hmCG.bam,bam,HG02976,11_04_24_R1041_UL_HPRC_HG02976_1,WGS,GENOMIC,RANDOM,single,OXFORD_NANOPORE,PromethION,UL sequencing using ONT-NEB method,unaligned reads with 5mCG_5hmCG mods,no shear,no SS,SQK-ULK114,dorado,0.9.1,dna_r10.4.1_e8.2_400bps_sup@v5.0.0       ,University of California Santa Cruz,iviolich@ucsc.edu,,UCSC_HPRC_nanopore_Year3_R10,R1041
11_04_24_R1041_UL_HPRC_HG02976_2_dorado0.9.1_sup5.0.0_5mCG_5hmCG.bam,bam,HG02976,11_04_24_R1041_UL_HPRC_HG02976_2,WGS,GENOMIC,RANDOM,single,OXFORD_NANOPORE,PromethION,UL sequencing using ONT-NEB method,unaligned reads with 5mCG_5hmCG mods,no shear,no SS,SQK-ULK114,dorado,0.9.1,dna_r10.4.1_e8.2_400bps_sup@v5.0.0       ,University of California Santa Cruz,iviolich@ucsc.edu,,UCSC_HPRC_nanopore_Year3_R10,R1041
11_18_24_R1041_UL_HPRC_HG02976_1_dorado0.9.1_sup5.0.0_5mCG_5hmCG.bam,bam,HG02976,11_18_24_R1041_UL_HPRC_HG02976_1,WGS,GENOMIC,RANDOM,single,OXFORD_NANOPORE,PromethION,UL sequencing using ONT-NEB method,unaligned reads with 5mCG_5hmCG mods,no shear,no SS,SQK-ULK114,dorado,0.9.1,dna_r10.4.1_e8.2_400bps_sup@v5.0.0       ,University of California Santa Cruz,iviolich@ucsc.edu,,UCSC_HPRC_nanopore_Year3_R10,R1041
12_02_24_R1041_UL_HPRC_HG02984_1_dorado0.9.1_sup5.0.0_5mCG_5hmCG.bam,bam,HG02984,12_02_24_R1041_UL_HPRC_HG02984_1,WGS,GENOMIC,RANDOM,single,OXFORD_NANOPORE,PromethION,UL sequencing using ONT-NEB method,unaligned reads with 5mCG_5hmCG mods,no shear,no SS,SQK-ULK114,dorado,0.9.1,dna_r10.4.1_e8.2_400bps_sup@v5.0.0       ,University of California Santa Cruz,iviolich@ucsc.edu,,UCSC_HPRC_nanopore_Year3_R10,R1041
12_02_24_R1041_UL_HPRC_HG02984_2_dorado0.9.1_sup5.0.0_5mCG_5hmCG.bam,bam,HG02984,12_02_24_R1041_UL_HPRC_HG02984_2,WGS,GENOMIC,RANDOM,single,OXFORD_NANOPORE,PromethION,UL sequencing using ONT-NEB method,unaligned reads with 5mCG_5hmCG mods,no shear,no SS,SQK-ULK114,dorado,0.9.1,dna_r10.4.1_e8.2_400bps_sup@v5.0.0       ,University of California Santa Cruz,iviolich@ucsc.edu,,UCSC_HPRC_nanopore_Year3_R10,R1041
11_12_24_R1041_UL_HPRC_HG03017_1_dorado0.9.1_sup5.0.0_5mCG_5hmCG.bam,bam,HG03017,11_12_24_R1041_UL_HPRC_HG03017_1,WGS,GENOMIC,RANDOM,single,OXFORD_NANOPORE,PromethION,UL sequencing using ONT-NEB method,unaligned reads with 5mCG_5hmCG mods,no shear,no SS,SQK-ULK114,dorado,0.9.1,dna_r10.4.1_e8.2_400bps_sup@v5.0.0       ,University of California Santa Cruz,iviolich@ucsc.edu,,UCSC_HPRC_nanopore_Year3_R10,R1041
11_12_24_R1041_UL_HPRC_HG03017_2_dorado0.9.1_sup5.0.0_5mCG_5hmCG.bam,bam,HG03017,11_12_24_R1041_UL_HPRC_HG03017_2,WGS,GENOMIC,RANDOM,single,OXFORD_NANOPORE,PromethION,UL sequencing using ONT-NEB method,unaligned reads with 5mCG_5hmCG mods,no shear,no SS,SQK-ULK114,dorado,0.9.1,dna_r10.4.1_e8.2_400bps_sup@v5.0.0       ,University of California Santa Cruz,iviolich@ucsc.edu,,UCSC_HPRC_nanopore_Year3_R10,R1041
11_18_24_R1041_UL_HPRC_HG03017_1_dorado0.9.1_sup5.0.0_5mCG_5hmCG.bam,bam,HG03017,11_18_24_R1041_UL_HPRC_HG03017_1,WGS,GENOMIC,RANDOM,single,OXFORD_NANOPORE,PromethION,UL sequencing using ONT-NEB method,unaligned reads with 5mCG_5hmCG mods,no shear,no SS,SQK-ULK114,dorado,0.9.1,dna_r10.4.1_e8.2_400bps_sup@v5.0.0       ,University of California Santa Cruz,iviolich@ucsc.edu,,UCSC_HPRC_nanopore_Year3_R10,R1041
11_04_24_R1041_UL_HPRC_HG03041_1_dorado0.9.1_sup5.0.0_5mCG_5hmCG.bam,bam,HG03041,11_04_24_R1041_UL_HPRC_HG03041_1,WGS,GENOMIC,RANDOM,single,OXFORD_NANOPORE,PromethION,UL sequencing using ONT-NEB method,unaligned reads with 5mCG_5hmCG mods,no shear,no SS,SQK-ULK114,dorado,0.9.1,dna_r10.4.1_e8.2_400bps_sup@v5.0.0       ,University of California Santa Cruz,iviolich@ucsc.edu,,UCSC_HPRC_nanopore_Year3_R10,R1041
11_04_24_R1041_UL_HPRC_HG03041_2_dorado0.9.1_sup5.0.0_5mCG_5hmCG.bam,bam,HG03041,11_04_24_R1041_UL_HPRC_HG03041_2,WGS,GENOMIC,RANDOM,single,OXFORD_NANOPORE,PromethION,UL sequencing using ONT-NEB method,unaligned reads with 5mCG_5hmCG mods,no shear,no SS,SQK-ULK114,dorado,0.9.1,dna_r10.4.1_e8.2_400bps_sup@v5.0.0       ,University of California Santa Cruz,iviolich@ucsc.edu,,UCSC_HPRC_nanopore_Year3_R10,R1041
11_04_24_R1041_UL_HPRC_HG03050_1_dorado0.9.1_sup5.0.0_5mCG_5hmCG.bam,bam,HG03050,11_04_24_R1041_UL_HPRC_HG03050_1,WGS,GENOMIC,RANDOM,single,OXFORD_NANOPORE,PromethION,UL sequencing using ONT-NEB method,unaligned reads with 5mCG_5hmCG mods,no shear,no SS,SQK-ULK114,dorado,0.9.1,dna_r10.4.1_e8.2_400bps_sup@v5.0.0       ,University of California Santa Cruz,iviolich@ucsc.edu,,UCSC_HPRC_nanopore_Year3_R10,R1041
11_04_24_R1041_UL_HPRC_HG03050_2_dorado0.9.1_sup5.0.0_5mCG_5hmCG.bam,bam,HG03050,11_04_24_R1041_UL_HPRC_HG03050_2,WGS,GENOMIC,RANDOM,single,OXFORD_NANOPORE,PromethION,UL sequencing using ONT-NEB method,unaligned reads with 5mCG_5hmCG mods,no shear,no SS,SQK-ULK114,dorado,0.9.1,dna_r10.4.1_e8.2_400bps_sup@v5.0.0       ,University of California Santa Cruz,iviolich@ucsc.edu,,UCSC_HPRC_nanopore_Year3_R10,R1041
12_02_24_R1041_UL_HPRC_HG03130_1_dorado0.9.1_sup5.0.0_5mCG_5hmCG.bam,bam,HG03130,12_02_24_R1041_UL_HPRC_HG03130_1,WGS,GENOMIC,RANDOM,single,OXFORD_NANOPORE,PromethION,UL sequencing using ONT-NEB method,unaligned reads with 5mCG_5hmCG mods,no shear,no SS,SQK-ULK114,dorado,0.9.1,dna_r10.4.1_e8.2_400bps_sup@v5.0.0       ,University of California Santa Cruz,iviolich@ucsc.edu,,UCSC_HPRC_nanopore_Year3_R10,R1041
12_02_24_R1041_UL_HPRC_HG03130_2_dorado0.9.1_sup5.0.0_5mCG_5hmCG.bam,bam,HG03130,12_02_24_R1041_UL_HPRC_HG03130_2,WGS,GENOMIC,RANDOM,single,OXFORD_NANOPORE,PromethION,UL sequencing using ONT-NEB method,unaligned reads with 5mCG_5hmCG mods,no shear,no SS,SQK-ULK114,dorado,0.9.1,dna_r10.4.1_e8.2_400bps_sup@v5.0.0       ,University of California Santa Cruz,iviolich@ucsc.edu,,UCSC_HPRC_nanopore_Year3_R10,R1041
11_18_24_R1041_UL_HPRC_HG03139_1_dorado0.9.1_sup5.0.0_5mCG_5hmCG.bam,bam,HG03139,11_18_24_R1041_UL_HPRC_HG03139_1,WGS,GENOMIC,RANDOM,single,OXFORD_NANOPORE,PromethION,UL sequencing using ONT-NEB method,unaligned reads with 5mCG_5hmCG mods,no shear,no SS,SQK-ULK114,dorado,0.9.1,dna_r10.4.1_e8.2_400bps_sup@v5.0.0       ,University of California Santa Cruz,iviolich@ucsc.edu,,UCSC_HPRC_nanopore_Year3_R10,R1041
11_18_24_R1041_UL_HPRC_HG03139_2_dorado0.9.1_sup5.0.0_5mCG_5hmCG.bam,bam,HG03139,11_18_24_R1041_UL_HPRC_HG03139_2,WGS,GENOMIC,RANDOM,single,OXFORD_NANOPORE,PromethION,UL sequencing using ONT-NEB method,unaligned reads with 5mCG_5hmCG mods,no shear,no SS,SQK-ULK114,dorado,0.9.1,dna_r10.4.1_e8.2_400bps_sup@v5.0.0       ,University of California Santa Cruz,iviolich@ucsc.edu,,UCSC_HPRC_nanopore_Year3_R10,R1041
11_04_24_R1041_UL_HPRC_HG03195_1_dorado0.9.1_sup5.0.0_5mCG_5hmCG.bam,bam,HG03195,11_04_24_R1041_UL_HPRC_HG03195_1,WGS,GENOMIC,RANDOM,single,OXFORD_NANOPORE,PromethION,UL sequencing using ONT-NEB method,unaligned reads with 5mCG_5hmCG mods,no shear,no SS,SQK-ULK114,dorado,0.9.1,dna_r10.4.1_e8.2_400bps_sup@v5.0.0       ,University of California Santa Cruz,iviolich@ucsc.edu,,UCSC_HPRC_nanopore_Year3_R10,R1041
11_04_24_R1041_UL_HPRC_HG03195_2_dorado0.9.1_sup5.0.0_5mCG_5hmCG.bam,bam,HG03195,11_04_24_R1041_UL_HPRC_HG03195_2,WGS,GENOMIC,RANDOM,single,OXFORD_NANOPORE,PromethION,UL sequencing using ONT-NEB method,unaligned reads with 5mCG_5hmCG mods,no shear,no SS,SQK-ULK114,dorado,0.9.1,dna_r10.4.1_e8.2_400bps_sup@v5.0.0       ,University of California Santa Cruz,iviolich@ucsc.edu,,UCSC_HPRC_nanopore_Year3_R10,R1041
11_04_24_R1041_UL_HPRC_HG03209_1_dorado0.9.1_sup5.0.0_5mCG_5hmCG.bam,bam,HG03209,11_04_24_R1041_UL_HPRC_HG03209_1,WGS,GENOMIC,RANDOM,single,OXFORD_NANOPORE,PromethION,UL sequencing using ONT-NEB method,unaligned reads with 5mCG_5hmCG mods,no shear,no SS,SQK-ULK114,dorado,0.9.1,dna_r10.4.1_e8.2_400bps_sup@v5.0.0       ,University of California Santa Cruz,iviolich@ucsc.edu,,UCSC_HPRC_nanopore_Year3_R10,R1041
11_04_24_R1041_UL_HPRC_HG03209_2_dorado0.9.1_sup5.0.0_5mCG_5hmCG.bam,bam,HG03209,11_04_24_R1041_UL_HPRC_HG03209_2,WGS,GENOMIC,RANDOM,single,OXFORD_NANOPORE,PromethION,UL sequencing using ONT-NEB method,unaligned reads with 5mCG_5hmCG mods,no shear,no SS,SQK-ULK114,dorado,0.9.1,dna_r10.4.1_e8.2_400bps_sup@v5.0.0       ,University of California Santa Cruz,iviolich@ucsc.edu,,UCSC_HPRC_nanopore_Year3_R10,R1041
11_18_24_R1041_UL_HPRC_HG03209_1_dorado0.9.1_sup5.0.0_5mCG_5hmCG.bam,bam,HG03209,11_18_24_R1041_UL_HPRC_HG03209_1,WGS,GENOMIC,RANDOM,single,OXFORD_NANOPORE,PromethION,UL sequencing using ONT-NEB method,unaligned reads with 5mCG_5hmCG mods,no shear,no SS,SQK-ULK114,dorado,0.9.1,dna_r10.4.1_e8.2_400bps_sup@v5.0.0       ,University of California Santa Cruz,iviolich@ucsc.edu,,UCSC_HPRC_nanopore_Year3_R10,R1041
11_04_24_R1041_UL_HPRC_HG03225_1_dorado0.9.1_sup5.0.0_5mCG_5hmCG.bam,bam,HG03225,11_04_24_R1041_UL_HPRC_HG03225_1,WGS,GENOMIC,RANDOM,single,OXFORD_NANOPORE,PromethION,UL sequencing using ONT-NEB method,unaligned reads with 5mCG_5hmCG mods,no shear,no SS,SQK-ULK114,dorado,0.9.1,dna_r10.4.1_e8.2_400bps_sup@v5.0.0       ,University of California Santa Cruz,iviolich@ucsc.edu,,UCSC_HPRC_nanopore_Year3_R10,R1041
11_04_24_R1041_UL_HPRC_HG03225_2_dorado0.9.1_sup5.0.0_5mCG_5hmCG.bam,bam,HG03225,11_04_24_R1041_UL_HPRC_HG03225_2,WGS,GENOMIC,RANDOM,single,OXFORD_NANOPORE,PromethION,UL sequencing using ONT-NEB method,unaligned reads with 5mCG_5hmCG mods,no shear,no SS,SQK-ULK114,dorado,0.9.1,dna_r10.4.1_e8.2_400bps_sup@v5.0.0       ,University of California Santa Cruz,iviolich@ucsc.edu,,UCSC_HPRC_nanopore_Year3_R10,R1041
11_18_24_R1041_UL_HPRC_HG03225_1_dorado0.9.1_sup5.0.0_5mCG_5hmCG.bam,bam,HG03225,11_18_24_R1041_UL_HPRC_HG03225_1,WGS,GENOMIC,RANDOM,single,OXFORD_NANOPORE,PromethION,UL sequencing using ONT-NEB method,unaligned reads with 5mCG_5hmCG mods,no shear,no SS,SQK-ULK114,dorado,0.9.1,dna_r10.4.1_e8.2_400bps_sup@v5.0.0       ,University of California Santa Cruz,iviolich@ucsc.edu,,UCSC_HPRC_nanopore_Year3_R10,R1041
11_18_24_R1041_UL_HPRC_HG03239_1_dorado0.9.1_sup5.0.0_5mCG_5hmCG.bam,bam,HG03239,11_18_24_R1041_UL_HPRC_HG03239_1,WGS,GENOMIC,RANDOM,single,OXFORD_NANOPORE,PromethION,UL sequencing using ONT-NEB method,unaligned reads with 5mCG_5hmCG mods,no shear,no SS,SQK-ULK114,dorado,0.9.1,dna_r10.4.1_e8.2_400bps_sup@v5.0.0       ,University of California Santa Cruz,iviolich@ucsc.edu,,UCSC_HPRC_nanopore_Year3_R10,R1041
11_18_24_R1041_UL_HPRC_HG03239_2_dorado0.9.1_sup5.0.0_5mCG_5hmCG.bam,bam,HG03239,11_18_24_R1041_UL_HPRC_HG03239_2,WGS,GENOMIC,RANDOM,single,OXFORD_NANOPORE,PromethION,UL sequencing using ONT-NEB method,unaligned reads with 5mCG_5hmCG mods,no shear,no SS,SQK-ULK114,dorado,0.9.1,dna_r10.4.1_e8.2_400bps_sup@v5.0.0       ,University of California Santa Cruz,iviolich@ucsc.edu,,UCSC_HPRC_nanopore_Year3_R10,R1041
11_04_24_R1041_UL_HPRC_HG03458_1_dorado0.9.1_sup5.0.0_5mCG_5hmCG.bam,bam,HG03458,11_04_24_R1041_UL_HPRC_HG03458_1,WGS,GENOMIC,RANDOM,single,OXFORD_NANOPORE,PromethION,UL sequencing using ONT-NEB method,unaligned reads with 5mCG_5hmCG mods,no shear,no SS,SQK-ULK114,dorado,0.9.1,dna_r10.4.1_e8.2_400bps_sup@v5.0.0       ,University of California Santa Cruz,iviolich@ucsc.edu,,UCSC_HPRC_nanopore_Year3_R10,R1041
11_04_24_R1041_UL_HPRC_HG03458_2_dorado0.9.1_sup5.0.0_5mCG_5hmCG.bam,bam,HG03458,11_04_24_R1041_UL_HPRC_HG03458_2,WGS,GENOMIC,RANDOM,single,OXFORD_NANOPORE,PromethION,UL sequencing using ONT-NEB method,unaligned reads with 5mCG_5hmCG mods,no shear,no SS,SQK-ULK114,dorado,0.9.1,dna_r10.4.1_e8.2_400bps_sup@v5.0.0       ,University of California Santa Cruz,iviolich@ucsc.edu,,UCSC_HPRC_nanopore_Year3_R10,R1041
11_04_24_R1041_UL_HPRC_HG03470_1_dorado0.9.1_sup5.0.0_5mCG_5hmCG.bam,bam,HG03470,11_04_24_R1041_UL_HPRC_HG03470_1,WGS,GENOMIC,RANDOM,single,OXFORD_NANOPORE,PromethION,UL sequencing using ONT-NEB method,unaligned reads with 5mCG_5hmCG mods,no shear,no SS,SQK-ULK114,dorado,0.9.1,dna_r10.4.1_e8.2_400bps_sup@v5.0.0       ,University of California Santa Cruz,iviolich@ucsc.edu,,UCSC_HPRC_nanopore_Year3_R10,R1041
11_04_24_R1041_UL_HPRC_HG03470_2_dorado0.9.1_sup5.0.0_5mCG_5hmCG.bam,bam,HG03470,11_04_24_R1041_UL_HPRC_HG03470_2,WGS,GENOMIC,RANDOM,single,OXFORD_NANOPORE,PromethION,UL sequencing using ONT-NEB method,unaligned reads with 5mCG_5hmCG mods,no shear,no SS,SQK-ULK114,dorado,0.9.1,dna_r10.4.1_e8.2_400bps_sup@v5.0.0       ,University of California Santa Cruz,iviolich@ucsc.edu,,UCSC_HPRC_nanopore_Year3_R10,R1041
12_09_24_R1041_UL_HPRC_HG03704_1_dorado0.9.5_sup5.0.0_5mCG_5hmCG.bam,bam,HG03704,12_09_24_R1041_UL_HPRC_HG03704_1,WGS,GENOMIC,RANDOM,single,OXFORD_NANOPORE,PromethION,UL sequencing using ONT-NEB method,unaligned reads with 5mCG_5hmCG mods,no shear,no SS,SQK-ULK114,dorado,0.9.1,dna_r10.4.1_e8.2_400bps_sup@v5.0.0       ,University of California Santa Cruz,iviolich@ucsc.edu,,UCSC_HPRC_nanopore_Year3_R10,R1041
12_16_24_R1041_UL_HPRC_HG03704_1_dorado0.9.5_sup5.0.0_5mCG_5hmCG.bam,bam,HG03704,12_16_24_R1041_UL_HPRC_HG03704_1,WGS,GENOMIC,RANDOM,single,OXFORD_NANOPORE,PromethION,UL sequencing using ONT-NEB method,unaligned reads with 5mCG_5hmCG mods,no shear,no SS,SQK-ULK114,dorado,0.9.1,dna_r10.4.1_e8.2_400bps_sup@v5.0.0       ,University of California Santa Cruz,iviolich@ucsc.edu,,UCSC_HPRC_nanopore_Year3_R10,R1041
12_02_24_R1041_UL_HPRC_HG03742_1_dorado0.9.1_sup5.0.0_5mCG_5hmCG.bam,bam,HG03742,12_02_24_R1041_UL_HPRC_HG03742_1,WGS,GENOMIC,RANDOM,single,OXFORD_NANOPORE,PromethION,UL sequencing using ONT-NEB method,unaligned reads with 5mCG_5hmCG mods,no shear,no SS,SQK-ULK114,dorado,0.9.1,dna_r10.4.1_e8.2_400bps_sup@v5.0.0       ,University of California Santa Cruz,iviolich@ucsc.edu,,UCSC_HPRC_nanopore_Year3_R10,R1041
12_02_24_R1041_UL_HPRC_HG03742_2_dorado0.9.1_sup5.0.0_5mCG_5hmCG.bam,bam,HG03742,12_02_24_R1041_UL_HPRC_HG03742_2,WGS,GENOMIC,RANDOM,single,OXFORD_NANOPORE,PromethION,UL sequencing using ONT-NEB method,unaligned reads with 5mCG_5hmCG mods,no shear,no SS,SQK-ULK114,dorado,0.9.1,dna_r10.4.1_e8.2_400bps_sup@v5.0.0       ,University of California Santa Cruz,iviolich@ucsc.edu,,UCSC_HPRC_nanopore_Year3_R10,R1041
11_12_24_R1041_UL_HPRC_HG03792_1_dorado0.9.1_sup5.0.0_5mCG_5hmCG.bam,bam,HG03792,11_12_24_R1041_UL_HPRC_HG03792_1,WGS,GENOMIC,RANDOM,single,OXFORD_NANOPORE,PromethION,UL sequencing using ONT-NEB method,unaligned reads with 5mCG_5hmCG mods,no shear,no SS,SQK-ULK114,dorado,0.9.1,dna_r10.4.1_e8.2_400bps_sup@v5.0.0       ,University of California Santa Cruz,iviolich@ucsc.edu,,UCSC_HPRC_nanopore_Year3_R10,R1041
11_12_24_R1041_UL_HPRC_HG03792_2_dorado0.9.1_sup5.0.0_5mCG_5hmCG.bam,bam,HG03792,11_12_24_R1041_UL_HPRC_HG03792_2,WGS,GENOMIC,RANDOM,single,OXFORD_NANOPORE,PromethION,UL sequencing using ONT-NEB method,unaligned reads with 5mCG_5hmCG mods,no shear,no SS,SQK-ULK114,dorado,0.9.1,dna_r10.4.1_e8.2_400bps_sup@v5.0.0       ,University of California Santa Cruz,iviolich@ucsc.edu,,UCSC_HPRC_nanopore_Year3_R10,R1041
11_04_24_R1041_UL_HPRC_HG03834_1_dorado0.9.1_sup5.0.0_5mCG_5hmCG.bam,bam,HG03834,11_04_24_R1041_UL_HPRC_HG03834_1,WGS,GENOMIC,RANDOM,single,OXFORD_NANOPORE,PromethION,UL sequencing using ONT-NEB method,unaligned reads with 5mCG_5hmCG mods,no shear,no SS,SQK-ULK114,dorado,0.9.1,dna_r10.4.1_e8.2_400bps_sup@v5.0.0       ,University of California Santa Cruz,iviolich@ucsc.edu,,UCSC_HPRC_nanopore_Year3_R10,R1041
11_04_24_R1041_UL_HPRC_HG03834_2_dorado0.9.1_sup5.0.0_5mCG_5hmCG.bam,bam,HG03834,11_04_24_R1041_UL_HPRC_HG03834_2,WGS,GENOMIC,RANDOM,single,OXFORD_NANOPORE,PromethION,UL sequencing using ONT-NEB method,unaligned reads with 5mCG_5hmCG mods,no shear,no SS,SQK-ULK114,dorado,0.9.1,dna_r10.4.1_e8.2_400bps_sup@v5.0.0       ,University of California Santa Cruz,iviolich@ucsc.edu,,UCSC_HPRC_nanopore_Year3_R10,R1041
11_18_24_R1041_UL_HPRC_HG03834_1_dorado0.9.1_sup5.0.0_5mCG_5hmCG.bam,bam,HG03834,11_18_24_R1041_UL_HPRC_HG03834_1,WGS,GENOMIC,RANDOM,single,OXFORD_NANOPORE,PromethION,UL sequencing using ONT-NEB method,unaligned reads with 5mCG_5hmCG mods,no shear,no SS,SQK-ULK114,dorado,0.9.1,dna_r10.4.1_e8.2_400bps_sup@v5.0.0       ,University of California Santa Cruz,iviolich@ucsc.edu,,UCSC_HPRC_nanopore_Year3_R10,R1041
11_18_24_R1041_UL_HPRC_NA18522_1_dorado0.9.1_sup5.0.0_5mCG_5hmCG.bam,bam,NA18522,11_18_24_R1041_UL_HPRC_NA18522_1,WGS,GENOMIC,RANDOM,single,OXFORD_NANOPORE,PromethION,UL sequencing using ONT-NEB method,unaligned reads with 5mCG_5hmCG mods,no shear,no SS,SQK-ULK114,dorado,0.9.1,dna_r10.4.1_e8.2_400bps_sup@v5.0.0       ,University of California Santa Cruz,iviolich@ucsc.edu,,UCSC_HPRC_nanopore_Year3_R10,R1041
11_18_24_R1041_UL_HPRC_NA18522_2_dorado0.9.1_sup5.0.0_5mCG_5hmCG.bam,bam,NA18522,11_18_24_R1041_UL_HPRC_NA18522_2,WGS,GENOMIC,RANDOM,single,OXFORD_NANOPORE,PromethION,UL sequencing using ONT-NEB method,unaligned reads with 5mCG_5hmCG mods,no shear,no SS,SQK-ULK114,dorado,0.9.1,dna_r10.4.1_e8.2_400bps_sup@v5.0.0       ,University of California Santa Cruz,iviolich@ucsc.edu,,UCSC_HPRC_nanopore_Year3_R10,R1041
11_12_24_R1041_UL_HPRC_NA18570_1_dorado0.9.1_sup5.0.0_5mCG_5hmCG.bam,bam,NA18570,11_12_24_R1041_UL_HPRC_NA18570_1,WGS,GENOMIC,RANDOM,single,OXFORD_NANOPORE,PromethION,UL sequencing using ONT-NEB method,unaligned reads with 5mCG_5hmCG mods,no shear,no SS,SQK-ULK114,dorado,0.9.1,dna_r10.4.1_e8.2_400bps_sup@v5.0.0       ,University of California Santa Cruz,iviolich@ucsc.edu,,UCSC_HPRC_nanopore_Year3_R10,R1041
11_12_24_R1041_UL_HPRC_NA18570_2_dorado0.9.1_sup5.0.0_5mCG_5hmCG.bam,bam,NA18570,11_12_24_R1041_UL_HPRC_NA18570_2,WGS,GENOMIC,RANDOM,single,OXFORD_NANOPORE,PromethION,UL sequencing using ONT-NEB method,unaligned reads with 5mCG_5hmCG mods,no shear,no SS,SQK-ULK114,dorado,0.9.1,dna_r10.4.1_e8.2_400bps_sup@v5.0.0       ,University of California Santa Cruz,iviolich@ucsc.edu,,UCSC_HPRC_nanopore_Year3_R10,R1041
11_04_24_R1041_UL_HPRC_NA18612_1_dorado0.9.1_sup5.0.0_5mCG_5hmCG.bam,bam,NA18612,11_04_24_R1041_UL_HPRC_NA18612_1,WGS,GENOMIC,RANDOM,single,OXFORD_NANOPORE,PromethION,UL sequencing using ONT-NEB method,unaligned reads with 5mCG_5hmCG mods,no shear,no SS,SQK-ULK114,dorado,0.9.1,dna_r10.4.1_e8.2_400bps_sup@v5.0.0       ,University of California Santa Cruz,iviolich@ucsc.edu,,UCSC_HPRC_nanopore_Year3_R10,R1041
11_04_24_R1041_UL_HPRC_NA18612_2_dorado0.9.1_sup5.0.0_5mCG_5hmCG.bam,bam,NA18612,11_04_24_R1041_UL_HPRC_NA18612_2,WGS,GENOMIC,RANDOM,single,OXFORD_NANOPORE,PromethION,UL sequencing using ONT-NEB method,unaligned reads with 5mCG_5hmCG mods,no shear,no SS,SQK-ULK114,dorado,0.9.1,dna_r10.4.1_e8.2_400bps_sup@v5.0.0       ,University of California Santa Cruz,iviolich@ucsc.edu,,UCSC_HPRC_nanopore_Year3_R10,R1041
11_04_24_R1041_UL_HPRC_NA18612_3_dorado0.9.1_sup5.0.0_5mCG_5hmCG.bam,bam,NA18612,11_04_24_R1041_UL_HPRC_NA18612_3,WGS,GENOMIC,RANDOM,single,OXFORD_NANOPORE,PromethION,UL sequencing using ONT-NEB method,unaligned reads with 5mCG_5hmCG mods,no shear,no SS,SQK-ULK114,dorado,0.9.1,dna_r10.4.1_e8.2_400bps_sup@v5.0.0       ,University of California Santa Cruz,iviolich@ucsc.edu,,UCSC_HPRC_nanopore_Year3_R10,R1041
12_02_24_R1041_UL_HPRC_NA18747_1_dorado0.9.1_sup5.0.0_5mCG_5hmCG.bam,bam,NA18747,12_02_24_R1041_UL_HPRC_NA18747_1,WGS,GENOMIC,RANDOM,single,OXFORD_NANOPORE,PromethION,UL sequencing using ONT-NEB method,unaligned reads with 5mCG_5hmCG mods,no shear,no SS,SQK-ULK114,dorado,0.9.1,dna_r10.4.1_e8.2_400bps_sup@v5.0.0       ,University of California Santa Cruz,iviolich@ucsc.edu,,UCSC_HPRC_nanopore_Year3_R10,R1041
12_02_24_R1041_UL_HPRC_NA18747_2_dorado0.9.1_sup5.0.0_5mCG_5hmCG.bam,bam,NA18747,12_02_24_R1041_UL_HPRC_NA18747_2,WGS,GENOMIC,RANDOM,single,OXFORD_NANOPORE,PromethION,UL sequencing using ONT-NEB method,unaligned reads with 5mCG_5hmCG mods,no shear,no SS,SQK-ULK114,dorado,0.9.1,dna_r10.4.1_e8.2_400bps_sup@v5.0.0       ,University of California Santa Cruz,iviolich@ucsc.edu,,UCSC_HPRC_nanopore_Year3_R10,R1041
11_18_24_R1041_UL_HPRC_NA18971_1_dorado0.9.1_sup5.0.0_5mCG_5hmCG.bam,bam,NA18971,11_18_24_R1041_UL_HPRC_NA18971_1,WGS,GENOMIC,RANDOM,single,OXFORD_NANOPORE,PromethION,UL sequencing using ONT-NEB method,unaligned reads with 5mCG_5hmCG mods,no shear,no SS,SQK-ULK114,dorado,0.9.1,dna_r10.4.1_e8.2_400bps_sup@v5.0.0       ,University of California Santa Cruz,iviolich@ucsc.edu,,UCSC_HPRC_nanopore_Year3_R10,R1041
11_18_24_R1041_UL_HPRC_NA18971_2_dorado0.9.1_sup5.0.0_5mCG_5hmCG.bam,bam,NA18971,11_18_24_R1041_UL_HPRC_NA18971_2,WGS,GENOMIC,RANDOM,single,OXFORD_NANOPORE,PromethION,UL sequencing using ONT-NEB method,unaligned reads with 5mCG_5hmCG mods,no shear,no SS,SQK-ULK114,dorado,0.9.1,dna_r10.4.1_e8.2_400bps_sup@v5.0.0       ,University of California Santa Cruz,iviolich@ucsc.edu,,UCSC_HPRC_nanopore_Year3_R10,R1041
11_12_24_R1041_UL_HPRC_NA18983_1_dorado0.9.1_sup5.0.0_5mCG_5hmCG.bam,bam,NA18983,11_12_24_R1041_UL_HPRC_NA18983_1,WGS,GENOMIC,RANDOM,single,OXFORD_NANOPORE,PromethION,UL sequencing using ONT-NEB method,unaligned reads with 5mCG_5hmCG mods,no shear,no SS,SQK-ULK114,dorado,0.9.1,dna_r10.4.1_e8.2_400bps_sup@v5.0.0       ,University of California Santa Cruz,iviolich@ucsc.edu,,UCSC_HPRC_nanopore_Year3_R10,R1041
11_12_24_R1041_UL_HPRC_NA18983_2_dorado0.9.1_sup5.0.0_5mCG_5hmCG.bam,bam,NA18983,11_12_24_R1041_UL_HPRC_NA18983_2,WGS,GENOMIC,RANDOM,single,OXFORD_NANOPORE,PromethION,UL sequencing using ONT-NEB method,unaligned reads with 5mCG_5hmCG mods,no shear,no SS,SQK-ULK114,dorado,0.9.1,dna_r10.4.1_e8.2_400bps_sup@v5.0.0       ,University of California Santa Cruz,iviolich@ucsc.edu,,UCSC_HPRC_nanopore_Year3_R10,R1041
11_18_24_R1041_UL_HPRC_NA19043_1_dorado0.9.1_sup5.0.0_5mCG_5hmCG.bam,bam,NA19043,11_18_24_R1041_UL_HPRC_NA19043_1,WGS,GENOMIC,RANDOM,single,OXFORD_NANOPORE,PromethION,UL sequencing using ONT-NEB method,unaligned reads with 5mCG_5hmCG mods,no shear,no SS,SQK-ULK114,dorado,0.9.1,dna_r10.4.1_e8.2_400bps_sup@v5.0.0       ,University of California Santa Cruz,iviolich@ucsc.edu,,UCSC_HPRC_nanopore_Year3_R10,R1041
11_18_24_R1041_UL_HPRC_NA19043_2_dorado0.9.1_sup5.0.0_5mCG_5hmCG.bam,bam,NA19043,11_18_24_R1041_UL_HPRC_NA19043_2,WGS,GENOMIC,RANDOM,single,OXFORD_NANOPORE,PromethION,UL sequencing using ONT-NEB method,unaligned reads with 5mCG_5hmCG mods,no shear,no SS,SQK-ULK114,dorado,0.9.1,dna_r10.4.1_e8.2_400bps_sup@v5.0.0       ,University of California Santa Cruz,iviolich@ucsc.edu,,UCSC_HPRC_nanopore_Year3_R10,R1041
12_02_24_R1041_UL_HPRC_NA19159_1_dorado0.9.1_sup5.0.0_5mCG_5hmCG.bam,bam,NA19159,12_02_24_R1041_UL_HPRC_NA19159_1,WGS,GENOMIC,RANDOM,single,OXFORD_NANOPORE,PromethION,UL sequencing using ONT-NEB method,unaligned reads with 5mCG_5hmCG mods,no shear,no SS,SQK-ULK114,dorado,0.9.1,dna_r10.4.1_e8.2_400bps_sup@v5.0.0       ,University of California Santa Cruz,iviolich@ucsc.edu,,UCSC_HPRC_nanopore_Year3_R10,R1041
12_02_24_R1041_UL_HPRC_NA19159_2_dorado0.9.1_sup5.0.0_5mCG_5hmCG.bam,bam,NA19159,12_02_24_R1041_UL_HPRC_NA19159_2,WGS,GENOMIC,RANDOM,single,OXFORD_NANOPORE,PromethION,UL sequencing using ONT-NEB method,unaligned reads with 5mCG_5hmCG mods,no shear,no SS,SQK-ULK114,dorado,0.9.1,dna_r10.4.1_e8.2_400bps_sup@v5.0.0       ,University of California Santa Cruz,iviolich@ucsc.edu,,UCSC_HPRC_nanopore_Year3_R10,R1041
11_12_24_R1041_UL_HPRC_NA19185_1_dorado0.9.1_sup5.0.0_5mCG_5hmCG.bam,bam,NA19185,11_12_24_R1041_UL_HPRC_NA19185_1,WGS,GENOMIC,RANDOM,single,OXFORD_NANOPORE,PromethION,UL sequencing using ONT-NEB method,unaligned reads with 5mCG_5hmCG mods,no shear,no SS,SQK-ULK114,dorado,0.9.1,dna_r10.4.1_e8.2_400bps_sup@v5.0.0       ,University of California Santa Cruz,iviolich@ucsc.edu,,UCSC_HPRC_nanopore_Year3_R10,R1041
11_12_24_R1041_UL_HPRC_NA19185_2_dorado0.9.1_sup5.0.0_5mCG_5hmCG.bam,bam,NA19185,11_12_24_R1041_UL_HPRC_NA19185_2,WGS,GENOMIC,RANDOM,single,OXFORD_NANOPORE,PromethION,UL sequencing using ONT-NEB method,unaligned reads with 5mCG_5hmCG mods,no shear,no SS,SQK-ULK114,dorado,0.9.1,dna_r10.4.1_e8.2_400bps_sup@v5.0.0       ,University of California Santa Cruz,iviolich@ucsc.edu,,UCSC_HPRC_nanopore_Year3_R10,R1041
11_18_24_R1041_UL_HPRC_NA19338_1_dorado0.9.1_sup5.0.0_5mCG_5hmCG.bam,bam,NA19338,11_18_24_R1041_UL_HPRC_NA19338_1,WGS,GENOMIC,RANDOM,single,OXFORD_NANOPORE,PromethION,UL sequencing using ONT-NEB method,unaligned reads with 5mCG_5hmCG mods,no shear,no SS,SQK-ULK114,dorado,0.9.1,dna_r10.4.1_e8.2_400bps_sup@v5.0.0       ,University of California Santa Cruz,iviolich@ucsc.edu,,UCSC_HPRC_nanopore_Year3_R10,R1041
11_18_24_R1041_UL_HPRC_NA19338_2_dorado0.9.1_sup5.0.0_5mCG_5hmCG.bam,bam,NA19338,11_18_24_R1041_UL_HPRC_NA19338_2,WGS,GENOMIC,RANDOM,single,OXFORD_NANOPORE,PromethION,UL sequencing using ONT-NEB method,unaligned reads with 5mCG_5hmCG mods,no shear,no SS,SQK-ULK114,dorado,0.9.1,dna_r10.4.1_e8.2_400bps_sup@v5.0.0       ,University of California Santa Cruz,iviolich@ucsc.edu,,UCSC_HPRC_nanopore_Year3_R10,R1041
11_18_24_R1041_UL_HPRC_NA19391_1_dorado0.9.1_sup5.0.0_5mCG_5hmCG.bam,bam,NA19391,11_18_24_R1041_UL_HPRC_NA19391_1,WGS,GENOMIC,RANDOM,single,OXFORD_NANOPORE,PromethION,UL sequencing using ONT-NEB method,unaligned reads with 5mCG_5hmCG mods,no shear,no SS,SQK-ULK114,dorado,0.9.1,dna_r10.4.1_e8.2_400bps_sup@v5.0.0       ,University of California Santa Cruz,iviolich@ucsc.edu,,UCSC_HPRC_nanopore_Year3_R10,R1041
11_18_24_R1041_UL_HPRC_NA19391_2_dorado0.9.1_sup5.0.0_5mCG_5hmCG.bam,bam,NA19391,11_18_24_R1041_UL_HPRC_NA19391_2,WGS,GENOMIC,RANDOM,single,OXFORD_NANOPORE,PromethION,UL sequencing using ONT-NEB method,unaligned reads with 5mCG_5hmCG mods,no shear,no SS,SQK-ULK114,dorado,0.9.1,dna_r10.4.1_e8.2_400bps_sup@v5.0.0       ,University of California Santa Cruz,iviolich@ucsc.edu,,UCSC_HPRC_nanopore_Year3_R10,R1041
11_04_24_R1041_UL_HPRC_NA19468_1_dorado0.9.1_sup5.0.0_5mCG_5hmCG.bam,bam,NA19468,11_04_24_R1041_UL_HPRC_NA19468_1,WGS,GENOMIC,RANDOM,single,OXFORD_NANOPORE,PromethION,UL sequencing using ONT-NEB method,unaligned reads with 5mCG_5hmCG mods,no shear,no SS,SQK-ULK114,dorado,0.9.1,dna_r10.4.1_e8.2_400bps_sup@v5.0.0       ,University of California Santa Cruz,iviolich@ucsc.edu,,UCSC_HPRC_nanopore_Year3_R10,R1041
11_04_24_R1041_UL_HPRC_NA19468_2_dorado0.9.1_sup5.0.0_5mCG_5hmCG.bam,bam,NA19468,11_04_24_R1041_UL_HPRC_NA19468_2,WGS,GENOMIC,RANDOM,single,OXFORD_NANOPORE,PromethION,UL sequencing using ONT-NEB method,unaligned reads with 5mCG_5hmCG mods,no shear,no SS,SQK-ULK114,dorado,0.9.1,dna_r10.4.1_e8.2_400bps_sup@v5.0.0       ,University of California Santa Cruz,iviolich@ucsc.edu,,UCSC_HPRC_nanopore_Year3_R10,R1041
11_12_24_R1041_UL_HPRC_NA20752_1_dorado0.9.1_sup5.0.0_5mCG_5hmCG.bam,bam,NA20752,11_12_24_R1041_UL_HPRC_NA20752_1,WGS,GENOMIC,RANDOM,single,OXFORD_NANOPORE,PromethION,UL sequencing using ONT-NEB method,unaligned reads with 5mCG_5hmCG mods,no shear,no SS,SQK-ULK114,dorado,0.9.1,dna_r10.4.1_e8.2_400bps_sup@v5.0.0       ,University of California Santa Cruz,iviolich@ucsc.edu,,UCSC_HPRC_nanopore_Year3_R10,R1041
11_12_24_R1041_UL_HPRC_NA20752_2_dorado0.9.1_sup5.0.0_5mCG_5hmCG.bam,bam,NA20752,11_12_24_R1041_UL_HPRC_NA20752_2,WGS,GENOMIC,RANDOM,single,OXFORD_NANOPORE,PromethION,UL sequencing using ONT-NEB method,unaligned reads with 5mCG_5hmCG mods,no shear,no SS,SQK-ULK114,dorado,0.9.1,dna_r10.4.1_e8.2_400bps_sup@v5.0.0       ,University of California Santa Cruz,iviolich@ucsc.edu,,UCSC_HPRC_nanopore_Year3_R10,R1041
12_02_24_R1041_UL_HPRC_NA20799_1_dorado0.9.1_sup5.0.0_5mCG_5hmCG.bam,bam,NA20799,12_02_24_R1041_UL_HPRC_NA20799_1,WGS,GENOMIC,RANDOM,single,OXFORD_NANOPORE,PromethION,UL sequencing using ONT-NEB method,unaligned reads with 5mCG_5hmCG mods,no shear,no SS,SQK-ULK114,dorado,0.9.1,dna_r10.4.1_e8.2_400bps_sup@v5.0.0       ,University of California Santa Cruz,iviolich@ucsc.edu,,UCSC_HPRC_nanopore_Year3_R10,R1041
12_02_24_R1041_UL_HPRC_NA20799_2_dorado0.9.1_sup5.0.0_5mCG_5hmCG.bam,bam,NA20799,12_02_24_R1041_UL_HPRC_NA20799_2,WGS,GENOMIC,RANDOM,single,OXFORD_NANOPORE,PromethION,UL sequencing using ONT-NEB method,unaligned reads with 5mCG_5hmCG mods,no shear,no SS,SQK-ULK114,dorado,0.9.1,dna_r10.4.1_e8.2_400bps_sup@v5.0.0       ,University of California Santa Cruz,iviolich@ucsc.edu,,UCSC_HPRC_nanopore_Year3_R10,R1041
11_12_24_R1041_UL_HPRC_NA20805_1_dorado0.9.1_sup5.0.0_5mCG_5hmCG.bam,bam,NA20805,11_12_24_R1041_UL_HPRC_NA20805_1,WGS,GENOMIC,RANDOM,single,OXFORD_NANOPORE,PromethION,UL sequencing using ONT-NEB method,unaligned reads with 5mCG_5hmCG mods,no shear,no SS,SQK-ULK114,dorado,0.9.1,dna_r10.4.1_e8.2_400bps_sup@v5.0.0       ,University of California Santa Cruz,iviolich@ucsc.edu,,UCSC_HPRC_nanopore_Year3_R10,R1041
11_12_24_R1041_UL_HPRC_NA20805_2_dorado0.9.1_sup5.0.0_5mCG_5hmCG.bam,bam,NA20805,11_12_24_R1041_UL_HPRC_NA20805_2,WGS,GENOMIC,RANDOM,single,OXFORD_NANOPORE,PromethION,UL sequencing using ONT-NEB method,unaligned reads with 5mCG_5hmCG mods,no shear,no SS,SQK-ULK114,dorado,0.9.1,dna_r10.4.1_e8.2_400bps_sup@v5.0.0       ,University of California Santa Cruz,iviolich@ucsc.edu,,UCSC_HPRC_nanopore_Year3_R10,R1041
12_02_24_R1041_UL_HPRC_NA20905_1_dorado0.9.1_sup5.0.0_5mCG_5hmCG.bam,bam,NA20905,12_02_24_R1041_UL_HPRC_NA20905_1,WGS,GENOMIC,RANDOM,single,OXFORD_NANOPORE,PromethION,UL sequencing using ONT-NEB method,unaligned reads with 5mCG_5hmCG mods,no shear,no SS,SQK-ULK114,dorado,0.9.1,dna_r10.4.1_e8.2_400bps_sup@v5.0.0       ,University of California Santa Cruz,iviolich@ucsc.edu,,UCSC_HPRC_nanopore_Year3_R10,R1041
12_02_24_R1041_UL_HPRC_NA20905_2_dorado0.9.1_sup5.0.0_5mCG_5hmCG.bam,bam,NA20905,12_02_24_R1041_UL_HPRC_NA20905_2,WGS,GENOMIC,RANDOM,single,OXFORD_NANOPORE,PromethION,UL sequencing using ONT-NEB method,unaligned reads with 5mCG_5hmCG mods,no shear,no SS,SQK-ULK114,dorado,0.9.1,dna_r10.4.1_e8.2_400bps_sup@v5.0.0       ,University of California Santa Cruz,iviolich@ucsc.edu,,UCSC_HPRC_nanopore_Year3_R10,R1041
11_12_24_R1041_UL_HPRC_NA19087_1_dorado1.1.1_sup5.0.0_5mCG_5hmCG.bam,bam,NA19087,11_12_24_R1041_UL_HPRC_NA19087_1,WGS,GENOMIC,RANDOM,single,OXFORD_NANOPORE,PromethION,UL sequencing using ONT-NEB method,unaligned reads with 5mCG_5hmCG mods,no shear,no SS,SQK-ULK114,dorado,1.1.1,dna_r10.4.1_e8.2_400bps_sup@v5.0.0       ,University of California Santa Cruz,iviolich@ucsc.edu,,UCSC_HPRC_nanopore_Year3_R10,R1041
11_12_24_R1041_UL_HPRC_NA19087_2_dorado1.1.1_sup5.0.0_5mCG_5hmCG.bam,bam,NA19087,11_12_24_R1041_UL_HPRC_NA19087_2,WGS,GENOMIC,RANDOM,single,OXFORD_NANOPORE,PromethION,UL sequencing using ONT-NEB method,unaligned reads with 5mCG_5hmCG mods,no shear,no SS,SQK-ULK114,dorado,1.1.1,dna_r10.4.1_e8.2_400bps_sup@v5.0.0       ,University of California Santa Cruz,iviolich@ucsc.edu,,UCSC_HPRC_nanopore_Year3_R10,R1041
11_18_24_R1041_UL_HPRC_HG00658_1_dorado1.1.1_sup5.0.0_5mCG_5hmCG.bam,bam,HG00658,11_18_24_R1041_UL_HPRC_HG00658_1,WGS,GENOMIC,RANDOM,single,OXFORD_NANOPORE,PromethION,UL sequencing using ONT-NEB method,unaligned reads with 5mCG_5hmCG mods,no shear,no SS,SQK-ULK114,dorado,1.1.1,dna_r10.4.1_e8.2_400bps_sup@v5.0.0       ,University of California Santa Cruz,iviolich@ucsc.edu,,UCSC_HPRC_nanopore_Year3_R10,R1041
11_18_24_R1041_UL_HPRC_HG00658_2_dorado1.1.1_sup5.0.0_5mCG_5hmCG.bam,bam,HG00658,11_18_24_R1041_UL_HPRC_HG00658_2,WGS,GENOMIC,RANDOM,single,OXFORD_NANOPORE,PromethION,UL sequencing using ONT-NEB method,unaligned reads with 5mCG_5hmCG mods,no shear,no SS,SQK-ULK114,dorado,1.1.1,dna_r10.4.1_e8.2_400bps_sup@v5.0.0       ,University of California Santa Cruz,iviolich@ucsc.edu,,UCSC_HPRC_nanopore_Year3_R10,R1041
11_18_24_R1041_UL_HPRC_HG00658_3_dorado1.1.1_sup5.0.0_5mCG_5hmCG.bam,bam,HG00658,11_18_24_R1041_UL_HPRC_HG00658_3,WGS,GENOMIC,RANDOM,single,OXFORD_NANOPORE,PromethION,UL sequencing using ONT-NEB method,unaligned reads with 5mCG_5hmCG mods,no shear,no SS,SQK-ULK114,dorado,1.1.1,dna_r10.4.1_e8.2_400bps_sup@v5.0.0       ,University of California Santa Cruz,iviolich@ucsc.edu,,UCSC_HPRC_nanopore_Year3_R10,R1041