s3://human-pangenomics/submissions/5A0D539A-4AD5-4FBF-A0FB-2DDCE5B0FA33--RU_Y4/HG00235/fail_reads/m84091_230721_141900_s2.fail_reads.bc1008.bam,s3://human-pangenomics/working/HPRC/HG00235/raw_data/PacBio_HiFi/m84091_230721_141900_s2.fail_reads.bc1008.bam
s3://human-pangenomics/submissions/5A0D539A-4AD5-4FBF-A0FB-2DDCE5B0FA33--RU_Y4/HG00235/fail_reads/m84091_230721_141900_s2.fail_reads.bc1008.bam.pbi,s3://human-pangenomics/working/HPRC/HG00235/raw_data/PacBio_HiFi/m84091_230721_141900_s2.fail_reads.bc1008.bam.pbi
s3://human-pangenomics/submissions/5A0D539A-4AD5-4FBF-A0FB-2DDCE5B0FA33--RU_Y4/HG00235/fail_reads/m84091_230724_170222_s4.fail_reads.bc1008.bam,s3://human-pangenomics/working/HPRC/HG00235/raw_data/PacBio_HiFi/m84091_230724_170222_s4.fail_reads.bc1008.bam
s3://human-pangenomics/submissions/5A0D539A-4AD5-4FBF-A0FB-2DDCE5B0FA33--RU_Y4/HG00235/fail_reads/m84091_230724_170222_s4.fail_reads.bc1008.bam.pbi,s3://human-pangenomics/working/HPRC/HG00235/raw_data/PacBio_HiFi/m84091_230724_170222_s4.fail_reads.bc1008.bam.pbi
s3://human-pangenomics/submissions/5A0D539A-4AD5-4FBF-A0FB-2DDCE5B0FA33--RU_Y4/HG00235/hifi_reads/m84091_230721_141900_s2.hifi_reads.bc1008.bam,s3://human-pangenomics/working/HPRC/HG00235/raw_data/PacBio_HiFi/m84091_230721_141900_s2.hifi_reads.bc1008.bam
s3://human-pangenomics/submissions/5A0D539A-4AD5-4FBF-A0FB-2DDCE5B0FA33--RU_Y4/HG00235/hifi_reads/m84091_230721_141900_s2.hifi_reads.bc1008.bam.pbi,s3://human-pangenomics/working/HPRC/HG00235/raw_data/PacBio_HiFi/m84091_230721_141900_s2.hifi_reads.bc1008.bam.pbi
s3://human-pangenomics/submissions/5A0D539A-4AD5-4FBF-A0FB-2DDCE5B0FA33--RU_Y4/HG00235/hifi_reads/m84091_230724_170222_s4.hifi_reads.bc1008.bam,s3://human-pangenomics/working/HPRC/HG00235/raw_data/PacBio_HiFi/m84091_230724_170222_s4.hifi_reads.bc1008.bam
s3://human-pangenomics/submissions/5A0D539A-4AD5-4FBF-A0FB-2DDCE5B0FA33--RU_Y4/HG00235/hifi_reads/m84091_230724_170222_s4.hifi_reads.bc1008.bam.pbi,s3://human-pangenomics/working/HPRC/HG00235/raw_data/PacBio_HiFi/m84091_230724_170222_s4.hifi_reads.bc1008.bam.pbi
s3://human-pangenomics/submissions/5A0D539A-4AD5-4FBF-A0FB-2DDCE5B0FA33--RU_Y4/HG00243/fail_reads/m84091_230712_180444_s4.fail_reads.bc1018.bam,s3://human-pangenomics/working/HPRC/HG00243/raw_data/PacBio_HiFi/m84091_230712_180444_s4.fail_reads.bc1018.bam
s3://human-pangenomics/submissions/5A0D539A-4AD5-4FBF-A0FB-2DDCE5B0FA33--RU_Y4/HG00243/fail_reads/m84091_230712_180444_s4.fail_reads.bc1018.bam.pbi,s3://human-pangenomics/working/HPRC/HG00243/raw_data/PacBio_HiFi/m84091_230712_180444_s4.fail_reads.bc1018.bam.pbi
s3://human-pangenomics/submissions/5A0D539A-4AD5-4FBF-A0FB-2DDCE5B0FA33--RU_Y4/HG00243/fail_reads/m84091_230719_162122_s2.fail_reads.bc1018.bam,s3://human-pangenomics/working/HPRC/HG00243/raw_data/PacBio_HiFi/m84091_230719_162122_s2.fail_reads.bc1018.bam
s3://human-pangenomics/submissions/5A0D539A-4AD5-4FBF-A0FB-2DDCE5B0FA33--RU_Y4/HG00243/fail_reads/m84091_230719_162122_s2.fail_reads.bc1018.bam.pbi,s3://human-pangenomics/working/HPRC/HG00243/raw_data/PacBio_HiFi/m84091_230719_162122_s2.fail_reads.bc1018.bam.pbi
s3://human-pangenomics/submissions/5A0D539A-4AD5-4FBF-A0FB-2DDCE5B0FA33--RU_Y4/HG00243/hifi_reads/m84091_230712_180444_s4.hifi_reads.bc1018.bam,s3://human-pangenomics/working/HPRC/HG00243/raw_data/PacBio_HiFi/m84091_230712_180444_s4.hifi_reads.bc1018.bam
s3://human-pangenomics/submissions/5A0D539A-4AD5-4FBF-A0FB-2DDCE5B0FA33--RU_Y4/HG00243/hifi_reads/m84091_230712_180444_s4.hifi_reads.bc1018.bam.pbi,s3://human-pangenomics/working/HPRC/HG00243/raw_data/PacBio_HiFi/m84091_230712_180444_s4.hifi_reads.bc1018.bam.pbi
s3://human-pangenomics/submissions/5A0D539A-4AD5-4FBF-A0FB-2DDCE5B0FA33--RU_Y4/HG00243/hifi_reads/m84091_230719_162122_s2.hifi_reads.bc1018.bam,s3://human-pangenomics/working/HPRC/HG00243/raw_data/PacBio_HiFi/m84091_230719_162122_s2.hifi_reads.bc1018.bam
s3://human-pangenomics/submissions/5A0D539A-4AD5-4FBF-A0FB-2DDCE5B0FA33--RU_Y4/HG00243/hifi_reads/m84091_230719_162122_s2.hifi_reads.bc1018.bam.pbi,s3://human-pangenomics/working/HPRC/HG00243/raw_data/PacBio_HiFi/m84091_230719_162122_s2.hifi_reads.bc1018.bam.pbi
s3://human-pangenomics/submissions/5A0D539A-4AD5-4FBF-A0FB-2DDCE5B0FA33--RU_Y4/HG00253/fail_reads/m84091_230721_134835_s1.fail_reads.bc1003.bam,s3://human-pangenomics/working/HPRC/HG00253/raw_data/PacBio_HiFi/m84091_230721_134835_s1.fail_reads.bc1003.bam
s3://human-pangenomics/submissions/5A0D539A-4AD5-4FBF-A0FB-2DDCE5B0FA33--RU_Y4/HG00253/fail_reads/m84091_230721_134835_s1.fail_reads.bc1003.bam.pbi,s3://human-pangenomics/working/HPRC/HG00253/raw_data/PacBio_HiFi/m84091_230721_134835_s1.fail_reads.bc1003.bam.pbi
s3://human-pangenomics/submissions/5A0D539A-4AD5-4FBF-A0FB-2DDCE5B0FA33--RU_Y4/HG00253/fail_reads/m84091_230727_143029_s4.fail_reads.bc1003.bam,s3://human-pangenomics/working/HPRC/HG00253/raw_data/PacBio_HiFi/m84091_230727_143029_s4.fail_reads.bc1003.bam
s3://human-pangenomics/submissions/5A0D539A-4AD5-4FBF-A0FB-2DDCE5B0FA33--RU_Y4/HG00253/fail_reads/m84091_230727_143029_s4.fail_reads.bc1003.bam.pbi,s3://human-pangenomics/working/HPRC/HG00253/raw_data/PacBio_HiFi/m84091_230727_143029_s4.fail_reads.bc1003.bam.pbi
s3://human-pangenomics/submissions/5A0D539A-4AD5-4FBF-A0FB-2DDCE5B0FA33--RU_Y4/HG00253/hifi_reads/m84091_230721_134835_s1.hifi_reads.bc1003.bam,s3://human-pangenomics/working/HPRC/HG00253/raw_data/PacBio_HiFi/m84091_230721_134835_s1.hifi_reads.bc1003.bam
s3://human-pangenomics/submissions/5A0D539A-4AD5-4FBF-A0FB-2DDCE5B0FA33--RU_Y4/HG00253/hifi_reads/m84091_230721_134835_s1.hifi_reads.bc1003.bam.pbi,s3://human-pangenomics/working/HPRC/HG00253/raw_data/PacBio_HiFi/m84091_230721_134835_s1.hifi_reads.bc1003.bam.pbi
s3://human-pangenomics/submissions/5A0D539A-4AD5-4FBF-A0FB-2DDCE5B0FA33--RU_Y4/HG00253/hifi_reads/m84091_230727_143029_s4.hifi_reads.bc1003.bam,s3://human-pangenomics/working/HPRC/HG00253/raw_data/PacBio_HiFi/m84091_230727_143029_s4.hifi_reads.bc1003.bam
s3://human-pangenomics/submissions/5A0D539A-4AD5-4FBF-A0FB-2DDCE5B0FA33--RU_Y4/HG00253/hifi_reads/m84091_230727_143029_s4.hifi_reads.bc1003.bam.pbi,s3://human-pangenomics/working/HPRC/HG00253/raw_data/PacBio_HiFi/m84091_230727_143029_s4.hifi_reads.bc1003.bam.pbi
s3://human-pangenomics/submissions/5A0D539A-4AD5-4FBF-A0FB-2DDCE5B0FA33--RU_Y4/HG00329/fail_reads/m84091_230712_173338_s3.fail_reads.bc1019.bam,s3://human-pangenomics/working/HPRC/HG00329/raw_data/PacBio_HiFi/m84091_230712_173338_s3.fail_reads.bc1019.bam
s3://human-pangenomics/submissions/5A0D539A-4AD5-4FBF-A0FB-2DDCE5B0FA33--RU_Y4/HG00329/fail_reads/m84091_230712_173338_s3.fail_reads.bc1019.bam.pbi,s3://human-pangenomics/working/HPRC/HG00329/raw_data/PacBio_HiFi/m84091_230712_173338_s3.fail_reads.bc1019.bam.pbi
s3://human-pangenomics/submissions/5A0D539A-4AD5-4FBF-A0FB-2DDCE5B0FA33--RU_Y4/HG00329/fail_reads/m84091_230719_165228_s3.fail_reads.bc1019.bam,s3://human-pangenomics/working/HPRC/HG00329/raw_data/PacBio_HiFi/m84091_230719_165228_s3.fail_reads.bc1019.bam
s3://human-pangenomics/submissions/5A0D539A-4AD5-4FBF-A0FB-2DDCE5B0FA33--RU_Y4/HG00329/fail_reads/m84091_230719_165228_s3.fail_reads.bc1019.bam.pbi,s3://human-pangenomics/working/HPRC/HG00329/raw_data/PacBio_HiFi/m84091_230719_165228_s3.fail_reads.bc1019.bam.pbi
s3://human-pangenomics/submissions/5A0D539A-4AD5-4FBF-A0FB-2DDCE5B0FA33--RU_Y4/HG00329/hifi_reads/m84091_230712_173338_s3.hifi_reads.bc1019.bam,s3://human-pangenomics/working/HPRC/HG00329/raw_data/PacBio_HiFi/m84091_230712_173338_s3.hifi_reads.bc1019.bam
s3://human-pangenomics/submissions/5A0D539A-4AD5-4FBF-A0FB-2DDCE5B0FA33--RU_Y4/HG00329/hifi_reads/m84091_230712_173338_s3.hifi_reads.bc1019.bam.pbi,s3://human-pangenomics/working/HPRC/HG00329/raw_data/PacBio_HiFi/m84091_230712_173338_s3.hifi_reads.bc1019.bam.pbi
s3://human-pangenomics/submissions/5A0D539A-4AD5-4FBF-A0FB-2DDCE5B0FA33--RU_Y4/HG00329/hifi_reads/m84091_230719_165228_s3.hifi_reads.bc1019.bam,s3://human-pangenomics/working/HPRC/HG00329/raw_data/PacBio_HiFi/m84091_230719_165228_s3.hifi_reads.bc1019.bam
s3://human-pangenomics/submissions/5A0D539A-4AD5-4FBF-A0FB-2DDCE5B0FA33--RU_Y4/HG00329/hifi_reads/m84091_230719_165228_s3.hifi_reads.bc1019.bam.pbi,s3://human-pangenomics/working/HPRC/HG00329/raw_data/PacBio_HiFi/m84091_230719_165228_s3.hifi_reads.bc1019.bam.pbi
s3://human-pangenomics/submissions/5A0D539A-4AD5-4FBF-A0FB-2DDCE5B0FA33--RU_Y4/HG00662/fail_reads/m84091_230725_161037_s2.fail_reads.bc1011.bam,s3://human-pangenomics/working/HPRC/HG00662/raw_data/PacBio_HiFi/m84091_230725_161037_s2.fail_reads.bc1011.bam
s3://human-pangenomics/submissions/5A0D539A-4AD5-4FBF-A0FB-2DDCE5B0FA33--RU_Y4/HG00662/fail_reads/m84091_230725_161037_s2.fail_reads.bc1011.bam.pbi,s3://human-pangenomics/working/HPRC/HG00662/raw_data/PacBio_HiFi/m84091_230725_161037_s2.fail_reads.bc1011.bam.pbi
s3://human-pangenomics/submissions/5A0D539A-4AD5-4FBF-A0FB-2DDCE5B0FA33--RU_Y4/HG00662/fail_reads/m84091_230731_133332_s2.fail_reads.bc1011.bam,s3://human-pangenomics/working/HPRC/HG00662/raw_data/PacBio_HiFi/m84091_230731_133332_s2.fail_reads.bc1011.bam
s3://human-pangenomics/submissions/5A0D539A-4AD5-4FBF-A0FB-2DDCE5B0FA33--RU_Y4/HG00662/fail_reads/m84091_230731_133332_s2.fail_reads.bc1011.bam.pbi,s3://human-pangenomics/working/HPRC/HG00662/raw_data/PacBio_HiFi/m84091_230731_133332_s2.fail_reads.bc1011.bam.pbi
s3://human-pangenomics/submissions/5A0D539A-4AD5-4FBF-A0FB-2DDCE5B0FA33--RU_Y4/HG00662/fail_reads/m84091_230817_153352_s4.fail_reads.bc1011.bam,s3://human-pangenomics/working/HPRC/HG00662/raw_data/PacBio_HiFi/m84091_230817_153352_s4.fail_reads.bc1011.bam
s3://human-pangenomics/submissions/5A0D539A-4AD5-4FBF-A0FB-2DDCE5B0FA33--RU_Y4/HG00662/fail_reads/m84091_230817_153352_s4.fail_reads.bc1011.bam.pbi,s3://human-pangenomics/working/HPRC/HG00662/raw_data/PacBio_HiFi/m84091_230817_153352_s4.fail_reads.bc1011.bam.pbi
s3://human-pangenomics/submissions/5A0D539A-4AD5-4FBF-A0FB-2DDCE5B0FA33--RU_Y4/HG00662/hifi_reads/m84091_230725_161037_s2.hifi_reads.bc1011.bam,s3://human-pangenomics/working/HPRC/HG00662/raw_data/PacBio_HiFi/m84091_230725_161037_s2.hifi_reads.bc1011.bam
s3://human-pangenomics/submissions/5A0D539A-4AD5-4FBF-A0FB-2DDCE5B0FA33--RU_Y4/HG00662/hifi_reads/m84091_230725_161037_s2.hifi_reads.bc1011.bam.pbi,s3://human-pangenomics/working/HPRC/HG00662/raw_data/PacBio_HiFi/m84091_230725_161037_s2.hifi_reads.bc1011.bam.pbi
s3://human-pangenomics/submissions/5A0D539A-4AD5-4FBF-A0FB-2DDCE5B0FA33--RU_Y4/HG00662/hifi_reads/m84091_230731_133332_s2.hifi_reads.bc1011.bam,s3://human-pangenomics/working/HPRC/HG00662/raw_data/PacBio_HiFi/m84091_230731_133332_s2.hifi_reads.bc1011.bam
s3://human-pangenomics/submissions/5A0D539A-4AD5-4FBF-A0FB-2DDCE5B0FA33--RU_Y4/HG00662/hifi_reads/m84091_230731_133332_s2.hifi_reads.bc1011.bam.pbi,s3://human-pangenomics/working/HPRC/HG00662/raw_data/PacBio_HiFi/m84091_230731_133332_s2.hifi_reads.bc1011.bam.pbi
s3://human-pangenomics/submissions/5A0D539A-4AD5-4FBF-A0FB-2DDCE5B0FA33--RU_Y4/HG00662/hifi_reads/m84091_230817_153352_s4.hifi_reads.bc1011.bam,s3://human-pangenomics/working/HPRC/HG00662/raw_data/PacBio_HiFi/m84091_230817_153352_s4.hifi_reads.bc1011.bam
s3://human-pangenomics/submissions/5A0D539A-4AD5-4FBF-A0FB-2DDCE5B0FA33--RU_Y4/HG00662/hifi_reads/m84091_230817_153352_s4.hifi_reads.bc1011.bam.pbi,s3://human-pangenomics/working/HPRC/HG00662/raw_data/PacBio_HiFi/m84091_230817_153352_s4.hifi_reads.bc1011.bam.pbi
s3://human-pangenomics/submissions/5A0D539A-4AD5-4FBF-A0FB-2DDCE5B0FA33--RU_Y4/HG00701/fail_reads/m84091_240311_155513_s4.fail_reads.bc1011.bam,s3://human-pangenomics/working/HPRC/HG00701/raw_data/PacBio_HiFi/m84091_240311_155513_s4.fail_reads.bc1011.bam
s3://human-pangenomics/submissions/5A0D539A-4AD5-4FBF-A0FB-2DDCE5B0FA33--RU_Y4/HG00701/fail_reads/m84091_240311_155513_s4.fail_reads.bc1011.bam.pbi,s3://human-pangenomics/working/HPRC/HG00701/raw_data/PacBio_HiFi/m84091_240311_155513_s4.fail_reads.bc1011.bam.pbi
s3://human-pangenomics/submissions/5A0D539A-4AD5-4FBF-A0FB-2DDCE5B0FA33--RU_Y4/HG00701/fail_reads/m84091_240315_183649_s4.fail_reads.bc1011.bam,s3://human-pangenomics/working/HPRC/HG00701/raw_data/PacBio_HiFi/m84091_240315_183649_s4.fail_reads.bc1011.bam
s3://human-pangenomics/submissions/5A0D539A-4AD5-4FBF-A0FB-2DDCE5B0FA33--RU_Y4/HG00701/fail_reads/m84091_240315_183649_s4.fail_reads.bc1011.bam.pbi,s3://human-pangenomics/working/HPRC/HG00701/raw_data/PacBio_HiFi/m84091_240315_183649_s4.fail_reads.bc1011.bam.pbi
s3://human-pangenomics/submissions/5A0D539A-4AD5-4FBF-A0FB-2DDCE5B0FA33--RU_Y4/HG00701/fail_reads/m84091_240315_190710_s1.fail_reads.bc1011.bam,s3://human-pangenomics/working/HPRC/HG00701/raw_data/PacBio_HiFi/m84091_240315_190710_s1.fail_reads.bc1011.bam
s3://human-pangenomics/submissions/5A0D539A-4AD5-4FBF-A0FB-2DDCE5B0FA33--RU_Y4/HG00701/fail_reads/m84091_240315_190710_s1.fail_reads.bc1011.bam.pbi,s3://human-pangenomics/working/HPRC/HG00701/raw_data/PacBio_HiFi/m84091_240315_190710_s1.fail_reads.bc1011.bam.pbi
s3://human-pangenomics/submissions/5A0D539A-4AD5-4FBF-A0FB-2DDCE5B0FA33--RU_Y4/HG00701/hifi_reads/m84091_240311_155513_s4.hifi_reads.bc1011.bam,s3://human-pangenomics/working/HPRC/HG00701/raw_data/PacBio_HiFi/m84091_240311_155513_s4.hifi_reads.bc1011.bam
s3://human-pangenomics/submissions/5A0D539A-4AD5-4FBF-A0FB-2DDCE5B0FA33--RU_Y4/HG00701/hifi_reads/m84091_240311_155513_s4.hifi_reads.bc1011.bam.pbi,s3://human-pangenomics/working/HPRC/HG00701/raw_data/PacBio_HiFi/m84091_240311_155513_s4.hifi_reads.bc1011.bam.pbi
s3://human-pangenomics/submissions/5A0D539A-4AD5-4FBF-A0FB-2DDCE5B0FA33--RU_Y4/HG00701/hifi_reads/m84091_240315_183649_s4.hifi_reads.bc1011.bam,s3://human-pangenomics/working/HPRC/HG00701/raw_data/PacBio_HiFi/m84091_240315_183649_s4.hifi_reads.bc1011.bam
s3://human-pangenomics/submissions/5A0D539A-4AD5-4FBF-A0FB-2DDCE5B0FA33--RU_Y4/HG00701/hifi_reads/m84091_240315_183649_s4.hifi_reads.bc1011.bam.pbi,s3://human-pangenomics/working/HPRC/HG00701/raw_data/PacBio_HiFi/m84091_240315_183649_s4.hifi_reads.bc1011.bam.pbi
s3://human-pangenomics/submissions/5A0D539A-4AD5-4FBF-A0FB-2DDCE5B0FA33--RU_Y4/HG00701/hifi_reads/m84091_240315_190710_s1.hifi_reads.bc1011.bam,s3://human-pangenomics/working/HPRC/HG00701/raw_data/PacBio_HiFi/m84091_240315_190710_s1.hifi_reads.bc1011.bam
s3://human-pangenomics/submissions/5A0D539A-4AD5-4FBF-A0FB-2DDCE5B0FA33--RU_Y4/HG00701/hifi_reads/m84091_240315_190710_s1.hifi_reads.bc1011.bam.pbi,s3://human-pangenomics/working/HPRC/HG00701/raw_data/PacBio_HiFi/m84091_240315_190710_s1.hifi_reads.bc1011.bam.pbi
s3://human-pangenomics/submissions/5A0D539A-4AD5-4FBF-A0FB-2DDCE5B0FA33--RU_Y4/HG00867/fail_reads/m84091_230629_184115_s3.fail_reads.bc1003.bam,s3://human-pangenomics/working/HPRC/HG00867/raw_data/PacBio_HiFi/m84091_230629_184115_s3.fail_reads.bc1003.bam
s3://human-pangenomics/submissions/5A0D539A-4AD5-4FBF-A0FB-2DDCE5B0FA33--RU_Y4/HG00867/fail_reads/m84091_230629_184115_s3.fail_reads.bc1003.bam.pbi,s3://human-pangenomics/working/HPRC/HG00867/raw_data/PacBio_HiFi/m84091_230629_184115_s3.fail_reads.bc1003.bam.pbi
s3://human-pangenomics/submissions/5A0D539A-4AD5-4FBF-A0FB-2DDCE5B0FA33--RU_Y4/HG00867/fail_reads/m84091_230703_165220_s2.fail_reads.bc1003.bam,s3://human-pangenomics/working/HPRC/HG00867/raw_data/PacBio_HiFi/m84091_230703_165220_s2.fail_reads.bc1003.bam
s3://human-pangenomics/submissions/5A0D539A-4AD5-4FBF-A0FB-2DDCE5B0FA33--RU_Y4/HG00867/fail_reads/m84091_230703_165220_s2.fail_reads.bc1003.bam.pbi,s3://human-pangenomics/working/HPRC/HG00867/raw_data/PacBio_HiFi/m84091_230703_165220_s2.fail_reads.bc1003.bam.pbi
s3://human-pangenomics/submissions/5A0D539A-4AD5-4FBF-A0FB-2DDCE5B0FA33--RU_Y4/HG00867/fail_reads/m84091_230710_183139_s4.fail_reads.bc1003.bam,s3://human-pangenomics/working/HPRC/HG00867/raw_data/PacBio_HiFi/m84091_230710_183139_s4.fail_reads.bc1003.bam
s3://human-pangenomics/submissions/5A0D539A-4AD5-4FBF-A0FB-2DDCE5B0FA33--RU_Y4/HG00867/fail_reads/m84091_230710_183139_s4.fail_reads.bc1003.bam.pbi,s3://human-pangenomics/working/HPRC/HG00867/raw_data/PacBio_HiFi/m84091_230710_183139_s4.fail_reads.bc1003.bam.pbi
s3://human-pangenomics/submissions/5A0D539A-4AD5-4FBF-A0FB-2DDCE5B0FA33--RU_Y4/HG00867/hifi_reads/m84091_230629_184115_s3.hifi_reads.bc1003.bam,s3://human-pangenomics/working/HPRC/HG00867/raw_data/PacBio_HiFi/m84091_230629_184115_s3.hifi_reads.bc1003.bam
s3://human-pangenomics/submissions/5A0D539A-4AD5-4FBF-A0FB-2DDCE5B0FA33--RU_Y4/HG00867/hifi_reads/m84091_230629_184115_s3.hifi_reads.bc1003.bam.pbi,s3://human-pangenomics/working/HPRC/HG00867/raw_data/PacBio_HiFi/m84091_230629_184115_s3.hifi_reads.bc1003.bam.pbi
s3://human-pangenomics/submissions/5A0D539A-4AD5-4FBF-A0FB-2DDCE5B0FA33--RU_Y4/HG00867/hifi_reads/m84091_230703_165220_s2.hifi_reads.bc1003.bam,s3://human-pangenomics/working/HPRC/HG00867/raw_data/PacBio_HiFi/m84091_230703_165220_s2.hifi_reads.bc1003.bam
s3://human-pangenomics/submissions/5A0D539A-4AD5-4FBF-A0FB-2DDCE5B0FA33--RU_Y4/HG00867/hifi_reads/m84091_230703_165220_s2.hifi_reads.bc1003.bam.pbi,s3://human-pangenomics/working/HPRC/HG00867/raw_data/PacBio_HiFi/m84091_230703_165220_s2.hifi_reads.bc1003.bam.pbi
s3://human-pangenomics/submissions/5A0D539A-4AD5-4FBF-A0FB-2DDCE5B0FA33--RU_Y4/HG00867/hifi_reads/m84091_230710_183139_s4.hifi_reads.bc1003.bam,s3://human-pangenomics/working/HPRC/HG00867/raw_data/PacBio_HiFi/m84091_230710_183139_s4.hifi_reads.bc1003.bam
s3://human-pangenomics/submissions/5A0D539A-4AD5-4FBF-A0FB-2DDCE5B0FA33--RU_Y4/HG00867/hifi_reads/m84091_230710_183139_s4.hifi_reads.bc1003.bam.pbi,s3://human-pangenomics/working/HPRC/HG00867/raw_data/PacBio_HiFi/m84091_230710_183139_s4.hifi_reads.bc1003.bam.pbi
s3://human-pangenomics/submissions/5A0D539A-4AD5-4FBF-A0FB-2DDCE5B0FA33--RU_Y4/HG01167/fail_reads/m84091_230725_164143_s3.fail_reads.bc1012.bam,s3://human-pangenomics/working/HPRC/HG01167/raw_data/PacBio_HiFi/m84091_230725_164143_s3.fail_reads.bc1012.bam
s3://human-pangenomics/submissions/5A0D539A-4AD5-4FBF-A0FB-2DDCE5B0FA33--RU_Y4/HG01167/fail_reads/m84091_230725_164143_s3.fail_reads.bc1012.bam.pbi,s3://human-pangenomics/working/HPRC/HG01167/raw_data/PacBio_HiFi/m84091_230725_164143_s3.fail_reads.bc1012.bam.pbi
s3://human-pangenomics/submissions/5A0D539A-4AD5-4FBF-A0FB-2DDCE5B0FA33--RU_Y4/HG01167/fail_reads/m84091_230731_140439_s3.fail_reads.bc1012.bam,s3://human-pangenomics/working/HPRC/HG01167/raw_data/PacBio_HiFi/m84091_230731_140439_s3.fail_reads.bc1012.bam
s3://human-pangenomics/submissions/5A0D539A-4AD5-4FBF-A0FB-2DDCE5B0FA33--RU_Y4/HG01167/fail_reads/m84091_230731_140439_s3.fail_reads.bc1012.bam.pbi,s3://human-pangenomics/working/HPRC/HG01167/raw_data/PacBio_HiFi/m84091_230731_140439_s3.fail_reads.bc1012.bam.pbi
s3://human-pangenomics/submissions/5A0D539A-4AD5-4FBF-A0FB-2DDCE5B0FA33--RU_Y4/HG01167/fail_reads/m84091_230817_153352_s4.fail_reads.bc1012.bam,s3://human-pangenomics/working/HPRC/HG01167/raw_data/PacBio_HiFi/m84091_230817_153352_s4.fail_reads.bc1012.bam
s3://human-pangenomics/submissions/5A0D539A-4AD5-4FBF-A0FB-2DDCE5B0FA33--RU_Y4/HG01167/fail_reads/m84091_230817_153352_s4.fail_reads.bc1012.bam.pbi,s3://human-pangenomics/working/HPRC/HG01167/raw_data/PacBio_HiFi/m84091_230817_153352_s4.fail_reads.bc1012.bam.pbi
s3://human-pangenomics/submissions/5A0D539A-4AD5-4FBF-A0FB-2DDCE5B0FA33--RU_Y4/HG01167/hifi_reads/m84091_230725_164143_s3.hifi_reads.bc1012.bam,s3://human-pangenomics/working/HPRC/HG01167/raw_data/PacBio_HiFi/m84091_230725_164143_s3.hifi_reads.bc1012.bam
s3://human-pangenomics/submissions/5A0D539A-4AD5-4FBF-A0FB-2DDCE5B0FA33--RU_Y4/HG01167/hifi_reads/m84091_230725_164143_s3.hifi_reads.bc1012.bam.pbi,s3://human-pangenomics/working/HPRC/HG01167/raw_data/PacBio_HiFi/m84091_230725_164143_s3.hifi_reads.bc1012.bam.pbi
s3://human-pangenomics/submissions/5A0D539A-4AD5-4FBF-A0FB-2DDCE5B0FA33--RU_Y4/HG01167/hifi_reads/m84091_230731_140439_s3.hifi_reads.bc1012.bam,s3://human-pangenomics/working/HPRC/HG01167/raw_data/PacBio_HiFi/m84091_230731_140439_s3.hifi_reads.bc1012.bam
s3://human-pangenomics/submissions/5A0D539A-4AD5-4FBF-A0FB-2DDCE5B0FA33--RU_Y4/HG01167/hifi_reads/m84091_230731_140439_s3.hifi_reads.bc1012.bam.pbi,s3://human-pangenomics/working/HPRC/HG01167/raw_data/PacBio_HiFi/m84091_230731_140439_s3.hifi_reads.bc1012.bam.pbi
s3://human-pangenomics/submissions/5A0D539A-4AD5-4FBF-A0FB-2DDCE5B0FA33--RU_Y4/HG01167/hifi_reads/m84091_230817_153352_s4.hifi_reads.bc1012.bam,s3://human-pangenomics/working/HPRC/HG01167/raw_data/PacBio_HiFi/m84091_230817_153352_s4.hifi_reads.bc1012.bam
s3://human-pangenomics/submissions/5A0D539A-4AD5-4FBF-A0FB-2DDCE5B0FA33--RU_Y4/HG01167/hifi_reads/m84091_230817_153352_s4.hifi_reads.bc1012.bam.pbi,s3://human-pangenomics/working/HPRC/HG01167/raw_data/PacBio_HiFi/m84091_230817_153352_s4.hifi_reads.bc1012.bam.pbi
s3://human-pangenomics/submissions/5A0D539A-4AD5-4FBF-A0FB-2DDCE5B0FA33--RU_Y4/HG01626/fail_reads/m84091_230725_153931_s1.fail_reads.bc1010.bam,s3://human-pangenomics/working/HPRC/HG01626/raw_data/PacBio_HiFi/m84091_230725_153931_s1.fail_reads.bc1010.bam
s3://human-pangenomics/submissions/5A0D539A-4AD5-4FBF-A0FB-2DDCE5B0FA33--RU_Y4/HG01626/fail_reads/m84091_230725_153931_s1.fail_reads.bc1010.bam.pbi,s3://human-pangenomics/working/HPRC/HG01626/raw_data/PacBio_HiFi/m84091_230725_153931_s1.fail_reads.bc1010.bam.pbi
s3://human-pangenomics/submissions/5A0D539A-4AD5-4FBF-A0FB-2DDCE5B0FA33--RU_Y4/HG01626/fail_reads/m84091_230731_130312_s1.fail_reads.bc1010.bam,s3://human-pangenomics/working/HPRC/HG01626/raw_data/PacBio_HiFi/m84091_230731_130312_s1.fail_reads.bc1010.bam
s3://human-pangenomics/submissions/5A0D539A-4AD5-4FBF-A0FB-2DDCE5B0FA33--RU_Y4/HG01626/fail_reads/m84091_230731_130312_s1.fail_reads.bc1010.bam.pbi,s3://human-pangenomics/working/HPRC/HG01626/raw_data/PacBio_HiFi/m84091_230731_130312_s1.fail_reads.bc1010.bam.pbi
s3://human-pangenomics/submissions/5A0D539A-4AD5-4FBF-A0FB-2DDCE5B0FA33--RU_Y4/HG01626/fail_reads/m84091_230817_153352_s4.fail_reads.bc1010.bam,s3://human-pangenomics/working/HPRC/HG01626/raw_data/PacBio_HiFi/m84091_230817_153352_s4.fail_reads.bc1010.bam
s3://human-pangenomics/submissions/5A0D539A-4AD5-4FBF-A0FB-2DDCE5B0FA33--RU_Y4/HG01626/fail_reads/m84091_230817_153352_s4.fail_reads.bc1010.bam.pbi,s3://human-pangenomics/working/HPRC/HG01626/raw_data/PacBio_HiFi/m84091_230817_153352_s4.fail_reads.bc1010.bam.pbi
s3://human-pangenomics/submissions/5A0D539A-4AD5-4FBF-A0FB-2DDCE5B0FA33--RU_Y4/HG01626/hifi_reads/m84091_230725_153931_s1.hifi_reads.bc1010.bam,s3://human-pangenomics/working/HPRC/HG01626/raw_data/PacBio_HiFi/m84091_230725_153931_s1.hifi_reads.bc1010.bam
s3://human-pangenomics/submissions/5A0D539A-4AD5-4FBF-A0FB-2DDCE5B0FA33--RU_Y4/HG01626/hifi_reads/m84091_230725_153931_s1.hifi_reads.bc1010.bam.pbi,s3://human-pangenomics/working/HPRC/HG01626/raw_data/PacBio_HiFi/m84091_230725_153931_s1.hifi_reads.bc1010.bam.pbi
s3://human-pangenomics/submissions/5A0D539A-4AD5-4FBF-A0FB-2DDCE5B0FA33--RU_Y4/HG01626/hifi_reads/m84091_230731_130312_s1.hifi_reads.bc1010.bam,s3://human-pangenomics/working/HPRC/HG01626/raw_data/PacBio_HiFi/m84091_230731_130312_s1.hifi_reads.bc1010.bam
s3://human-pangenomics/submissions/5A0D539A-4AD5-4FBF-A0FB-2DDCE5B0FA33--RU_Y4/HG01626/hifi_reads/m84091_230731_130312_s1.hifi_reads.bc1010.bam.pbi,s3://human-pangenomics/working/HPRC/HG01626/raw_data/PacBio_HiFi/m84091_230731_130312_s1.hifi_reads.bc1010.bam.pbi
s3://human-pangenomics/submissions/5A0D539A-4AD5-4FBF-A0FB-2DDCE5B0FA33--RU_Y4/HG01626/hifi_reads/m84091_230817_153352_s4.hifi_reads.bc1010.bam,s3://human-pangenomics/working/HPRC/HG01626/raw_data/PacBio_HiFi/m84091_230817_153352_s4.hifi_reads.bc1010.bam
s3://human-pangenomics/submissions/5A0D539A-4AD5-4FBF-A0FB-2DDCE5B0FA33--RU_Y4/HG01626/hifi_reads/m84091_230817_153352_s4.hifi_reads.bc1010.bam.pbi,s3://human-pangenomics/working/HPRC/HG01626/raw_data/PacBio_HiFi/m84091_230817_153352_s4.hifi_reads.bc1010.bam.pbi
s3://human-pangenomics/submissions/5A0D539A-4AD5-4FBF-A0FB-2DDCE5B0FA33--RU_Y4/HG02178/fail_reads/m84091_230629_191221_s4.fail_reads.bc1008.bam,s3://human-pangenomics/working/HPRC/HG02178/raw_data/PacBio_HiFi/m84091_230629_191221_s4.fail_reads.bc1008.bam
s3://human-pangenomics/submissions/5A0D539A-4AD5-4FBF-A0FB-2DDCE5B0FA33--RU_Y4/HG02178/fail_reads/m84091_230629_191221_s4.fail_reads.bc1008.bam.pbi,s3://human-pangenomics/working/HPRC/HG02178/raw_data/PacBio_HiFi/m84091_230629_191221_s4.fail_reads.bc1008.bam.pbi
s3://human-pangenomics/submissions/5A0D539A-4AD5-4FBF-A0FB-2DDCE5B0FA33--RU_Y4/HG02178/fail_reads/m84091_230705_181402_s3.fail_reads.bc1008.bam,s3://human-pangenomics/working/HPRC/HG02178/raw_data/PacBio_HiFi/m84091_230705_181402_s3.fail_reads.bc1008.bam
s3://human-pangenomics/submissions/5A0D539A-4AD5-4FBF-A0FB-2DDCE5B0FA33--RU_Y4/HG02178/fail_reads/m84091_230705_181402_s3.fail_reads.bc1008.bam.pbi,s3://human-pangenomics/working/HPRC/HG02178/raw_data/PacBio_HiFi/m84091_230705_181402_s3.fail_reads.bc1008.bam.pbi
s3://human-pangenomics/submissions/5A0D539A-4AD5-4FBF-A0FB-2DDCE5B0FA33--RU_Y4/HG02178/fail_reads/m84091_230710_180033_s3.fail_reads.bc1008.bam,s3://human-pangenomics/working/HPRC/HG02178/raw_data/PacBio_HiFi/m84091_230710_180033_s3.fail_reads.bc1008.bam
s3://human-pangenomics/submissions/5A0D539A-4AD5-4FBF-A0FB-2DDCE5B0FA33--RU_Y4/HG02178/fail_reads/m84091_230710_180033_s3.fail_reads.bc1008.bam.pbi,s3://human-pangenomics/working/HPRC/HG02178/raw_data/PacBio_HiFi/m84091_230710_180033_s3.fail_reads.bc1008.bam.pbi
s3://human-pangenomics/submissions/5A0D539A-4AD5-4FBF-A0FB-2DDCE5B0FA33--RU_Y4/HG02178/hifi_reads/m84091_230629_191221_s4.hifi_reads.bc1008.bam,s3://human-pangenomics/working/HPRC/HG02178/raw_data/PacBio_HiFi/m84091_230629_191221_s4.hifi_reads.bc1008.bam
s3://human-pangenomics/submissions/5A0D539A-4AD5-4FBF-A0FB-2DDCE5B0FA33--RU_Y4/HG02178/hifi_reads/m84091_230629_191221_s4.hifi_reads.bc1008.bam.pbi,s3://human-pangenomics/working/HPRC/HG02178/raw_data/PacBio_HiFi/m84091_230629_191221_s4.hifi_reads.bc1008.bam.pbi
s3://human-pangenomics/submissions/5A0D539A-4AD5-4FBF-A0FB-2DDCE5B0FA33--RU_Y4/HG02178/hifi_reads/m84091_230705_181402_s3.hifi_reads.bc1008.bam,s3://human-pangenomics/working/HPRC/HG02178/raw_data/PacBio_HiFi/m84091_230705_181402_s3.hifi_reads.bc1008.bam
s3://human-pangenomics/submissions/5A0D539A-4AD5-4FBF-A0FB-2DDCE5B0FA33--RU_Y4/HG02178/hifi_reads/m84091_230705_181402_s3.hifi_reads.bc1008.bam.pbi,s3://human-pangenomics/working/HPRC/HG02178/raw_data/PacBio_HiFi/m84091_230705_181402_s3.hifi_reads.bc1008.bam.pbi
s3://human-pangenomics/submissions/5A0D539A-4AD5-4FBF-A0FB-2DDCE5B0FA33--RU_Y4/HG02178/hifi_reads/m84091_230710_180033_s3.hifi_reads.bc1008.bam,s3://human-pangenomics/working/HPRC/HG02178/raw_data/PacBio_HiFi/m84091_230710_180033_s3.hifi_reads.bc1008.bam
s3://human-pangenomics/submissions/5A0D539A-4AD5-4FBF-A0FB-2DDCE5B0FA33--RU_Y4/HG02178/hifi_reads/m84091_230710_180033_s3.hifi_reads.bc1008.bam.pbi,s3://human-pangenomics/working/HPRC/HG02178/raw_data/PacBio_HiFi/m84091_230710_180033_s3.hifi_reads.bc1008.bam.pbi
s3://human-pangenomics/submissions/5A0D539A-4AD5-4FBF-A0FB-2DDCE5B0FA33--RU_Y4/HG02392/fail_reads/m84091_230629_181009_s2.fail_reads.bc1002.bam,s3://human-pangenomics/working/HPRC/HG02392/raw_data/PacBio_HiFi/m84091_230629_181009_s2.fail_reads.bc1002.bam
s3://human-pangenomics/submissions/5A0D539A-4AD5-4FBF-A0FB-2DDCE5B0FA33--RU_Y4/HG02392/fail_reads/m84091_230629_181009_s2.fail_reads.bc1002.bam.pbi,s3://human-pangenomics/working/HPRC/HG02392/raw_data/PacBio_HiFi/m84091_230629_181009_s2.fail_reads.bc1002.bam.pbi
s3://human-pangenomics/submissions/5A0D539A-4AD5-4FBF-A0FB-2DDCE5B0FA33--RU_Y4/HG02392/fail_reads/m84091_230705_171239_s1.fail_reads.bc1002.bam,s3://human-pangenomics/working/HPRC/HG02392/raw_data/PacBio_HiFi/m84091_230705_171239_s1.fail_reads.bc1002.bam
s3://human-pangenomics/submissions/5A0D539A-4AD5-4FBF-A0FB-2DDCE5B0FA33--RU_Y4/HG02392/fail_reads/m84091_230705_171239_s1.fail_reads.bc1002.bam.pbi,s3://human-pangenomics/working/HPRC/HG02392/raw_data/PacBio_HiFi/m84091_230705_171239_s1.fail_reads.bc1002.bam.pbi
s3://human-pangenomics/submissions/5A0D539A-4AD5-4FBF-A0FB-2DDCE5B0FA33--RU_Y4/HG02392/fail_reads/m84091_230710_180033_s3.fail_reads.bc1002.bam,s3://human-pangenomics/working/HPRC/HG02392/raw_data/PacBio_HiFi/m84091_230710_180033_s3.fail_reads.bc1002.bam
s3://human-pangenomics/submissions/5A0D539A-4AD5-4FBF-A0FB-2DDCE5B0FA33--RU_Y4/HG02392/fail_reads/m84091_230710_180033_s3.fail_reads.bc1002.bam.pbi,s3://human-pangenomics/working/HPRC/HG02392/raw_data/PacBio_HiFi/m84091_230710_180033_s3.fail_reads.bc1002.bam.pbi
s3://human-pangenomics/submissions/5A0D539A-4AD5-4FBF-A0FB-2DDCE5B0FA33--RU_Y4/HG02392/fail_reads/m84091_230727_143029_s4.fail_reads.bc1002.bam,s3://human-pangenomics/working/HPRC/HG02392/raw_data/PacBio_HiFi/m84091_230727_143029_s4.fail_reads.bc1002.bam
s3://human-pangenomics/submissions/5A0D539A-4AD5-4FBF-A0FB-2DDCE5B0FA33--RU_Y4/HG02392/fail_reads/m84091_230727_143029_s4.fail_reads.bc1002.bam.pbi,s3://human-pangenomics/working/HPRC/HG02392/raw_data/PacBio_HiFi/m84091_230727_143029_s4.fail_reads.bc1002.bam.pbi
s3://human-pangenomics/submissions/5A0D539A-4AD5-4FBF-A0FB-2DDCE5B0FA33--RU_Y4/HG02392/fail_reads/m84091_230817_153352_s4.fail_reads.bc1002.bam,s3://human-pangenomics/working/HPRC/HG02392/raw_data/PacBio_HiFi/m84091_230817_153352_s4.fail_reads.bc1002.bam
s3://human-pangenomics/submissions/5A0D539A-4AD5-4FBF-A0FB-2DDCE5B0FA33--RU_Y4/HG02392/fail_reads/m84091_230817_153352_s4.fail_reads.bc1002.bam.pbi,s3://human-pangenomics/working/HPRC/HG02392/raw_data/PacBio_HiFi/m84091_230817_153352_s4.fail_reads.bc1002.bam.pbi
s3://human-pangenomics/submissions/5A0D539A-4AD5-4FBF-A0FB-2DDCE5B0FA33--RU_Y4/HG02392/hifi_reads/m84091_230629_181009_s2.hifi_reads.bc1002.bam,s3://human-pangenomics/working/HPRC/HG02392/raw_data/PacBio_HiFi/m84091_230629_181009_s2.hifi_reads.bc1002.bam
s3://human-pangenomics/submissions/5A0D539A-4AD5-4FBF-A0FB-2DDCE5B0FA33--RU_Y4/HG02392/hifi_reads/m84091_230629_181009_s2.hifi_reads.bc1002.bam.pbi,s3://human-pangenomics/working/HPRC/HG02392/raw_data/PacBio_HiFi/m84091_230629_181009_s2.hifi_reads.bc1002.bam.pbi
s3://human-pangenomics/submissions/5A0D539A-4AD5-4FBF-A0FB-2DDCE5B0FA33--RU_Y4/HG02392/hifi_reads/m84091_230705_171239_s1.hifi_reads.bc1002.bam,s3://human-pangenomics/working/HPRC/HG02392/raw_data/PacBio_HiFi/m84091_230705_171239_s1.hifi_reads.bc1002.bam
s3://human-pangenomics/submissions/5A0D539A-4AD5-4FBF-A0FB-2DDCE5B0FA33--RU_Y4/HG02392/hifi_reads/m84091_230705_171239_s1.hifi_reads.bc1002.bam.pbi,s3://human-pangenomics/working/HPRC/HG02392/raw_data/PacBio_HiFi/m84091_230705_171239_s1.hifi_reads.bc1002.bam.pbi
s3://human-pangenomics/submissions/5A0D539A-4AD5-4FBF-A0FB-2DDCE5B0FA33--RU_Y4/HG02392/hifi_reads/m84091_230710_180033_s3.hifi_reads.bc1002.bam,s3://human-pangenomics/working/HPRC/HG02392/raw_data/PacBio_HiFi/m84091_230710_180033_s3.hifi_reads.bc1002.bam
s3://human-pangenomics/submissions/5A0D539A-4AD5-4FBF-A0FB-2DDCE5B0FA33--RU_Y4/HG02392/hifi_reads/m84091_230710_180033_s3.hifi_reads.bc1002.bam.pbi,s3://human-pangenomics/working/HPRC/HG02392/raw_data/PacBio_HiFi/m84091_230710_180033_s3.hifi_reads.bc1002.bam.pbi
s3://human-pangenomics/submissions/5A0D539A-4AD5-4FBF-A0FB-2DDCE5B0FA33--RU_Y4/HG02392/hifi_reads/m84091_230727_143029_s4.hifi_reads.bc1002.bam,s3://human-pangenomics/working/HPRC/HG02392/raw_data/PacBio_HiFi/m84091_230727_143029_s4.hifi_reads.bc1002.bam
s3://human-pangenomics/submissions/5A0D539A-4AD5-4FBF-A0FB-2DDCE5B0FA33--RU_Y4/HG02392/hifi_reads/m84091_230727_143029_s4.hifi_reads.bc1002.bam.pbi,s3://human-pangenomics/working/HPRC/HG02392/raw_data/PacBio_HiFi/m84091_230727_143029_s4.hifi_reads.bc1002.bam.pbi
s3://human-pangenomics/submissions/5A0D539A-4AD5-4FBF-A0FB-2DDCE5B0FA33--RU_Y4/HG02392/hifi_reads/m84091_230817_153352_s4.hifi_reads.bc1002.bam,s3://human-pangenomics/working/HPRC/HG02392/raw_data/PacBio_HiFi/m84091_230817_153352_s4.hifi_reads.bc1002.bam
s3://human-pangenomics/submissions/5A0D539A-4AD5-4FBF-A0FB-2DDCE5B0FA33--RU_Y4/HG02392/hifi_reads/m84091_230817_153352_s4.hifi_reads.bc1002.bam.pbi,s3://human-pangenomics/working/HPRC/HG02392/raw_data/PacBio_HiFi/m84091_230817_153352_s4.hifi_reads.bc1002.bam.pbi
s3://human-pangenomics/submissions/5A0D539A-4AD5-4FBF-A0FB-2DDCE5B0FA33--RU_Y4/HG02583/fail_reads/m84091_230707_183012_s4.fail_reads.bc1016.bam,s3://human-pangenomics/working/HPRC/HG02583/raw_data/PacBio_HiFi/m84091_230707_183012_s4.fail_reads.bc1016.bam
s3://human-pangenomics/submissions/5A0D539A-4AD5-4FBF-A0FB-2DDCE5B0FA33--RU_Y4/HG02583/fail_reads/m84091_230707_183012_s4.fail_reads.bc1016.bam.pbi,s3://human-pangenomics/working/HPRC/HG02583/raw_data/PacBio_HiFi/m84091_230707_183012_s4.fail_reads.bc1016.bam.pbi
s3://human-pangenomics/submissions/5A0D539A-4AD5-4FBF-A0FB-2DDCE5B0FA33--RU_Y4/HG02583/fail_reads/m84091_230714_140949_s3.fail_reads.bc1016.bam,s3://human-pangenomics/working/HPRC/HG02583/raw_data/PacBio_HiFi/m84091_230714_140949_s3.fail_reads.bc1016.bam
s3://human-pangenomics/submissions/5A0D539A-4AD5-4FBF-A0FB-2DDCE5B0FA33--RU_Y4/HG02583/fail_reads/m84091_230714_140949_s3.fail_reads.bc1016.bam.pbi,s3://human-pangenomics/working/HPRC/HG02583/raw_data/PacBio_HiFi/m84091_230714_140949_s3.fail_reads.bc1016.bam.pbi
s3://human-pangenomics/submissions/5A0D539A-4AD5-4FBF-A0FB-2DDCE5B0FA33--RU_Y4/HG02583/hifi_reads/m84091_230707_183012_s4.hifi_reads.bc1016.bam,s3://human-pangenomics/working/HPRC/HG02583/raw_data/PacBio_HiFi/m84091_230707_183012_s4.hifi_reads.bc1016.bam
s3://human-pangenomics/submissions/5A0D539A-4AD5-4FBF-A0FB-2DDCE5B0FA33--RU_Y4/HG02583/hifi_reads/m84091_230707_183012_s4.hifi_reads.bc1016.bam.pbi,s3://human-pangenomics/working/HPRC/HG02583/raw_data/PacBio_HiFi/m84091_230707_183012_s4.hifi_reads.bc1016.bam.pbi
s3://human-pangenomics/submissions/5A0D539A-4AD5-4FBF-A0FB-2DDCE5B0FA33--RU_Y4/HG02583/hifi_reads/m84091_230714_140949_s3.hifi_reads.bc1016.bam,s3://human-pangenomics/working/HPRC/HG02583/raw_data/PacBio_HiFi/m84091_230714_140949_s3.hifi_reads.bc1016.bam
s3://human-pangenomics/submissions/5A0D539A-4AD5-4FBF-A0FB-2DDCE5B0FA33--RU_Y4/HG02583/hifi_reads/m84091_230714_140949_s3.hifi_reads.bc1016.bam.pbi,s3://human-pangenomics/working/HPRC/HG02583/raw_data/PacBio_HiFi/m84091_230714_140949_s3.hifi_reads.bc1016.bam.pbi
s3://human-pangenomics/submissions/5A0D539A-4AD5-4FBF-A0FB-2DDCE5B0FA33--RU_Y4/HG02624/fail_reads/m84091_231106_194835_s4.fail_reads.bc1001.bam,s3://human-pangenomics/working/HPRC/HG02624/raw_data/PacBio_HiFi/m84091_231106_194835_s4.fail_reads.bc1001.bam
s3://human-pangenomics/submissions/5A0D539A-4AD5-4FBF-A0FB-2DDCE5B0FA33--RU_Y4/HG02624/fail_reads/m84091_231106_194835_s4.fail_reads.bc1001.bam.pbi,s3://human-pangenomics/working/HPRC/HG02624/raw_data/PacBio_HiFi/m84091_231106_194835_s4.fail_reads.bc1001.bam.pbi
s3://human-pangenomics/submissions/5A0D539A-4AD5-4FBF-A0FB-2DDCE5B0FA33--RU_Y4/HG02624/fail_reads/m84091_231113_162942_s4.fail_reads.bc1001.bam,s3://human-pangenomics/working/HPRC/HG02624/raw_data/PacBio_HiFi/m84091_231113_162942_s4.fail_reads.bc1001.bam
s3://human-pangenomics/submissions/5A0D539A-4AD5-4FBF-A0FB-2DDCE5B0FA33--RU_Y4/HG02624/fail_reads/m84091_231113_162942_s4.fail_reads.bc1001.bam.pbi,s3://human-pangenomics/working/HPRC/HG02624/raw_data/PacBio_HiFi/m84091_231113_162942_s4.fail_reads.bc1001.bam.pbi
s3://human-pangenomics/submissions/5A0D539A-4AD5-4FBF-A0FB-2DDCE5B0FA33--RU_Y4/HG02624/fail_reads/m84091_231214_211211_s3.fail_reads.bc1001.bam,s3://human-pangenomics/working/HPRC/HG02624/raw_data/PacBio_HiFi/m84091_231214_211211_s3.fail_reads.bc1001.bam
s3://human-pangenomics/submissions/5A0D539A-4AD5-4FBF-A0FB-2DDCE5B0FA33--RU_Y4/HG02624/fail_reads/m84091_231214_211211_s3.fail_reads.bc1001.bam.pbi,s3://human-pangenomics/working/HPRC/HG02624/raw_data/PacBio_HiFi/m84091_231214_211211_s3.fail_reads.bc1001.bam.pbi
s3://human-pangenomics/submissions/5A0D539A-4AD5-4FBF-A0FB-2DDCE5B0FA33--RU_Y4/HG02624/fail_reads/m84091_240221_215958_s3.fail_reads.bc1001.bam,s3://human-pangenomics/working/HPRC/HG02624/raw_data/PacBio_HiFi/m84091_240221_215958_s3.fail_reads.bc1001.bam
s3://human-pangenomics/submissions/5A0D539A-4AD5-4FBF-A0FB-2DDCE5B0FA33--RU_Y4/HG02624/fail_reads/m84091_240221_215958_s3.fail_reads.bc1001.bam.pbi,s3://human-pangenomics/working/HPRC/HG02624/raw_data/PacBio_HiFi/m84091_240221_215958_s3.fail_reads.bc1001.bam.pbi
s3://human-pangenomics/submissions/5A0D539A-4AD5-4FBF-A0FB-2DDCE5B0FA33--RU_Y4/HG02624/hifi_reads/m84091_231106_194835_s4.hifi_reads.bc1001.bam,s3://human-pangenomics/working/HPRC/HG02624/raw_data/PacBio_HiFi/m84091_231106_194835_s4.hifi_reads.bc1001.bam
s3://human-pangenomics/submissions/5A0D539A-4AD5-4FBF-A0FB-2DDCE5B0FA33--RU_Y4/HG02624/hifi_reads/m84091_231106_194835_s4.hifi_reads.bc1001.bam.pbi,s3://human-pangenomics/working/HPRC/HG02624/raw_data/PacBio_HiFi/m84091_231106_194835_s4.hifi_reads.bc1001.bam.pbi
s3://human-pangenomics/submissions/5A0D539A-4AD5-4FBF-A0FB-2DDCE5B0FA33--RU_Y4/HG02624/hifi_reads/m84091_231113_162942_s4.hifi_reads.bc1001.bam,s3://human-pangenomics/working/HPRC/HG02624/raw_data/PacBio_HiFi/m84091_231113_162942_s4.hifi_reads.bc1001.bam
s3://human-pangenomics/submissions/5A0D539A-4AD5-4FBF-A0FB-2DDCE5B0FA33--RU_Y4/HG02624/hifi_reads/m84091_231113_162942_s4.hifi_reads.bc1001.bam.pbi,s3://human-pangenomics/working/HPRC/HG02624/raw_data/PacBio_HiFi/m84091_231113_162942_s4.hifi_reads.bc1001.bam.pbi
s3://human-pangenomics/submissions/5A0D539A-4AD5-4FBF-A0FB-2DDCE5B0FA33--RU_Y4/HG02624/hifi_reads/m84091_231214_211211_s3.hifi_reads.bc1001.bam,s3://human-pangenomics/working/HPRC/HG02624/raw_data/PacBio_HiFi/m84091_231214_211211_s3.hifi_reads.bc1001.bam
s3://human-pangenomics/submissions/5A0D539A-4AD5-4FBF-A0FB-2DDCE5B0FA33--RU_Y4/HG02624/hifi_reads/m84091_231214_211211_s3.hifi_reads.bc1001.bam.pbi,s3://human-pangenomics/working/HPRC/HG02624/raw_data/PacBio_HiFi/m84091_231214_211211_s3.hifi_reads.bc1001.bam.pbi
s3://human-pangenomics/submissions/5A0D539A-4AD5-4FBF-A0FB-2DDCE5B0FA33--RU_Y4/HG02624/hifi_reads/m84091_240221_215958_s3.hifi_reads.bc1001.bam,s3://human-pangenomics/working/HPRC/HG02624/raw_data/PacBio_HiFi/m84091_240221_215958_s3.hifi_reads.bc1001.bam
s3://human-pangenomics/submissions/5A0D539A-4AD5-4FBF-A0FB-2DDCE5B0FA33--RU_Y4/HG02624/hifi_reads/m84091_240221_215958_s3.hifi_reads.bc1001.bam.pbi,s3://human-pangenomics/working/HPRC/HG02624/raw_data/PacBio_HiFi/m84091_240221_215958_s3.hifi_reads.bc1001.bam.pbi
s3://human-pangenomics/submissions/5A0D539A-4AD5-4FBF-A0FB-2DDCE5B0FA33--RU_Y4/HG03072/fail_reads/m84091_240122_201558_s1.fail_reads.bc1012.bam,s3://human-pangenomics/working/HPRC/HG03072/raw_data/PacBio_HiFi/m84091_240122_201558_s1.fail_reads.bc1012.bam
s3://human-pangenomics/submissions/5A0D539A-4AD5-4FBF-A0FB-2DDCE5B0FA33--RU_Y4/HG03072/fail_reads/m84091_240122_201558_s1.fail_reads.bc1012.bam.pbi,s3://human-pangenomics/working/HPRC/HG03072/raw_data/PacBio_HiFi/m84091_240122_201558_s1.fail_reads.bc1012.bam.pbi
s3://human-pangenomics/submissions/5A0D539A-4AD5-4FBF-A0FB-2DDCE5B0FA33--RU_Y4/HG03072/fail_reads/m84091_240311_165640_s2.fail_reads.bc1012.bam,s3://human-pangenomics/working/HPRC/HG03072/raw_data/PacBio_HiFi/m84091_240311_165640_s2.fail_reads.bc1012.bam
s3://human-pangenomics/submissions/5A0D539A-4AD5-4FBF-A0FB-2DDCE5B0FA33--RU_Y4/HG03072/fail_reads/m84091_240311_165640_s2.fail_reads.bc1012.bam.pbi,s3://human-pangenomics/working/HPRC/HG03072/raw_data/PacBio_HiFi/m84091_240311_165640_s2.fail_reads.bc1012.bam.pbi
s3://human-pangenomics/submissions/5A0D539A-4AD5-4FBF-A0FB-2DDCE5B0FA33--RU_Y4/HG03072/fail_reads/m84091_240315_193817_s2.fail_reads.bc1012.bam,s3://human-pangenomics/working/HPRC/HG03072/raw_data/PacBio_HiFi/m84091_240315_193817_s2.fail_reads.bc1012.bam
s3://human-pangenomics/submissions/5A0D539A-4AD5-4FBF-A0FB-2DDCE5B0FA33--RU_Y4/HG03072/fail_reads/m84091_240315_193817_s2.fail_reads.bc1012.bam.pbi,s3://human-pangenomics/working/HPRC/HG03072/raw_data/PacBio_HiFi/m84091_240315_193817_s2.fail_reads.bc1012.bam.pbi
s3://human-pangenomics/submissions/5A0D539A-4AD5-4FBF-A0FB-2DDCE5B0FA33--RU_Y4/HG03072/hifi_reads/m84091_240122_201558_s1.hifi_reads.bc1012.bam,s3://human-pangenomics/working/HPRC/HG03072/raw_data/PacBio_HiFi/m84091_240122_201558_s1.hifi_reads.bc1012.bam
s3://human-pangenomics/submissions/5A0D539A-4AD5-4FBF-A0FB-2DDCE5B0FA33--RU_Y4/HG03072/hifi_reads/m84091_240122_201558_s1.hifi_reads.bc1012.bam.pbi,s3://human-pangenomics/working/HPRC/HG03072/raw_data/PacBio_HiFi/m84091_240122_201558_s1.hifi_reads.bc1012.bam.pbi
s3://human-pangenomics/submissions/5A0D539A-4AD5-4FBF-A0FB-2DDCE5B0FA33--RU_Y4/HG03072/hifi_reads/m84091_240311_165640_s2.hifi_reads.bc1012.bam,s3://human-pangenomics/working/HPRC/HG03072/raw_data/PacBio_HiFi/m84091_240311_165640_s2.hifi_reads.bc1012.bam
s3://human-pangenomics/submissions/5A0D539A-4AD5-4FBF-A0FB-2DDCE5B0FA33--RU_Y4/HG03072/hifi_reads/m84091_240311_165640_s2.hifi_reads.bc1012.bam.pbi,s3://human-pangenomics/working/HPRC/HG03072/raw_data/PacBio_HiFi/m84091_240311_165640_s2.hifi_reads.bc1012.bam.pbi
s3://human-pangenomics/submissions/5A0D539A-4AD5-4FBF-A0FB-2DDCE5B0FA33--RU_Y4/HG03072/hifi_reads/m84091_240315_193817_s2.hifi_reads.bc1012.bam,s3://human-pangenomics/working/HPRC/HG03072/raw_data/PacBio_HiFi/m84091_240315_193817_s2.hifi_reads.bc1012.bam
s3://human-pangenomics/submissions/5A0D539A-4AD5-4FBF-A0FB-2DDCE5B0FA33--RU_Y4/HG03072/hifi_reads/m84091_240315_193817_s2.hifi_reads.bc1012.bam.pbi,s3://human-pangenomics/working/HPRC/HG03072/raw_data/PacBio_HiFi/m84091_240315_193817_s2.hifi_reads.bc1012.bam.pbi
s3://human-pangenomics/submissions/5A0D539A-4AD5-4FBF-A0FB-2DDCE5B0FA33--RU_Y4/HG03108/fail_reads/m84091_231113_170005_s1.fail_reads.bc1008.bam,s3://human-pangenomics/working/HPRC/HG03108/raw_data/PacBio_HiFi/m84091_231113_170005_s1.fail_reads.bc1008.bam
s3://human-pangenomics/submissions/5A0D539A-4AD5-4FBF-A0FB-2DDCE5B0FA33--RU_Y4/HG03108/fail_reads/m84091_231113_170005_s1.fail_reads.bc1008.bam.pbi,s3://human-pangenomics/working/HPRC/HG03108/raw_data/PacBio_HiFi/m84091_231113_170005_s1.fail_reads.bc1008.bam.pbi
s3://human-pangenomics/submissions/5A0D539A-4AD5-4FBF-A0FB-2DDCE5B0FA33--RU_Y4/HG03108/fail_reads/m84091_231214_200959_s1.fail_reads.bc1008.bam,s3://human-pangenomics/working/HPRC/HG03108/raw_data/PacBio_HiFi/m84091_231214_200959_s1.fail_reads.bc1008.bam
s3://human-pangenomics/submissions/5A0D539A-4AD5-4FBF-A0FB-2DDCE5B0FA33--RU_Y4/HG03108/fail_reads/m84091_231214_200959_s1.fail_reads.bc1008.bam.pbi,s3://human-pangenomics/working/HPRC/HG03108/raw_data/PacBio_HiFi/m84091_231214_200959_s1.fail_reads.bc1008.bam.pbi
s3://human-pangenomics/submissions/5A0D539A-4AD5-4FBF-A0FB-2DDCE5B0FA33--RU_Y4/HG03108/fail_reads/m84091_240308_215845_s3.fail_reads.bc1008.bam,s3://human-pangenomics/working/HPRC/HG03108/raw_data/PacBio_HiFi/m84091_240308_215845_s3.fail_reads.bc1008.bam
s3://human-pangenomics/submissions/5A0D539A-4AD5-4FBF-A0FB-2DDCE5B0FA33--RU_Y4/HG03108/fail_reads/m84091_240308_215845_s3.fail_reads.bc1008.bam.pbi,s3://human-pangenomics/working/HPRC/HG03108/raw_data/PacBio_HiFi/m84091_240308_215845_s3.fail_reads.bc1008.bam.pbi
s3://human-pangenomics/submissions/5A0D539A-4AD5-4FBF-A0FB-2DDCE5B0FA33--RU_Y4/HG03108/hifi_reads/m84091_231113_170005_s1.hifi_reads.bc1008.bam,s3://human-pangenomics/working/HPRC/HG03108/raw_data/PacBio_HiFi/m84091_231113_170005_s1.hifi_reads.bc1008.bam
s3://human-pangenomics/submissions/5A0D539A-4AD5-4FBF-A0FB-2DDCE5B0FA33--RU_Y4/HG03108/hifi_reads/m84091_231113_170005_s1.hifi_reads.bc1008.bam.pbi,s3://human-pangenomics/working/HPRC/HG03108/raw_data/PacBio_HiFi/m84091_231113_170005_s1.hifi_reads.bc1008.bam.pbi
s3://human-pangenomics/submissions/5A0D539A-4AD5-4FBF-A0FB-2DDCE5B0FA33--RU_Y4/HG03108/hifi_reads/m84091_231214_200959_s1.hifi_reads.bc1008.bam,s3://human-pangenomics/working/HPRC/HG03108/raw_data/PacBio_HiFi/m84091_231214_200959_s1.hifi_reads.bc1008.bam
s3://human-pangenomics/submissions/5A0D539A-4AD5-4FBF-A0FB-2DDCE5B0FA33--RU_Y4/HG03108/hifi_reads/m84091_231214_200959_s1.hifi_reads.bc1008.bam.pbi,s3://human-pangenomics/working/HPRC/HG03108/raw_data/PacBio_HiFi/m84091_231214_200959_s1.hifi_reads.bc1008.bam.pbi
s3://human-pangenomics/submissions/5A0D539A-4AD5-4FBF-A0FB-2DDCE5B0FA33--RU_Y4/HG03108/hifi_reads/m84091_240308_215845_s3.hifi_reads.bc1008.bam,s3://human-pangenomics/working/HPRC/HG03108/raw_data/PacBio_HiFi/m84091_240308_215845_s3.hifi_reads.bc1008.bam
s3://human-pangenomics/submissions/5A0D539A-4AD5-4FBF-A0FB-2DDCE5B0FA33--RU_Y4/HG03108/hifi_reads/m84091_240308_215845_s3.hifi_reads.bc1008.bam.pbi,s3://human-pangenomics/working/HPRC/HG03108/raw_data/PacBio_HiFi/m84091_240308_215845_s3.hifi_reads.bc1008.bam.pbi
s3://human-pangenomics/submissions/5A0D539A-4AD5-4FBF-A0FB-2DDCE5B0FA33--RU_Y4/HG03270/fail_reads/m84091_230707_175906_s3.fail_reads.bc1015.bam,s3://human-pangenomics/working/HPRC/HG03270/raw_data/PacBio_HiFi/m84091_230707_175906_s3.fail_reads.bc1015.bam
s3://human-pangenomics/submissions/5A0D539A-4AD5-4FBF-A0FB-2DDCE5B0FA33--RU_Y4/HG03270/fail_reads/m84091_230707_175906_s3.fail_reads.bc1015.bam.pbi,s3://human-pangenomics/working/HPRC/HG03270/raw_data/PacBio_HiFi/m84091_230707_175906_s3.fail_reads.bc1015.bam.pbi
s3://human-pangenomics/submissions/5A0D539A-4AD5-4FBF-A0FB-2DDCE5B0FA33--RU_Y4/HG03270/fail_reads/m84091_230710_183139_s4.fail_reads.bc1015.bam,s3://human-pangenomics/working/HPRC/HG03270/raw_data/PacBio_HiFi/m84091_230710_183139_s4.fail_reads.bc1015.bam
s3://human-pangenomics/submissions/5A0D539A-4AD5-4FBF-A0FB-2DDCE5B0FA33--RU_Y4/HG03270/fail_reads/m84091_230710_183139_s4.fail_reads.bc1015.bam.pbi,s3://human-pangenomics/working/HPRC/HG03270/raw_data/PacBio_HiFi/m84091_230710_183139_s4.fail_reads.bc1015.bam.pbi
s3://human-pangenomics/submissions/5A0D539A-4AD5-4FBF-A0FB-2DDCE5B0FA33--RU_Y4/HG03270/hifi_reads/m84091_230707_175906_s3.hifi_reads.bc1015.bam,s3://human-pangenomics/working/HPRC/HG03270/raw_data/PacBio_HiFi/m84091_230707_175906_s3.hifi_reads.bc1015.bam
s3://human-pangenomics/submissions/5A0D539A-4AD5-4FBF-A0FB-2DDCE5B0FA33--RU_Y4/HG03270/hifi_reads/m84091_230707_175906_s3.hifi_reads.bc1015.bam.pbi,s3://human-pangenomics/working/HPRC/HG03270/raw_data/PacBio_HiFi/m84091_230707_175906_s3.hifi_reads.bc1015.bam.pbi
s3://human-pangenomics/submissions/5A0D539A-4AD5-4FBF-A0FB-2DDCE5B0FA33--RU_Y4/HG03270/hifi_reads/m84091_230710_183139_s4.hifi_reads.bc1015.bam,s3://human-pangenomics/working/HPRC/HG03270/raw_data/PacBio_HiFi/m84091_230710_183139_s4.hifi_reads.bc1015.bam
s3://human-pangenomics/submissions/5A0D539A-4AD5-4FBF-A0FB-2DDCE5B0FA33--RU_Y4/HG03270/hifi_reads/m84091_230710_183139_s4.hifi_reads.bc1015.bam.pbi,s3://human-pangenomics/working/HPRC/HG03270/raw_data/PacBio_HiFi/m84091_230710_183139_s4.hifi_reads.bc1015.bam.pbi
s3://human-pangenomics/submissions/5A0D539A-4AD5-4FBF-A0FB-2DDCE5B0FA33--RU_Y4/HG03369/fail_reads/m84091_230721_145006_s3.fail_reads.bc1009.bam,s3://human-pangenomics/working/HPRC/HG03369/raw_data/PacBio_HiFi/m84091_230721_145006_s3.fail_reads.bc1009.bam
s3://human-pangenomics/submissions/5A0D539A-4AD5-4FBF-A0FB-2DDCE5B0FA33--RU_Y4/HG03369/fail_reads/m84091_230721_145006_s3.fail_reads.bc1009.bam.pbi,s3://human-pangenomics/working/HPRC/HG03369/raw_data/PacBio_HiFi/m84091_230721_145006_s3.fail_reads.bc1009.bam.pbi
s3://human-pangenomics/submissions/5A0D539A-4AD5-4FBF-A0FB-2DDCE5B0FA33--RU_Y4/HG03369/fail_reads/m84091_230727_135923_s3.fail_reads.bc1009.bam,s3://human-pangenomics/working/HPRC/HG03369/raw_data/PacBio_HiFi/m84091_230727_135923_s3.fail_reads.bc1009.bam
s3://human-pangenomics/submissions/5A0D539A-4AD5-4FBF-A0FB-2DDCE5B0FA33--RU_Y4/HG03369/fail_reads/m84091_230727_135923_s3.fail_reads.bc1009.bam.pbi,s3://human-pangenomics/working/HPRC/HG03369/raw_data/PacBio_HiFi/m84091_230727_135923_s3.fail_reads.bc1009.bam.pbi
s3://human-pangenomics/submissions/5A0D539A-4AD5-4FBF-A0FB-2DDCE5B0FA33--RU_Y4/HG03369/hifi_reads/m84091_230721_145006_s3.hifi_reads.bc1009.bam,s3://human-pangenomics/working/HPRC/HG03369/raw_data/PacBio_HiFi/m84091_230721_145006_s3.hifi_reads.bc1009.bam
s3://human-pangenomics/submissions/5A0D539A-4AD5-4FBF-A0FB-2DDCE5B0FA33--RU_Y4/HG03369/hifi_reads/m84091_230721_145006_s3.hifi_reads.bc1009.bam.pbi,s3://human-pangenomics/working/HPRC/HG03369/raw_data/PacBio_HiFi/m84091_230721_145006_s3.hifi_reads.bc1009.bam.pbi
s3://human-pangenomics/submissions/5A0D539A-4AD5-4FBF-A0FB-2DDCE5B0FA33--RU_Y4/HG03369/hifi_reads/m84091_230727_135923_s3.hifi_reads.bc1009.bam,s3://human-pangenomics/working/HPRC/HG03369/raw_data/PacBio_HiFi/m84091_230727_135923_s3.hifi_reads.bc1009.bam
s3://human-pangenomics/submissions/5A0D539A-4AD5-4FBF-A0FB-2DDCE5B0FA33--RU_Y4/HG03369/hifi_reads/m84091_230727_135923_s3.hifi_reads.bc1009.bam.pbi,s3://human-pangenomics/working/HPRC/HG03369/raw_data/PacBio_HiFi/m84091_230727_135923_s3.hifi_reads.bc1009.bam.pbi
s3://human-pangenomics/submissions/5A0D539A-4AD5-4FBF-A0FB-2DDCE5B0FA33--RU_Y4/HG03372/fail_reads/m84091_231106_201855_s1.fail_reads.bc1003.bam,s3://human-pangenomics/working/HPRC/HG03372/raw_data/PacBio_HiFi/m84091_231106_201855_s1.fail_reads.bc1003.bam
s3://human-pangenomics/submissions/5A0D539A-4AD5-4FBF-A0FB-2DDCE5B0FA33--RU_Y4/HG03372/fail_reads/m84091_231106_201855_s1.fail_reads.bc1003.bam.pbi,s3://human-pangenomics/working/HPRC/HG03372/raw_data/PacBio_HiFi/m84091_231106_201855_s1.fail_reads.bc1003.bam.pbi
s3://human-pangenomics/submissions/5A0D539A-4AD5-4FBF-A0FB-2DDCE5B0FA33--RU_Y4/HG03372/fail_reads/m84091_231214_204105_s2.fail_reads.bc1003.bam,s3://human-pangenomics/working/HPRC/HG03372/raw_data/PacBio_HiFi/m84091_231214_204105_s2.fail_reads.bc1003.bam
s3://human-pangenomics/submissions/5A0D539A-4AD5-4FBF-A0FB-2DDCE5B0FA33--RU_Y4/HG03372/fail_reads/m84091_231214_204105_s2.fail_reads.bc1003.bam.pbi,s3://human-pangenomics/working/HPRC/HG03372/raw_data/PacBio_HiFi/m84091_231214_204105_s2.fail_reads.bc1003.bam.pbi
s3://human-pangenomics/submissions/5A0D539A-4AD5-4FBF-A0FB-2DDCE5B0FA33--RU_Y4/HG03372/fail_reads/m84091_240308_212739_s2.fail_reads.bc1003.bam,s3://human-pangenomics/working/HPRC/HG03372/raw_data/PacBio_HiFi/m84091_240308_212739_s2.fail_reads.bc1003.bam
s3://human-pangenomics/submissions/5A0D539A-4AD5-4FBF-A0FB-2DDCE5B0FA33--RU_Y4/HG03372/fail_reads/m84091_240308_212739_s2.fail_reads.bc1003.bam.pbi,s3://human-pangenomics/working/HPRC/HG03372/raw_data/PacBio_HiFi/m84091_240308_212739_s2.fail_reads.bc1003.bam.pbi
s3://human-pangenomics/submissions/5A0D539A-4AD5-4FBF-A0FB-2DDCE5B0FA33--RU_Y4/HG03372/hifi_reads/m84091_231106_201855_s1.hifi_reads.bc1003.bam,s3://human-pangenomics/working/HPRC/HG03372/raw_data/PacBio_HiFi/m84091_231106_201855_s1.hifi_reads.bc1003.bam
s3://human-pangenomics/submissions/5A0D539A-4AD5-4FBF-A0FB-2DDCE5B0FA33--RU_Y4/HG03372/hifi_reads/m84091_231106_201855_s1.hifi_reads.bc1003.bam.pbi,s3://human-pangenomics/working/HPRC/HG03372/raw_data/PacBio_HiFi/m84091_231106_201855_s1.hifi_reads.bc1003.bam.pbi
s3://human-pangenomics/submissions/5A0D539A-4AD5-4FBF-A0FB-2DDCE5B0FA33--RU_Y4/HG03372/hifi_reads/m84091_231214_204105_s2.hifi_reads.bc1003.bam,s3://human-pangenomics/working/HPRC/HG03372/raw_data/PacBio_HiFi/m84091_231214_204105_s2.hifi_reads.bc1003.bam
s3://human-pangenomics/submissions/5A0D539A-4AD5-4FBF-A0FB-2DDCE5B0FA33--RU_Y4/HG03372/hifi_reads/m84091_231214_204105_s2.hifi_reads.bc1003.bam.pbi,s3://human-pangenomics/working/HPRC/HG03372/raw_data/PacBio_HiFi/m84091_231214_204105_s2.hifi_reads.bc1003.bam.pbi
s3://human-pangenomics/submissions/5A0D539A-4AD5-4FBF-A0FB-2DDCE5B0FA33--RU_Y4/HG03372/hifi_reads/m84091_240308_212739_s2.hifi_reads.bc1003.bam,s3://human-pangenomics/working/HPRC/HG03372/raw_data/PacBio_HiFi/m84091_240308_212739_s2.hifi_reads.bc1003.bam
s3://human-pangenomics/submissions/5A0D539A-4AD5-4FBF-A0FB-2DDCE5B0FA33--RU_Y4/HG03372/hifi_reads/m84091_240308_212739_s2.hifi_reads.bc1003.bam.pbi,s3://human-pangenomics/working/HPRC/HG03372/raw_data/PacBio_HiFi/m84091_240308_212739_s2.hifi_reads.bc1003.bam.pbi
s3://human-pangenomics/submissions/5A0D539A-4AD5-4FBF-A0FB-2DDCE5B0FA33--RU_Y4/HG03445/fail_reads/m84091_240110_204947_s3.fail_reads.bc1015.bam,s3://human-pangenomics/working/HPRC/HG03445/raw_data/PacBio_HiFi/m84091_240110_204947_s3.fail_reads.bc1015.bam
s3://human-pangenomics/submissions/5A0D539A-4AD5-4FBF-A0FB-2DDCE5B0FA33--RU_Y4/HG03445/fail_reads/m84091_240110_204947_s3.fail_reads.bc1015.bam.pbi,s3://human-pangenomics/working/HPRC/HG03445/raw_data/PacBio_HiFi/m84091_240110_204947_s3.fail_reads.bc1015.bam.pbi
s3://human-pangenomics/submissions/5A0D539A-4AD5-4FBF-A0FB-2DDCE5B0FA33--RU_Y4/HG03445/fail_reads/m84091_240311_162534_s1.fail_reads.bc1015.bam,s3://human-pangenomics/working/HPRC/HG03445/raw_data/PacBio_HiFi/m84091_240311_162534_s1.fail_reads.bc1015.bam
s3://human-pangenomics/submissions/5A0D539A-4AD5-4FBF-A0FB-2DDCE5B0FA33--RU_Y4/HG03445/fail_reads/m84091_240311_162534_s1.fail_reads.bc1015.bam.pbi,s3://human-pangenomics/working/HPRC/HG03445/raw_data/PacBio_HiFi/m84091_240311_162534_s1.fail_reads.bc1015.bam.pbi
s3://human-pangenomics/submissions/5A0D539A-4AD5-4FBF-A0FB-2DDCE5B0FA33--RU_Y4/HG03445/fail_reads/m84091_240315_193817_s2.fail_reads.bc1015.bam,s3://human-pangenomics/working/HPRC/HG03445/raw_data/PacBio_HiFi/m84091_240315_193817_s2.fail_reads.bc1015.bam
s3://human-pangenomics/submissions/5A0D539A-4AD5-4FBF-A0FB-2DDCE5B0FA33--RU_Y4/HG03445/fail_reads/m84091_240315_193817_s2.fail_reads.bc1015.bam.pbi,s3://human-pangenomics/working/HPRC/HG03445/raw_data/PacBio_HiFi/m84091_240315_193817_s2.fail_reads.bc1015.bam.pbi
s3://human-pangenomics/submissions/5A0D539A-4AD5-4FBF-A0FB-2DDCE5B0FA33--RU_Y4/HG03445/hifi_reads/m84091_240110_204947_s3.hifi_reads.bc1015.bam,s3://human-pangenomics/working/HPRC/HG03445/raw_data/PacBio_HiFi/m84091_240110_204947_s3.hifi_reads.bc1015.bam
s3://human-pangenomics/submissions/5A0D539A-4AD5-4FBF-A0FB-2DDCE5B0FA33--RU_Y4/HG03445/hifi_reads/m84091_240110_204947_s3.hifi_reads.bc1015.bam.pbi,s3://human-pangenomics/working/HPRC/HG03445/raw_data/PacBio_HiFi/m84091_240110_204947_s3.hifi_reads.bc1015.bam.pbi
s3://human-pangenomics/submissions/5A0D539A-4AD5-4FBF-A0FB-2DDCE5B0FA33--RU_Y4/HG03445/hifi_reads/m84091_240311_162534_s1.hifi_reads.bc1015.bam,s3://human-pangenomics/working/HPRC/HG03445/raw_data/PacBio_HiFi/m84091_240311_162534_s1.hifi_reads.bc1015.bam
s3://human-pangenomics/submissions/5A0D539A-4AD5-4FBF-A0FB-2DDCE5B0FA33--RU_Y4/HG03445/hifi_reads/m84091_240311_162534_s1.hifi_reads.bc1015.bam.pbi,s3://human-pangenomics/working/HPRC/HG03445/raw_data/PacBio_HiFi/m84091_240311_162534_s1.hifi_reads.bc1015.bam.pbi
s3://human-pangenomics/submissions/5A0D539A-4AD5-4FBF-A0FB-2DDCE5B0FA33--RU_Y4/HG03445/hifi_reads/m84091_240315_193817_s2.hifi_reads.bc1015.bam,s3://human-pangenomics/working/HPRC/HG03445/raw_data/PacBio_HiFi/m84091_240315_193817_s2.hifi_reads.bc1015.bam
s3://human-pangenomics/submissions/5A0D539A-4AD5-4FBF-A0FB-2DDCE5B0FA33--RU_Y4/HG03445/hifi_reads/m84091_240315_193817_s2.hifi_reads.bc1015.bam.pbi,s3://human-pangenomics/working/HPRC/HG03445/raw_data/PacBio_HiFi/m84091_240315_193817_s2.hifi_reads.bc1015.bam.pbi
s3://human-pangenomics/submissions/5A0D539A-4AD5-4FBF-A0FB-2DDCE5B0FA33--RU_Y4/HG03583/fail_reads/m84091_230712_170232_s2.fail_reads.bc1020.bam,s3://human-pangenomics/working/HPRC/HG03583/raw_data/PacBio_HiFi/m84091_230712_170232_s2.fail_reads.bc1020.bam
s3://human-pangenomics/submissions/5A0D539A-4AD5-4FBF-A0FB-2DDCE5B0FA33--RU_Y4/HG03583/fail_reads/m84091_230712_170232_s2.fail_reads.bc1020.bam.pbi,s3://human-pangenomics/working/HPRC/HG03583/raw_data/PacBio_HiFi/m84091_230712_170232_s2.fail_reads.bc1020.bam.pbi
s3://human-pangenomics/submissions/5A0D539A-4AD5-4FBF-A0FB-2DDCE5B0FA33--RU_Y4/HG03583/fail_reads/m84091_230719_172335_s4.fail_reads.bc1020.bam,s3://human-pangenomics/working/HPRC/HG03583/raw_data/PacBio_HiFi/m84091_230719_172335_s4.fail_reads.bc1020.bam
s3://human-pangenomics/submissions/5A0D539A-4AD5-4FBF-A0FB-2DDCE5B0FA33--RU_Y4/HG03583/fail_reads/m84091_230719_172335_s4.fail_reads.bc1020.bam.pbi,s3://human-pangenomics/working/HPRC/HG03583/raw_data/PacBio_HiFi/m84091_230719_172335_s4.fail_reads.bc1020.bam.pbi
s3://human-pangenomics/submissions/5A0D539A-4AD5-4FBF-A0FB-2DDCE5B0FA33--RU_Y4/HG03583/fail_reads/m84091_230727_132817_s2.fail_reads.bc1020.bam,s3://human-pangenomics/working/HPRC/HG03583/raw_data/PacBio_HiFi/m84091_230727_132817_s2.fail_reads.bc1020.bam
s3://human-pangenomics/submissions/5A0D539A-4AD5-4FBF-A0FB-2DDCE5B0FA33--RU_Y4/HG03583/fail_reads/m84091_230727_132817_s2.fail_reads.bc1020.bam.pbi,s3://human-pangenomics/working/HPRC/HG03583/raw_data/PacBio_HiFi/m84091_230727_132817_s2.fail_reads.bc1020.bam.pbi
s3://human-pangenomics/submissions/5A0D539A-4AD5-4FBF-A0FB-2DDCE5B0FA33--RU_Y4/HG03583/fail_reads/m84091_230817_153352_s4.fail_reads.bc1020.bam,s3://human-pangenomics/working/HPRC/HG03583/raw_data/PacBio_HiFi/m84091_230817_153352_s4.fail_reads.bc1020.bam
s3://human-pangenomics/submissions/5A0D539A-4AD5-4FBF-A0FB-2DDCE5B0FA33--RU_Y4/HG03583/fail_reads/m84091_230817_153352_s4.fail_reads.bc1020.bam.pbi,s3://human-pangenomics/working/HPRC/HG03583/raw_data/PacBio_HiFi/m84091_230817_153352_s4.fail_reads.bc1020.bam.pbi
s3://human-pangenomics/submissions/5A0D539A-4AD5-4FBF-A0FB-2DDCE5B0FA33--RU_Y4/HG03583/hifi_reads/m84091_230712_170232_s2.hifi_reads.bc1020.bam,s3://human-pangenomics/working/HPRC/HG03583/raw_data/PacBio_HiFi/m84091_230712_170232_s2.hifi_reads.bc1020.bam
s3://human-pangenomics/submissions/5A0D539A-4AD5-4FBF-A0FB-2DDCE5B0FA33--RU_Y4/HG03583/hifi_reads/m84091_230712_170232_s2.hifi_reads.bc1020.bam.pbi,s3://human-pangenomics/working/HPRC/HG03583/raw_data/PacBio_HiFi/m84091_230712_170232_s2.hifi_reads.bc1020.bam.pbi
s3://human-pangenomics/submissions/5A0D539A-4AD5-4FBF-A0FB-2DDCE5B0FA33--RU_Y4/HG03583/hifi_reads/m84091_230719_172335_s4.hifi_reads.bc1020.bam,s3://human-pangenomics/working/HPRC/HG03583/raw_data/PacBio_HiFi/m84091_230719_172335_s4.hifi_reads.bc1020.bam
s3://human-pangenomics/submissions/5A0D539A-4AD5-4FBF-A0FB-2DDCE5B0FA33--RU_Y4/HG03583/hifi_reads/m84091_230719_172335_s4.hifi_reads.bc1020.bam.pbi,s3://human-pangenomics/working/HPRC/HG03583/raw_data/PacBio_HiFi/m84091_230719_172335_s4.hifi_reads.bc1020.bam.pbi
s3://human-pangenomics/submissions/5A0D539A-4AD5-4FBF-A0FB-2DDCE5B0FA33--RU_Y4/HG03583/hifi_reads/m84091_230727_132817_s2.hifi_reads.bc1020.bam,s3://human-pangenomics/working/HPRC/HG03583/raw_data/PacBio_HiFi/m84091_230727_132817_s2.hifi_reads.bc1020.bam
s3://human-pangenomics/submissions/5A0D539A-4AD5-4FBF-A0FB-2DDCE5B0FA33--RU_Y4/HG03583/hifi_reads/m84091_230727_132817_s2.hifi_reads.bc1020.bam.pbi,s3://human-pangenomics/working/HPRC/HG03583/raw_data/PacBio_HiFi/m84091_230727_132817_s2.hifi_reads.bc1020.bam.pbi
s3://human-pangenomics/submissions/5A0D539A-4AD5-4FBF-A0FB-2DDCE5B0FA33--RU_Y4/HG03583/hifi_reads/m84091_230817_153352_s4.hifi_reads.bc1020.bam,s3://human-pangenomics/working/HPRC/HG03583/raw_data/PacBio_HiFi/m84091_230817_153352_s4.hifi_reads.bc1020.bam
s3://human-pangenomics/submissions/5A0D539A-4AD5-4FBF-A0FB-2DDCE5B0FA33--RU_Y4/HG03583/hifi_reads/m84091_230817_153352_s4.hifi_reads.bc1020.bam.pbi,s3://human-pangenomics/working/HPRC/HG03583/raw_data/PacBio_HiFi/m84091_230817_153352_s4.hifi_reads.bc1020.bam.pbi
s3://human-pangenomics/submissions/5A0D539A-4AD5-4FBF-A0FB-2DDCE5B0FA33--RU_Y4/HG03672/fail_reads/m84091_231106_212107_s3.fail_reads.bc1021.bam,s3://human-pangenomics/working/HPRC/HG03672/raw_data/PacBio_HiFi/m84091_231106_212107_s3.fail_reads.bc1021.bam
s3://human-pangenomics/submissions/5A0D539A-4AD5-4FBF-A0FB-2DDCE5B0FA33--RU_Y4/HG03672/fail_reads/m84091_231106_212107_s3.fail_reads.bc1021.bam.pbi,s3://human-pangenomics/working/HPRC/HG03672/raw_data/PacBio_HiFi/m84091_231106_212107_s3.fail_reads.bc1021.bam.pbi
s3://human-pangenomics/submissions/5A0D539A-4AD5-4FBF-A0FB-2DDCE5B0FA33--RU_Y4/HG03672/fail_reads/m84091_231113_173111_s2.fail_reads.bc1021.bam,s3://human-pangenomics/working/HPRC/HG03672/raw_data/PacBio_HiFi/m84091_231113_173111_s2.fail_reads.bc1021.bam
s3://human-pangenomics/submissions/5A0D539A-4AD5-4FBF-A0FB-2DDCE5B0FA33--RU_Y4/HG03672/fail_reads/m84091_231113_173111_s2.fail_reads.bc1021.bam.pbi,s3://human-pangenomics/working/HPRC/HG03672/raw_data/PacBio_HiFi/m84091_231113_173111_s2.fail_reads.bc1021.bam.pbi
s3://human-pangenomics/submissions/5A0D539A-4AD5-4FBF-A0FB-2DDCE5B0FA33--RU_Y4/HG03672/fail_reads/m84091_240221_215958_s3.fail_reads.bc1021.bam,s3://human-pangenomics/working/HPRC/HG03672/raw_data/PacBio_HiFi/m84091_240221_215958_s3.fail_reads.bc1021.bam
s3://human-pangenomics/submissions/5A0D539A-4AD5-4FBF-A0FB-2DDCE5B0FA33--RU_Y4/HG03672/fail_reads/m84091_240221_215958_s3.fail_reads.bc1021.bam.pbi,s3://human-pangenomics/working/HPRC/HG03672/raw_data/PacBio_HiFi/m84091_240221_215958_s3.fail_reads.bc1021.bam.pbi
s3://human-pangenomics/submissions/5A0D539A-4AD5-4FBF-A0FB-2DDCE5B0FA33--RU_Y4/HG03672/hifi_reads/m84091_231106_212107_s3.hifi_reads.bc1021.bam,s3://human-pangenomics/working/HPRC/HG03672/raw_data/PacBio_HiFi/m84091_231106_212107_s3.hifi_reads.bc1021.bam
s3://human-pangenomics/submissions/5A0D539A-4AD5-4FBF-A0FB-2DDCE5B0FA33--RU_Y4/HG03672/hifi_reads/m84091_231106_212107_s3.hifi_reads.bc1021.bam.pbi,s3://human-pangenomics/working/HPRC/HG03672/raw_data/PacBio_HiFi/m84091_231106_212107_s3.hifi_reads.bc1021.bam.pbi
s3://human-pangenomics/submissions/5A0D539A-4AD5-4FBF-A0FB-2DDCE5B0FA33--RU_Y4/HG03672/hifi_reads/m84091_231113_173111_s2.hifi_reads.bc1021.bam,s3://human-pangenomics/working/HPRC/HG03672/raw_data/PacBio_HiFi/m84091_231113_173111_s2.hifi_reads.bc1021.bam
s3://human-pangenomics/submissions/5A0D539A-4AD5-4FBF-A0FB-2DDCE5B0FA33--RU_Y4/HG03672/hifi_reads/m84091_231113_173111_s2.hifi_reads.bc1021.bam.pbi,s3://human-pangenomics/working/HPRC/HG03672/raw_data/PacBio_HiFi/m84091_231113_173111_s2.hifi_reads.bc1021.bam.pbi
s3://human-pangenomics/submissions/5A0D539A-4AD5-4FBF-A0FB-2DDCE5B0FA33--RU_Y4/HG03672/hifi_reads/m84091_240221_215958_s3.hifi_reads.bc1021.bam,s3://human-pangenomics/working/HPRC/HG03672/raw_data/PacBio_HiFi/m84091_240221_215958_s3.hifi_reads.bc1021.bam
s3://human-pangenomics/submissions/5A0D539A-4AD5-4FBF-A0FB-2DDCE5B0FA33--RU_Y4/HG03672/hifi_reads/m84091_240221_215958_s3.hifi_reads.bc1021.bam.pbi,s3://human-pangenomics/working/HPRC/HG03672/raw_data/PacBio_HiFi/m84091_240221_215958_s3.hifi_reads.bc1021.bam.pbi
s3://human-pangenomics/submissions/5A0D539A-4AD5-4FBF-A0FB-2DDCE5B0FA33--RU_Y4/HG03874/fail_reads/m84091_230712_163213_s1.fail_reads.bc1012.bam,s3://human-pangenomics/working/HPRC/HG03874/raw_data/PacBio_HiFi/m84091_230712_163213_s1.fail_reads.bc1012.bam
s3://human-pangenomics/submissions/5A0D539A-4AD5-4FBF-A0FB-2DDCE5B0FA33--RU_Y4/HG03874/fail_reads/m84091_230712_163213_s1.fail_reads.bc1012.bam.pbi,s3://human-pangenomics/working/HPRC/HG03874/raw_data/PacBio_HiFi/m84091_230712_163213_s1.fail_reads.bc1012.bam.pbi
s3://human-pangenomics/submissions/5A0D539A-4AD5-4FBF-A0FB-2DDCE5B0FA33--RU_Y4/HG03874/fail_reads/m84091_230719_155016_s1.fail_reads.bc1012.bam,s3://human-pangenomics/working/HPRC/HG03874/raw_data/PacBio_HiFi/m84091_230719_155016_s1.fail_reads.bc1012.bam
s3://human-pangenomics/submissions/5A0D539A-4AD5-4FBF-A0FB-2DDCE5B0FA33--RU_Y4/HG03874/fail_reads/m84091_230719_155016_s1.fail_reads.bc1012.bam.pbi,s3://human-pangenomics/working/HPRC/HG03874/raw_data/PacBio_HiFi/m84091_230719_155016_s1.fail_reads.bc1012.bam.pbi
s3://human-pangenomics/submissions/5A0D539A-4AD5-4FBF-A0FB-2DDCE5B0FA33--RU_Y4/HG03874/fail_reads/m84091_230731_130312_s1.fail_reads.bc1012.bam,s3://human-pangenomics/working/HPRC/HG03874/raw_data/PacBio_HiFi/m84091_230731_130312_s1.fail_reads.bc1012.bam
s3://human-pangenomics/submissions/5A0D539A-4AD5-4FBF-A0FB-2DDCE5B0FA33--RU_Y4/HG03874/fail_reads/m84091_230731_130312_s1.fail_reads.bc1012.bam.pbi,s3://human-pangenomics/working/HPRC/HG03874/raw_data/PacBio_HiFi/m84091_230731_130312_s1.fail_reads.bc1012.bam.pbi
s3://human-pangenomics/submissions/5A0D539A-4AD5-4FBF-A0FB-2DDCE5B0FA33--RU_Y4/HG03874/hifi_reads/m84091_230712_163213_s1.hifi_reads.bc1012.bam,s3://human-pangenomics/working/HPRC/HG03874/raw_data/PacBio_HiFi/m84091_230712_163213_s1.hifi_reads.bc1012.bam
s3://human-pangenomics/submissions/5A0D539A-4AD5-4FBF-A0FB-2DDCE5B0FA33--RU_Y4/HG03874/hifi_reads/m84091_230712_163213_s1.hifi_reads.bc1012.bam.pbi,s3://human-pangenomics/working/HPRC/HG03874/raw_data/PacBio_HiFi/m84091_230712_163213_s1.hifi_reads.bc1012.bam.pbi
s3://human-pangenomics/submissions/5A0D539A-4AD5-4FBF-A0FB-2DDCE5B0FA33--RU_Y4/HG03874/hifi_reads/m84091_230719_155016_s1.hifi_reads.bc1012.bam,s3://human-pangenomics/working/HPRC/HG03874/raw_data/PacBio_HiFi/m84091_230719_155016_s1.hifi_reads.bc1012.bam
s3://human-pangenomics/submissions/5A0D539A-4AD5-4FBF-A0FB-2DDCE5B0FA33--RU_Y4/HG03874/hifi_reads/m84091_230719_155016_s1.hifi_reads.bc1012.bam.pbi,s3://human-pangenomics/working/HPRC/HG03874/raw_data/PacBio_HiFi/m84091_230719_155016_s1.hifi_reads.bc1012.bam.pbi
s3://human-pangenomics/submissions/5A0D539A-4AD5-4FBF-A0FB-2DDCE5B0FA33--RU_Y4/HG03874/hifi_reads/m84091_230731_130312_s1.hifi_reads.bc1012.bam,s3://human-pangenomics/working/HPRC/HG03874/raw_data/PacBio_HiFi/m84091_230731_130312_s1.hifi_reads.bc1012.bam
s3://human-pangenomics/submissions/5A0D539A-4AD5-4FBF-A0FB-2DDCE5B0FA33--RU_Y4/HG03874/hifi_reads/m84091_230731_130312_s1.hifi_reads.bc1012.bam.pbi,s3://human-pangenomics/working/HPRC/HG03874/raw_data/PacBio_HiFi/m84091_230731_130312_s1.hifi_reads.bc1012.bam.pbi
s3://human-pangenomics/submissions/5A0D539A-4AD5-4FBF-A0FB-2DDCE5B0FA33--RU_Y4/HG04153/fail_reads/m84091_230727_125753_s1.fail_reads.bc1016.bam,s3://human-pangenomics/working/HPRC/HG04153/raw_data/PacBio_HiFi/m84091_230727_125753_s1.fail_reads.bc1016.bam
s3://human-pangenomics/submissions/5A0D539A-4AD5-4FBF-A0FB-2DDCE5B0FA33--RU_Y4/HG04153/fail_reads/m84091_230727_125753_s1.fail_reads.bc1016.bam.pbi,s3://human-pangenomics/working/HPRC/HG04153/raw_data/PacBio_HiFi/m84091_230727_125753_s1.fail_reads.bc1016.bam.pbi
s3://human-pangenomics/submissions/5A0D539A-4AD5-4FBF-A0FB-2DDCE5B0FA33--RU_Y4/HG04153/fail_reads/m84091_230802_170158_s1.fail_reads.bc1016.bam,s3://human-pangenomics/working/HPRC/HG04153/raw_data/PacBio_HiFi/m84091_230802_170158_s1.fail_reads.bc1016.bam
s3://human-pangenomics/submissions/5A0D539A-4AD5-4FBF-A0FB-2DDCE5B0FA33--RU_Y4/HG04153/fail_reads/m84091_230802_170158_s1.fail_reads.bc1016.bam.pbi,s3://human-pangenomics/working/HPRC/HG04153/raw_data/PacBio_HiFi/m84091_230802_170158_s1.fail_reads.bc1016.bam.pbi
s3://human-pangenomics/submissions/5A0D539A-4AD5-4FBF-A0FB-2DDCE5B0FA33--RU_Y4/HG04153/hifi_reads/m84091_230727_125753_s1.hifi_reads.bc1016.bam,s3://human-pangenomics/working/HPRC/HG04153/raw_data/PacBio_HiFi/m84091_230727_125753_s1.hifi_reads.bc1016.bam
s3://human-pangenomics/submissions/5A0D539A-4AD5-4FBF-A0FB-2DDCE5B0FA33--RU_Y4/HG04153/hifi_reads/m84091_230727_125753_s1.hifi_reads.bc1016.bam.pbi,s3://human-pangenomics/working/HPRC/HG04153/raw_data/PacBio_HiFi/m84091_230727_125753_s1.hifi_reads.bc1016.bam.pbi
s3://human-pangenomics/submissions/5A0D539A-4AD5-4FBF-A0FB-2DDCE5B0FA33--RU_Y4/HG04153/hifi_reads/m84091_230802_170158_s1.hifi_reads.bc1016.bam,s3://human-pangenomics/working/HPRC/HG04153/raw_data/PacBio_HiFi/m84091_230802_170158_s1.hifi_reads.bc1016.bam
s3://human-pangenomics/submissions/5A0D539A-4AD5-4FBF-A0FB-2DDCE5B0FA33--RU_Y4/HG04153/hifi_reads/m84091_230802_170158_s1.hifi_reads.bc1016.bam.pbi,s3://human-pangenomics/working/HPRC/HG04153/raw_data/PacBio_HiFi/m84091_230802_170158_s1.hifi_reads.bc1016.bam.pbi
s3://human-pangenomics/submissions/5A0D539A-4AD5-4FBF-A0FB-2DDCE5B0FA33--RU_Y4/NA18505/fail_reads/m84091_230718_154039_s1.fail_reads.bc1021.bam,s3://human-pangenomics/working/HPRC/NA18505/raw_data/PacBio_HiFi/m84091_230718_154039_s1.fail_reads.bc1021.bam
s3://human-pangenomics/submissions/5A0D539A-4AD5-4FBF-A0FB-2DDCE5B0FA33--RU_Y4/NA18505/fail_reads/m84091_230718_154039_s1.fail_reads.bc1021.bam.pbi,s3://human-pangenomics/working/HPRC/NA18505/raw_data/PacBio_HiFi/m84091_230718_154039_s1.fail_reads.bc1021.bam.pbi
s3://human-pangenomics/submissions/5A0D539A-4AD5-4FBF-A0FB-2DDCE5B0FA33--RU_Y4/NA18505/fail_reads/m84091_230721_152112_s4.fail_reads.bc1021.bam,s3://human-pangenomics/working/HPRC/NA18505/raw_data/PacBio_HiFi/m84091_230721_152112_s4.fail_reads.bc1021.bam
s3://human-pangenomics/submissions/5A0D539A-4AD5-4FBF-A0FB-2DDCE5B0FA33--RU_Y4/NA18505/fail_reads/m84091_230721_152112_s4.fail_reads.bc1021.bam.pbi,s3://human-pangenomics/working/HPRC/NA18505/raw_data/PacBio_HiFi/m84091_230721_152112_s4.fail_reads.bc1021.bam.pbi
s3://human-pangenomics/submissions/5A0D539A-4AD5-4FBF-A0FB-2DDCE5B0FA33--RU_Y4/NA18505/fail_reads/m84091_230724_152950_s1.fail_reads.bc1021.bam,s3://human-pangenomics/working/HPRC/NA18505/raw_data/PacBio_HiFi/m84091_230724_152950_s1.fail_reads.bc1021.bam
s3://human-pangenomics/submissions/5A0D539A-4AD5-4FBF-A0FB-2DDCE5B0FA33--RU_Y4/NA18505/fail_reads/m84091_230724_152950_s1.fail_reads.bc1021.bam.pbi,s3://human-pangenomics/working/HPRC/NA18505/raw_data/PacBio_HiFi/m84091_230724_152950_s1.fail_reads.bc1021.bam.pbi
s3://human-pangenomics/submissions/5A0D539A-4AD5-4FBF-A0FB-2DDCE5B0FA33--RU_Y4/NA18505/hifi_reads/m84091_230718_154039_s1.hifi_reads.bc1021.bam,s3://human-pangenomics/working/HPRC/NA18505/raw_data/PacBio_HiFi/m84091_230718_154039_s1.hifi_reads.bc1021.bam
s3://human-pangenomics/submissions/5A0D539A-4AD5-4FBF-A0FB-2DDCE5B0FA33--RU_Y4/NA18505/hifi_reads/m84091_230718_154039_s1.hifi_reads.bc1021.bam.pbi,s3://human-pangenomics/working/HPRC/NA18505/raw_data/PacBio_HiFi/m84091_230718_154039_s1.hifi_reads.bc1021.bam.pbi
s3://human-pangenomics/submissions/5A0D539A-4AD5-4FBF-A0FB-2DDCE5B0FA33--RU_Y4/NA18505/hifi_reads/m84091_230721_152112_s4.hifi_reads.bc1021.bam,s3://human-pangenomics/working/HPRC/NA18505/raw_data/PacBio_HiFi/m84091_230721_152112_s4.hifi_reads.bc1021.bam
s3://human-pangenomics/submissions/5A0D539A-4AD5-4FBF-A0FB-2DDCE5B0FA33--RU_Y4/NA18505/hifi_reads/m84091_230721_152112_s4.hifi_reads.bc1021.bam.pbi,s3://human-pangenomics/working/HPRC/NA18505/raw_data/PacBio_HiFi/m84091_230721_152112_s4.hifi_reads.bc1021.bam.pbi
s3://human-pangenomics/submissions/5A0D539A-4AD5-4FBF-A0FB-2DDCE5B0FA33--RU_Y4/NA18505/hifi_reads/m84091_230724_152950_s1.hifi_reads.bc1021.bam,s3://human-pangenomics/working/HPRC/NA18505/raw_data/PacBio_HiFi/m84091_230724_152950_s1.hifi_reads.bc1021.bam
s3://human-pangenomics/submissions/5A0D539A-4AD5-4FBF-A0FB-2DDCE5B0FA33--RU_Y4/NA18505/hifi_reads/m84091_230724_152950_s1.hifi_reads.bc1021.bam.pbi,s3://human-pangenomics/working/HPRC/NA18505/raw_data/PacBio_HiFi/m84091_230724_152950_s1.hifi_reads.bc1021.bam.pbi
s3://human-pangenomics/submissions/5A0D539A-4AD5-4FBF-A0FB-2DDCE5B0FA33--RU_Y4/NA18620/fail_reads/m84091_230703_172326_s3.fail_reads.bc1009.bam,s3://human-pangenomics/working/HPRC/NA18620/raw_data/PacBio_HiFi/m84091_230703_172326_s3.fail_reads.bc1009.bam
s3://human-pangenomics/submissions/5A0D539A-4AD5-4FBF-A0FB-2DDCE5B0FA33--RU_Y4/NA18620/fail_reads/m84091_230703_172326_s3.fail_reads.bc1009.bam.pbi,s3://human-pangenomics/working/HPRC/NA18620/raw_data/PacBio_HiFi/m84091_230703_172326_s3.fail_reads.bc1009.bam.pbi
s3://human-pangenomics/submissions/5A0D539A-4AD5-4FBF-A0FB-2DDCE5B0FA33--RU_Y4/NA18620/fail_reads/m84091_230707_165735_s1.fail_reads.bc1009.bam,s3://human-pangenomics/working/HPRC/NA18620/raw_data/PacBio_HiFi/m84091_230707_165735_s1.fail_reads.bc1009.bam
s3://human-pangenomics/submissions/5A0D539A-4AD5-4FBF-A0FB-2DDCE5B0FA33--RU_Y4/NA18620/fail_reads/m84091_230707_165735_s1.fail_reads.bc1009.bam.pbi,s3://human-pangenomics/working/HPRC/NA18620/raw_data/PacBio_HiFi/m84091_230707_165735_s1.fail_reads.bc1009.bam.pbi
s3://human-pangenomics/submissions/5A0D539A-4AD5-4FBF-A0FB-2DDCE5B0FA33--RU_Y4/NA18620/hifi_reads/m84091_230703_172326_s3.hifi_reads.bc1009.bam,s3://human-pangenomics/working/HPRC/NA18620/raw_data/PacBio_HiFi/m84091_230703_172326_s3.hifi_reads.bc1009.bam
s3://human-pangenomics/submissions/5A0D539A-4AD5-4FBF-A0FB-2DDCE5B0FA33--RU_Y4/NA18620/hifi_reads/m84091_230703_172326_s3.hifi_reads.bc1009.bam.pbi,s3://human-pangenomics/working/HPRC/NA18620/raw_data/PacBio_HiFi/m84091_230703_172326_s3.hifi_reads.bc1009.bam.pbi
s3://human-pangenomics/submissions/5A0D539A-4AD5-4FBF-A0FB-2DDCE5B0FA33--RU_Y4/NA18620/hifi_reads/m84091_230707_165735_s1.hifi_reads.bc1009.bam,s3://human-pangenomics/working/HPRC/NA18620/raw_data/PacBio_HiFi/m84091_230707_165735_s1.hifi_reads.bc1009.bam
s3://human-pangenomics/submissions/5A0D539A-4AD5-4FBF-A0FB-2DDCE5B0FA33--RU_Y4/NA18620/hifi_reads/m84091_230707_165735_s1.hifi_reads.bc1009.bam.pbi,s3://human-pangenomics/working/HPRC/NA18620/raw_data/PacBio_HiFi/m84091_230707_165735_s1.hifi_reads.bc1009.bam.pbi
s3://human-pangenomics/submissions/5A0D539A-4AD5-4FBF-A0FB-2DDCE5B0FA33--RU_Y4/NA19036/fail_reads/m84091_230718_161058_s2.fail_reads.bc1022.bam,s3://human-pangenomics/working/HPRC/NA19036/raw_data/PacBio_HiFi/m84091_230718_161058_s2.fail_reads.bc1022.bam
s3://human-pangenomics/submissions/5A0D539A-4AD5-4FBF-A0FB-2DDCE5B0FA33--RU_Y4/NA19036/fail_reads/m84091_230718_161058_s2.fail_reads.bc1022.bam.pbi,s3://human-pangenomics/working/HPRC/NA19036/raw_data/PacBio_HiFi/m84091_230718_161058_s2.fail_reads.bc1022.bam.pbi
s3://human-pangenomics/submissions/5A0D539A-4AD5-4FBF-A0FB-2DDCE5B0FA33--RU_Y4/NA19036/fail_reads/m84091_230724_152950_s1.fail_reads.bc1022.bam,s3://human-pangenomics/working/HPRC/NA19036/raw_data/PacBio_HiFi/m84091_230724_152950_s1.fail_reads.bc1022.bam
s3://human-pangenomics/submissions/5A0D539A-4AD5-4FBF-A0FB-2DDCE5B0FA33--RU_Y4/NA19036/fail_reads/m84091_230724_152950_s1.fail_reads.bc1022.bam.pbi,s3://human-pangenomics/working/HPRC/NA19036/raw_data/PacBio_HiFi/m84091_230724_152950_s1.fail_reads.bc1022.bam.pbi
s3://human-pangenomics/submissions/5A0D539A-4AD5-4FBF-A0FB-2DDCE5B0FA33--RU_Y4/NA19036/hifi_reads/m84091_230718_161058_s2.hifi_reads.bc1022.bam,s3://human-pangenomics/working/HPRC/NA19036/raw_data/PacBio_HiFi/m84091_230718_161058_s2.hifi_reads.bc1022.bam
s3://human-pangenomics/submissions/5A0D539A-4AD5-4FBF-A0FB-2DDCE5B0FA33--RU_Y4/NA19036/hifi_reads/m84091_230718_161058_s2.hifi_reads.bc1022.bam.pbi,s3://human-pangenomics/working/HPRC/NA19036/raw_data/PacBio_HiFi/m84091_230718_161058_s2.hifi_reads.bc1022.bam.pbi
s3://human-pangenomics/submissions/5A0D539A-4AD5-4FBF-A0FB-2DDCE5B0FA33--RU_Y4/NA19036/hifi_reads/m84091_230724_152950_s1.hifi_reads.bc1022.bam,s3://human-pangenomics/working/HPRC/NA19036/raw_data/PacBio_HiFi/m84091_230724_152950_s1.hifi_reads.bc1022.bam
s3://human-pangenomics/submissions/5A0D539A-4AD5-4FBF-A0FB-2DDCE5B0FA33--RU_Y4/NA19036/hifi_reads/m84091_230724_152950_s1.hifi_reads.bc1022.bam.pbi,s3://human-pangenomics/working/HPRC/NA19036/raw_data/PacBio_HiFi/m84091_230724_152950_s1.hifi_reads.bc1022.bam.pbi
s3://human-pangenomics/submissions/5A0D539A-4AD5-4FBF-A0FB-2DDCE5B0FA33--RU_Y4/NA19042/fail_reads/m84091_240221_202725_s4.fail_reads.bc1022.bam,s3://human-pangenomics/working/HPRC/NA19042/raw_data/PacBio_HiFi/m84091_240221_202725_s4.fail_reads.bc1022.bam
s3://human-pangenomics/submissions/5A0D539A-4AD5-4FBF-A0FB-2DDCE5B0FA33--RU_Y4/NA19042/fail_reads/m84091_240221_202725_s4.fail_reads.bc1022.bam.pbi,s3://human-pangenomics/working/HPRC/NA19042/raw_data/PacBio_HiFi/m84091_240221_202725_s4.fail_reads.bc1022.bam.pbi
s3://human-pangenomics/submissions/5A0D539A-4AD5-4FBF-A0FB-2DDCE5B0FA33--RU_Y4/NA19042/fail_reads/m84091_240308_202615_s4.fail_reads.bc1022.bam,s3://human-pangenomics/working/HPRC/NA19042/raw_data/PacBio_HiFi/m84091_240308_202615_s4.fail_reads.bc1022.bam
s3://human-pangenomics/submissions/5A0D539A-4AD5-4FBF-A0FB-2DDCE5B0FA33--RU_Y4/NA19042/fail_reads/m84091_240308_202615_s4.fail_reads.bc1022.bam.pbi,s3://human-pangenomics/working/HPRC/NA19042/raw_data/PacBio_HiFi/m84091_240308_202615_s4.fail_reads.bc1022.bam.pbi
s3://human-pangenomics/submissions/5A0D539A-4AD5-4FBF-A0FB-2DDCE5B0FA33--RU_Y4/NA19042/fail_reads/m84091_240308_205633_s1.fail_reads.bc1022.bam,s3://human-pangenomics/working/HPRC/NA19042/raw_data/PacBio_HiFi/m84091_240308_205633_s1.fail_reads.bc1022.bam
s3://human-pangenomics/submissions/5A0D539A-4AD5-4FBF-A0FB-2DDCE5B0FA33--RU_Y4/NA19042/fail_reads/m84091_240308_205633_s1.fail_reads.bc1022.bam.pbi,s3://human-pangenomics/working/HPRC/NA19042/raw_data/PacBio_HiFi/m84091_240308_205633_s1.fail_reads.bc1022.bam.pbi
s3://human-pangenomics/submissions/5A0D539A-4AD5-4FBF-A0FB-2DDCE5B0FA33--RU_Y4/NA19042/hifi_reads/m84091_240221_202725_s4.hifi_reads.bc1022.bam,s3://human-pangenomics/working/HPRC/NA19042/raw_data/PacBio_HiFi/m84091_240221_202725_s4.hifi_reads.bc1022.bam
s3://human-pangenomics/submissions/5A0D539A-4AD5-4FBF-A0FB-2DDCE5B0FA33--RU_Y4/NA19042/hifi_reads/m84091_240221_202725_s4.hifi_reads.bc1022.bam.pbi,s3://human-pangenomics/working/HPRC/NA19042/raw_data/PacBio_HiFi/m84091_240221_202725_s4.hifi_reads.bc1022.bam.pbi
s3://human-pangenomics/submissions/5A0D539A-4AD5-4FBF-A0FB-2DDCE5B0FA33--RU_Y4/NA19042/hifi_reads/m84091_240308_202615_s4.hifi_reads.bc1022.bam,s3://human-pangenomics/working/HPRC/NA19042/raw_data/PacBio_HiFi/m84091_240308_202615_s4.hifi_reads.bc1022.bam
s3://human-pangenomics/submissions/5A0D539A-4AD5-4FBF-A0FB-2DDCE5B0FA33--RU_Y4/NA19042/hifi_reads/m84091_240308_202615_s4.hifi_reads.bc1022.bam.pbi,s3://human-pangenomics/working/HPRC/NA19042/raw_data/PacBio_HiFi/m84091_240308_202615_s4.hifi_reads.bc1022.bam.pbi
s3://human-pangenomics/submissions/5A0D539A-4AD5-4FBF-A0FB-2DDCE5B0FA33--RU_Y4/NA19042/hifi_reads/m84091_240308_205633_s1.hifi_reads.bc1022.bam,s3://human-pangenomics/working/HPRC/NA19042/raw_data/PacBio_HiFi/m84091_240308_205633_s1.hifi_reads.bc1022.bam
s3://human-pangenomics/submissions/5A0D539A-4AD5-4FBF-A0FB-2DDCE5B0FA33--RU_Y4/NA19042/hifi_reads/m84091_240308_205633_s1.hifi_reads.bc1022.bam.pbi,s3://human-pangenomics/working/HPRC/NA19042/raw_data/PacBio_HiFi/m84091_240308_205633_s1.hifi_reads.bc1022.bam.pbi
s3://human-pangenomics/submissions/5A0D539A-4AD5-4FBF-A0FB-2DDCE5B0FA33--RU_Y4/NA19131/fail_reads/m84091_230725_171249_s4.fail_reads.bc1015.bam,s3://human-pangenomics/working/HPRC/NA19131/raw_data/PacBio_HiFi/m84091_230725_171249_s4.fail_reads.bc1015.bam
s3://human-pangenomics/submissions/5A0D539A-4AD5-4FBF-A0FB-2DDCE5B0FA33--RU_Y4/NA19131/fail_reads/m84091_230725_171249_s4.fail_reads.bc1015.bam.pbi,s3://human-pangenomics/working/HPRC/NA19131/raw_data/PacBio_HiFi/m84091_230725_171249_s4.fail_reads.bc1015.bam.pbi
s3://human-pangenomics/submissions/5A0D539A-4AD5-4FBF-A0FB-2DDCE5B0FA33--RU_Y4/NA19131/fail_reads/m84091_230731_143545_s4.fail_reads.bc1015.bam,s3://human-pangenomics/working/HPRC/NA19131/raw_data/PacBio_HiFi/m84091_230731_143545_s4.fail_reads.bc1015.bam
s3://human-pangenomics/submissions/5A0D539A-4AD5-4FBF-A0FB-2DDCE5B0FA33--RU_Y4/NA19131/fail_reads/m84091_230731_143545_s4.fail_reads.bc1015.bam.pbi,s3://human-pangenomics/working/HPRC/NA19131/raw_data/PacBio_HiFi/m84091_230731_143545_s4.fail_reads.bc1015.bam.pbi
s3://human-pangenomics/submissions/5A0D539A-4AD5-4FBF-A0FB-2DDCE5B0FA33--RU_Y4/NA19131/fail_reads/m84091_230817_153352_s4.fail_reads.bc1015.bam,s3://human-pangenomics/working/HPRC/NA19131/raw_data/PacBio_HiFi/m84091_230817_153352_s4.fail_reads.bc1015.bam
s3://human-pangenomics/submissions/5A0D539A-4AD5-4FBF-A0FB-2DDCE5B0FA33--RU_Y4/NA19131/fail_reads/m84091_230817_153352_s4.fail_reads.bc1015.bam.pbi,s3://human-pangenomics/working/HPRC/NA19131/raw_data/PacBio_HiFi/m84091_230817_153352_s4.fail_reads.bc1015.bam.pbi
s3://human-pangenomics/submissions/5A0D539A-4AD5-4FBF-A0FB-2DDCE5B0FA33--RU_Y4/NA19131/hifi_reads/m84091_230725_171249_s4.hifi_reads.bc1015.bam,s3://human-pangenomics/working/HPRC/NA19131/raw_data/PacBio_HiFi/m84091_230725_171249_s4.hifi_reads.bc1015.bam
s3://human-pangenomics/submissions/5A0D539A-4AD5-4FBF-A0FB-2DDCE5B0FA33--RU_Y4/NA19131/hifi_reads/m84091_230725_171249_s4.hifi_reads.bc1015.bam.pbi,s3://human-pangenomics/working/HPRC/NA19131/raw_data/PacBio_HiFi/m84091_230725_171249_s4.hifi_reads.bc1015.bam.pbi
s3://human-pangenomics/submissions/5A0D539A-4AD5-4FBF-A0FB-2DDCE5B0FA33--RU_Y4/NA19131/hifi_reads/m84091_230731_143545_s4.hifi_reads.bc1015.bam,s3://human-pangenomics/working/HPRC/NA19131/raw_data/PacBio_HiFi/m84091_230731_143545_s4.hifi_reads.bc1015.bam
s3://human-pangenomics/submissions/5A0D539A-4AD5-4FBF-A0FB-2DDCE5B0FA33--RU_Y4/NA19131/hifi_reads/m84091_230731_143545_s4.hifi_reads.bc1015.bam.pbi,s3://human-pangenomics/working/HPRC/NA19131/raw_data/PacBio_HiFi/m84091_230731_143545_s4.hifi_reads.bc1015.bam.pbi
s3://human-pangenomics/submissions/5A0D539A-4AD5-4FBF-A0FB-2DDCE5B0FA33--RU_Y4/NA19131/hifi_reads/m84091_230817_153352_s4.hifi_reads.bc1015.bam,s3://human-pangenomics/working/HPRC/NA19131/raw_data/PacBio_HiFi/m84091_230817_153352_s4.hifi_reads.bc1015.bam
s3://human-pangenomics/submissions/5A0D539A-4AD5-4FBF-A0FB-2DDCE5B0FA33--RU_Y4/NA19131/hifi_reads/m84091_230817_153352_s4.hifi_reads.bc1015.bam.pbi,s3://human-pangenomics/working/HPRC/NA19131/raw_data/PacBio_HiFi/m84091_230817_153352_s4.hifi_reads.bc1015.bam.pbi
s3://human-pangenomics/submissions/5A0D539A-4AD5-4FBF-A0FB-2DDCE5B0FA33--RU_Y4/NA19175/fail_reads/m84091_230629_173950_s1.fail_reads.bc1001.bam,s3://human-pangenomics/working/HPRC/NA19175/raw_data/PacBio_HiFi/m84091_230629_173950_s1.fail_reads.bc1001.bam
s3://human-pangenomics/submissions/5A0D539A-4AD5-4FBF-A0FB-2DDCE5B0FA33--RU_Y4/NA19175/fail_reads/m84091_230629_173950_s1.fail_reads.bc1001.bam.pbi,s3://human-pangenomics/working/HPRC/NA19175/raw_data/PacBio_HiFi/m84091_230629_173950_s1.fail_reads.bc1001.bam.pbi
s3://human-pangenomics/submissions/5A0D539A-4AD5-4FBF-A0FB-2DDCE5B0FA33--RU_Y4/NA19175/fail_reads/m84091_230703_162202_s1.fail_reads.bc1001.bam,s3://human-pangenomics/working/HPRC/NA19175/raw_data/PacBio_HiFi/m84091_230703_162202_s1.fail_reads.bc1001.bam
s3://human-pangenomics/submissions/5A0D539A-4AD5-4FBF-A0FB-2DDCE5B0FA33--RU_Y4/NA19175/fail_reads/m84091_230703_162202_s1.fail_reads.bc1001.bam.pbi,s3://human-pangenomics/working/HPRC/NA19175/raw_data/PacBio_HiFi/m84091_230703_162202_s1.fail_reads.bc1001.bam.pbi
s3://human-pangenomics/submissions/5A0D539A-4AD5-4FBF-A0FB-2DDCE5B0FA33--RU_Y4/NA19175/hifi_reads/m84091_230629_173950_s1.hifi_reads.bc1001.bam,s3://human-pangenomics/working/HPRC/NA19175/raw_data/PacBio_HiFi/m84091_230629_173950_s1.hifi_reads.bc1001.bam
s3://human-pangenomics/submissions/5A0D539A-4AD5-4FBF-A0FB-2DDCE5B0FA33--RU_Y4/NA19175/hifi_reads/m84091_230629_173950_s1.hifi_reads.bc1001.bam.pbi,s3://human-pangenomics/working/HPRC/NA19175/raw_data/PacBio_HiFi/m84091_230629_173950_s1.hifi_reads.bc1001.bam.pbi
s3://human-pangenomics/submissions/5A0D539A-4AD5-4FBF-A0FB-2DDCE5B0FA33--RU_Y4/NA19175/hifi_reads/m84091_230703_162202_s1.hifi_reads.bc1001.bam,s3://human-pangenomics/working/HPRC/NA19175/raw_data/PacBio_HiFi/m84091_230703_162202_s1.hifi_reads.bc1001.bam
s3://human-pangenomics/submissions/5A0D539A-4AD5-4FBF-A0FB-2DDCE5B0FA33--RU_Y4/NA19175/hifi_reads/m84091_230703_162202_s1.hifi_reads.bc1001.bam.pbi,s3://human-pangenomics/working/HPRC/NA19175/raw_data/PacBio_HiFi/m84091_230703_162202_s1.hifi_reads.bc1001.bam.pbi
s3://human-pangenomics/submissions/5A0D539A-4AD5-4FBF-A0FB-2DDCE5B0FA33--RU_Y4/NA19377/fail_reads/m84091_230718_171310_s4.fail_reads.bc1002.bam,s3://human-pangenomics/working/HPRC/NA19377/raw_data/PacBio_HiFi/m84091_230718_171310_s4.fail_reads.bc1002.bam
s3://human-pangenomics/submissions/5A0D539A-4AD5-4FBF-A0FB-2DDCE5B0FA33--RU_Y4/NA19377/fail_reads/m84091_230718_171310_s4.fail_reads.bc1002.bam.pbi,s3://human-pangenomics/working/HPRC/NA19377/raw_data/PacBio_HiFi/m84091_230718_171310_s4.fail_reads.bc1002.bam.pbi
s3://human-pangenomics/submissions/5A0D539A-4AD5-4FBF-A0FB-2DDCE5B0FA33--RU_Y4/NA19377/fail_reads/m84091_230724_163116_s3.fail_reads.bc1002.bam,s3://human-pangenomics/working/HPRC/NA19377/raw_data/PacBio_HiFi/m84091_230724_163116_s3.fail_reads.bc1002.bam
s3://human-pangenomics/submissions/5A0D539A-4AD5-4FBF-A0FB-2DDCE5B0FA33--RU_Y4/NA19377/fail_reads/m84091_230724_163116_s3.fail_reads.bc1002.bam.pbi,s3://human-pangenomics/working/HPRC/NA19377/raw_data/PacBio_HiFi/m84091_230724_163116_s3.fail_reads.bc1002.bam.pbi
s3://human-pangenomics/submissions/5A0D539A-4AD5-4FBF-A0FB-2DDCE5B0FA33--RU_Y4/NA19377/fail_reads/m84091_230731_143545_s4.fail_reads.bc1002.bam,s3://human-pangenomics/working/HPRC/NA19377/raw_data/PacBio_HiFi/m84091_230731_143545_s4.fail_reads.bc1002.bam
s3://human-pangenomics/submissions/5A0D539A-4AD5-4FBF-A0FB-2DDCE5B0FA33--RU_Y4/NA19377/fail_reads/m84091_230731_143545_s4.fail_reads.bc1002.bam.pbi,s3://human-pangenomics/working/HPRC/NA19377/raw_data/PacBio_HiFi/m84091_230731_143545_s4.fail_reads.bc1002.bam.pbi
s3://human-pangenomics/submissions/5A0D539A-4AD5-4FBF-A0FB-2DDCE5B0FA33--RU_Y4/NA19377/hifi_reads/m84091_230718_171310_s4.hifi_reads.bc1002.bam,s3://human-pangenomics/working/HPRC/NA19377/raw_data/PacBio_HiFi/m84091_230718_171310_s4.hifi_reads.bc1002.bam
s3://human-pangenomics/submissions/5A0D539A-4AD5-4FBF-A0FB-2DDCE5B0FA33--RU_Y4/NA19377/hifi_reads/m84091_230718_171310_s4.hifi_reads.bc1002.bam.pbi,s3://human-pangenomics/working/HPRC/NA19377/raw_data/PacBio_HiFi/m84091_230718_171310_s4.hifi_reads.bc1002.bam.pbi
s3://human-pangenomics/submissions/5A0D539A-4AD5-4FBF-A0FB-2DDCE5B0FA33--RU_Y4/NA19377/hifi_reads/m84091_230724_163116_s3.hifi_reads.bc1002.bam,s3://human-pangenomics/working/HPRC/NA19377/raw_data/PacBio_HiFi/m84091_230724_163116_s3.hifi_reads.bc1002.bam
s3://human-pangenomics/submissions/5A0D539A-4AD5-4FBF-A0FB-2DDCE5B0FA33--RU_Y4/NA19377/hifi_reads/m84091_230724_163116_s3.hifi_reads.bc1002.bam.pbi,s3://human-pangenomics/working/HPRC/NA19377/raw_data/PacBio_HiFi/m84091_230724_163116_s3.hifi_reads.bc1002.bam.pbi
s3://human-pangenomics/submissions/5A0D539A-4AD5-4FBF-A0FB-2DDCE5B0FA33--RU_Y4/NA19377/hifi_reads/m84091_230731_143545_s4.hifi_reads.bc1002.bam,s3://human-pangenomics/working/HPRC/NA19377/raw_data/PacBio_HiFi/m84091_230731_143545_s4.hifi_reads.bc1002.bam
s3://human-pangenomics/submissions/5A0D539A-4AD5-4FBF-A0FB-2DDCE5B0FA33--RU_Y4/NA19377/hifi_reads/m84091_230731_143545_s4.hifi_reads.bc1002.bam.pbi,s3://human-pangenomics/working/HPRC/NA19377/raw_data/PacBio_HiFi/m84091_230731_143545_s4.hifi_reads.bc1002.bam.pbi
s3://human-pangenomics/submissions/5A0D539A-4AD5-4FBF-A0FB-2DDCE5B0FA33--RU_Y4/NA19703/fail_reads/m84091_231110_171321_s4.fail_reads.bc1009.bam,s3://human-pangenomics/working/HPRC/NA19703/raw_data/PacBio_HiFi/m84091_231110_171321_s4.fail_reads.bc1009.bam
s3://human-pangenomics/submissions/5A0D539A-4AD5-4FBF-A0FB-2DDCE5B0FA33--RU_Y4/NA19703/fail_reads/m84091_231110_171321_s4.fail_reads.bc1009.bam.pbi,s3://human-pangenomics/working/HPRC/NA19703/raw_data/PacBio_HiFi/m84091_231110_171321_s4.fail_reads.bc1009.bam.pbi
s3://human-pangenomics/submissions/5A0D539A-4AD5-4FBF-A0FB-2DDCE5B0FA33--RU_Y4/NA19703/fail_reads/m84091_231113_180217_s3.fail_reads.bc1009.bam,s3://human-pangenomics/working/HPRC/NA19703/raw_data/PacBio_HiFi/m84091_231113_180217_s3.fail_reads.bc1009.bam
s3://human-pangenomics/submissions/5A0D539A-4AD5-4FBF-A0FB-2DDCE5B0FA33--RU_Y4/NA19703/fail_reads/m84091_231113_180217_s3.fail_reads.bc1009.bam.pbi,s3://human-pangenomics/working/HPRC/NA19703/raw_data/PacBio_HiFi/m84091_231113_180217_s3.fail_reads.bc1009.bam.pbi
s3://human-pangenomics/submissions/5A0D539A-4AD5-4FBF-A0FB-2DDCE5B0FA33--RU_Y4/NA19703/fail_reads/m84091_240221_212852_s2.fail_reads.bc1009.bam,s3://human-pangenomics/working/HPRC/NA19703/raw_data/PacBio_HiFi/m84091_240221_212852_s2.fail_reads.bc1009.bam
s3://human-pangenomics/submissions/5A0D539A-4AD5-4FBF-A0FB-2DDCE5B0FA33--RU_Y4/NA19703/fail_reads/m84091_240221_212852_s2.fail_reads.bc1009.bam.pbi,s3://human-pangenomics/working/HPRC/NA19703/raw_data/PacBio_HiFi/m84091_240221_212852_s2.fail_reads.bc1009.bam.pbi
s3://human-pangenomics/submissions/5A0D539A-4AD5-4FBF-A0FB-2DDCE5B0FA33--RU_Y4/NA19703/hifi_reads/m84091_231110_171321_s4.hifi_reads.bc1009.bam,s3://human-pangenomics/working/HPRC/NA19703/raw_data/PacBio_HiFi/m84091_231110_171321_s4.hifi_reads.bc1009.bam
s3://human-pangenomics/submissions/5A0D539A-4AD5-4FBF-A0FB-2DDCE5B0FA33--RU_Y4/NA19703/hifi_reads/m84091_231110_171321_s4.hifi_reads.bc1009.bam.pbi,s3://human-pangenomics/working/HPRC/NA19703/raw_data/PacBio_HiFi/m84091_231110_171321_s4.hifi_reads.bc1009.bam.pbi
s3://human-pangenomics/submissions/5A0D539A-4AD5-4FBF-A0FB-2DDCE5B0FA33--RU_Y4/NA19703/hifi_reads/m84091_231113_180217_s3.hifi_reads.bc1009.bam,s3://human-pangenomics/working/HPRC/NA19703/raw_data/PacBio_HiFi/m84091_231113_180217_s3.hifi_reads.bc1009.bam
s3://human-pangenomics/submissions/5A0D539A-4AD5-4FBF-A0FB-2DDCE5B0FA33--RU_Y4/NA19703/hifi_reads/m84091_231113_180217_s3.hifi_reads.bc1009.bam.pbi,s3://human-pangenomics/working/HPRC/NA19703/raw_data/PacBio_HiFi/m84091_231113_180217_s3.hifi_reads.bc1009.bam.pbi
s3://human-pangenomics/submissions/5A0D539A-4AD5-4FBF-A0FB-2DDCE5B0FA33--RU_Y4/NA19703/hifi_reads/m84091_240221_212852_s2.hifi_reads.bc1009.bam,s3://human-pangenomics/working/HPRC/NA19703/raw_data/PacBio_HiFi/m84091_240221_212852_s2.hifi_reads.bc1009.bam
s3://human-pangenomics/submissions/5A0D539A-4AD5-4FBF-A0FB-2DDCE5B0FA33--RU_Y4/NA19703/hifi_reads/m84091_240221_212852_s2.hifi_reads.bc1009.bam.pbi,s3://human-pangenomics/working/HPRC/NA19703/raw_data/PacBio_HiFi/m84091_240221_212852_s2.hifi_reads.bc1009.bam.pbi
s3://human-pangenomics/submissions/5A0D539A-4AD5-4FBF-A0FB-2DDCE5B0FA33--RU_Y4/NA19835/fail_reads/m84091_230718_164204_s3.fail_reads.bc1001.bam,s3://human-pangenomics/working/HPRC/NA19835/raw_data/PacBio_HiFi/m84091_230718_164204_s3.fail_reads.bc1001.bam
s3://human-pangenomics/submissions/5A0D539A-4AD5-4FBF-A0FB-2DDCE5B0FA33--RU_Y4/NA19835/fail_reads/m84091_230718_164204_s3.fail_reads.bc1001.bam.pbi,s3://human-pangenomics/working/HPRC/NA19835/raw_data/PacBio_HiFi/m84091_230718_164204_s3.fail_reads.bc1001.bam.pbi
s3://human-pangenomics/submissions/5A0D539A-4AD5-4FBF-A0FB-2DDCE5B0FA33--RU_Y4/NA19835/fail_reads/m84091_230724_160010_s2.fail_reads.bc1001.bam,s3://human-pangenomics/working/HPRC/NA19835/raw_data/PacBio_HiFi/m84091_230724_160010_s2.fail_reads.bc1001.bam
s3://human-pangenomics/submissions/5A0D539A-4AD5-4FBF-A0FB-2DDCE5B0FA33--RU_Y4/NA19835/fail_reads/m84091_230724_160010_s2.fail_reads.bc1001.bam.pbi,s3://human-pangenomics/working/HPRC/NA19835/raw_data/PacBio_HiFi/m84091_230724_160010_s2.fail_reads.bc1001.bam.pbi
s3://human-pangenomics/submissions/5A0D539A-4AD5-4FBF-A0FB-2DDCE5B0FA33--RU_Y4/NA19835/fail_reads/m84091_230731_133332_s2.fail_reads.bc1001.bam,s3://human-pangenomics/working/HPRC/NA19835/raw_data/PacBio_HiFi/m84091_230731_133332_s2.fail_reads.bc1001.bam
s3://human-pangenomics/submissions/5A0D539A-4AD5-4FBF-A0FB-2DDCE5B0FA33--RU_Y4/NA19835/fail_reads/m84091_230731_133332_s2.fail_reads.bc1001.bam.pbi,s3://human-pangenomics/working/HPRC/NA19835/raw_data/PacBio_HiFi/m84091_230731_133332_s2.fail_reads.bc1001.bam.pbi
s3://human-pangenomics/submissions/5A0D539A-4AD5-4FBF-A0FB-2DDCE5B0FA33--RU_Y4/NA19835/hifi_reads/m84091_230718_164204_s3.hifi_reads.bc1001.bam,s3://human-pangenomics/working/HPRC/NA19835/raw_data/PacBio_HiFi/m84091_230718_164204_s3.hifi_reads.bc1001.bam
s3://human-pangenomics/submissions/5A0D539A-4AD5-4FBF-A0FB-2DDCE5B0FA33--RU_Y4/NA19835/hifi_reads/m84091_230718_164204_s3.hifi_reads.bc1001.bam.pbi,s3://human-pangenomics/working/HPRC/NA19835/raw_data/PacBio_HiFi/m84091_230718_164204_s3.hifi_reads.bc1001.bam.pbi
s3://human-pangenomics/submissions/5A0D539A-4AD5-4FBF-A0FB-2DDCE5B0FA33--RU_Y4/NA19835/hifi_reads/m84091_230724_160010_s2.hifi_reads.bc1001.bam,s3://human-pangenomics/working/HPRC/NA19835/raw_data/PacBio_HiFi/m84091_230724_160010_s2.hifi_reads.bc1001.bam
s3://human-pangenomics/submissions/5A0D539A-4AD5-4FBF-A0FB-2DDCE5B0FA33--RU_Y4/NA19835/hifi_reads/m84091_230724_160010_s2.hifi_reads.bc1001.bam.pbi,s3://human-pangenomics/working/HPRC/NA19835/raw_data/PacBio_HiFi/m84091_230724_160010_s2.hifi_reads.bc1001.bam.pbi
s3://human-pangenomics/submissions/5A0D539A-4AD5-4FBF-A0FB-2DDCE5B0FA33--RU_Y4/NA19835/hifi_reads/m84091_230731_133332_s2.hifi_reads.bc1001.bam,s3://human-pangenomics/working/HPRC/NA19835/raw_data/PacBio_HiFi/m84091_230731_133332_s2.hifi_reads.bc1001.bam
s3://human-pangenomics/submissions/5A0D539A-4AD5-4FBF-A0FB-2DDCE5B0FA33--RU_Y4/NA19835/hifi_reads/m84091_230731_133332_s2.hifi_reads.bc1001.bam.pbi,s3://human-pangenomics/working/HPRC/NA19835/raw_data/PacBio_HiFi/m84091_230731_133332_s2.hifi_reads.bc1001.bam.pbi
s3://human-pangenomics/submissions/5A0D539A-4AD5-4FBF-A0FB-2DDCE5B0FA33--RU_Y4/NA20287/fail_reads/m84091_230710_172927_s2.fail_reads.bc1017.bam,s3://human-pangenomics/working/HPRC/NA20287/raw_data/PacBio_HiFi/m84091_230710_172927_s2.fail_reads.bc1017.bam
s3://human-pangenomics/submissions/5A0D539A-4AD5-4FBF-A0FB-2DDCE5B0FA33--RU_Y4/NA20287/fail_reads/m84091_230710_172927_s2.fail_reads.bc1017.bam.pbi,s3://human-pangenomics/working/HPRC/NA20287/raw_data/PacBio_HiFi/m84091_230710_172927_s2.fail_reads.bc1017.bam.pbi
s3://human-pangenomics/submissions/5A0D539A-4AD5-4FBF-A0FB-2DDCE5B0FA33--RU_Y4/NA20287/fail_reads/m84091_230714_130822_s1.fail_reads.bc1017.bam,s3://human-pangenomics/working/HPRC/NA20287/raw_data/PacBio_HiFi/m84091_230714_130822_s1.fail_reads.bc1017.bam
s3://human-pangenomics/submissions/5A0D539A-4AD5-4FBF-A0FB-2DDCE5B0FA33--RU_Y4/NA20287/fail_reads/m84091_230714_130822_s1.fail_reads.bc1017.bam.pbi,s3://human-pangenomics/working/HPRC/NA20287/raw_data/PacBio_HiFi/m84091_230714_130822_s1.fail_reads.bc1017.bam.pbi
s3://human-pangenomics/submissions/5A0D539A-4AD5-4FBF-A0FB-2DDCE5B0FA33--RU_Y4/NA20287/hifi_reads/m84091_230710_172927_s2.hifi_reads.bc1017.bam,s3://human-pangenomics/working/HPRC/NA20287/raw_data/PacBio_HiFi/m84091_230710_172927_s2.hifi_reads.bc1017.bam
s3://human-pangenomics/submissions/5A0D539A-4AD5-4FBF-A0FB-2DDCE5B0FA33--RU_Y4/NA20287/hifi_reads/m84091_230710_172927_s2.hifi_reads.bc1017.bam.pbi,s3://human-pangenomics/working/HPRC/NA20287/raw_data/PacBio_HiFi/m84091_230710_172927_s2.hifi_reads.bc1017.bam.pbi
s3://human-pangenomics/submissions/5A0D539A-4AD5-4FBF-A0FB-2DDCE5B0FA33--RU_Y4/NA20287/hifi_reads/m84091_230714_130822_s1.hifi_reads.bc1017.bam,s3://human-pangenomics/working/HPRC/NA20287/raw_data/PacBio_HiFi/m84091_230714_130822_s1.hifi_reads.bc1017.bam
s3://human-pangenomics/submissions/5A0D539A-4AD5-4FBF-A0FB-2DDCE5B0FA33--RU_Y4/NA20287/hifi_reads/m84091_230714_130822_s1.hifi_reads.bc1017.bam.pbi,s3://human-pangenomics/working/HPRC/NA20287/raw_data/PacBio_HiFi/m84091_230714_130822_s1.hifi_reads.bc1017.bam.pbi
s3://human-pangenomics/submissions/5A0D539A-4AD5-4FBF-A0FB-2DDCE5B0FA33--RU_Y4/NA20870/fail_reads/m84091_230703_175432_s4.fail_reads.bc1010.bam,s3://human-pangenomics/working/HPRC/NA20870/raw_data/PacBio_HiFi/m84091_230703_175432_s4.fail_reads.bc1010.bam
s3://human-pangenomics/submissions/5A0D539A-4AD5-4FBF-A0FB-2DDCE5B0FA33--RU_Y4/NA20870/fail_reads/m84091_230703_175432_s4.fail_reads.bc1010.bam.pbi,s3://human-pangenomics/working/HPRC/NA20870/raw_data/PacBio_HiFi/m84091_230703_175432_s4.fail_reads.bc1010.bam.pbi
s3://human-pangenomics/submissions/5A0D539A-4AD5-4FBF-A0FB-2DDCE5B0FA33--RU_Y4/NA20870/fail_reads/m84091_230707_172800_s2.fail_reads.bc1010.bam,s3://human-pangenomics/working/HPRC/NA20870/raw_data/PacBio_HiFi/m84091_230707_172800_s2.fail_reads.bc1010.bam
s3://human-pangenomics/submissions/5A0D539A-4AD5-4FBF-A0FB-2DDCE5B0FA33--RU_Y4/NA20870/fail_reads/m84091_230707_172800_s2.fail_reads.bc1010.bam.pbi,s3://human-pangenomics/working/HPRC/NA20870/raw_data/PacBio_HiFi/m84091_230707_172800_s2.fail_reads.bc1010.bam.pbi
s3://human-pangenomics/submissions/5A0D539A-4AD5-4FBF-A0FB-2DDCE5B0FA33--RU_Y4/NA20870/hifi_reads/m84091_230703_175432_s4.hifi_reads.bc1010.bam,s3://human-pangenomics/working/HPRC/NA20870/raw_data/PacBio_HiFi/m84091_230703_175432_s4.hifi_reads.bc1010.bam
s3://human-pangenomics/submissions/5A0D539A-4AD5-4FBF-A0FB-2DDCE5B0FA33--RU_Y4/NA20870/hifi_reads/m84091_230703_175432_s4.hifi_reads.bc1010.bam.pbi,s3://human-pangenomics/working/HPRC/NA20870/raw_data/PacBio_HiFi/m84091_230703_175432_s4.hifi_reads.bc1010.bam.pbi
s3://human-pangenomics/submissions/5A0D539A-4AD5-4FBF-A0FB-2DDCE5B0FA33--RU_Y4/NA20870/hifi_reads/m84091_230707_172800_s2.hifi_reads.bc1010.bam,s3://human-pangenomics/working/HPRC/NA20870/raw_data/PacBio_HiFi/m84091_230707_172800_s2.hifi_reads.bc1010.bam
s3://human-pangenomics/submissions/5A0D539A-4AD5-4FBF-A0FB-2DDCE5B0FA33--RU_Y4/NA20870/hifi_reads/m84091_230707_172800_s2.hifi_reads.bc1010.bam.pbi,s3://human-pangenomics/working/HPRC/NA20870/raw_data/PacBio_HiFi/m84091_230707_172800_s2.hifi_reads.bc1010.bam.pbi
s3://human-pangenomics/submissions/5A0D539A-4AD5-4FBF-A0FB-2DDCE5B0FA33--RU_Y4/NA21110/fail_reads/m84091_230710_165908_s1.fail_reads.bc1011.bam,s3://human-pangenomics/working/HPRC/NA21110/raw_data/PacBio_HiFi/m84091_230710_165908_s1.fail_reads.bc1011.bam
s3://human-pangenomics/submissions/5A0D539A-4AD5-4FBF-A0FB-2DDCE5B0FA33--RU_Y4/NA21110/fail_reads/m84091_230710_165908_s1.fail_reads.bc1011.bam.pbi,s3://human-pangenomics/working/HPRC/NA21110/raw_data/PacBio_HiFi/m84091_230710_165908_s1.fail_reads.bc1011.bam.pbi
s3://human-pangenomics/submissions/5A0D539A-4AD5-4FBF-A0FB-2DDCE5B0FA33--RU_Y4/NA21110/fail_reads/m84091_230714_133843_s2.fail_reads.bc1011.bam,s3://human-pangenomics/working/HPRC/NA21110/raw_data/PacBio_HiFi/m84091_230714_133843_s2.fail_reads.bc1011.bam
s3://human-pangenomics/submissions/5A0D539A-4AD5-4FBF-A0FB-2DDCE5B0FA33--RU_Y4/NA21110/fail_reads/m84091_230714_133843_s2.fail_reads.bc1011.bam.pbi,s3://human-pangenomics/working/HPRC/NA21110/raw_data/PacBio_HiFi/m84091_230714_133843_s2.fail_reads.bc1011.bam.pbi
s3://human-pangenomics/submissions/5A0D539A-4AD5-4FBF-A0FB-2DDCE5B0FA33--RU_Y4/NA21110/fail_reads/m84091_230719_165228_s3.fail_reads.bc1011.bam,s3://human-pangenomics/working/HPRC/NA21110/raw_data/PacBio_HiFi/m84091_230719_165228_s3.fail_reads.bc1011.bam
s3://human-pangenomics/submissions/5A0D539A-4AD5-4FBF-A0FB-2DDCE5B0FA33--RU_Y4/NA21110/fail_reads/m84091_230719_165228_s3.fail_reads.bc1011.bam.pbi,s3://human-pangenomics/working/HPRC/NA21110/raw_data/PacBio_HiFi/m84091_230719_165228_s3.fail_reads.bc1011.bam.pbi
s3://human-pangenomics/submissions/5A0D539A-4AD5-4FBF-A0FB-2DDCE5B0FA33--RU_Y4/NA21110/hifi_reads/m84091_230710_165908_s1.hifi_reads.bc1011.bam,s3://human-pangenomics/working/HPRC/NA21110/raw_data/PacBio_HiFi/m84091_230710_165908_s1.hifi_reads.bc1011.bam
s3://human-pangenomics/submissions/5A0D539A-4AD5-4FBF-A0FB-2DDCE5B0FA33--RU_Y4/NA21110/hifi_reads/m84091_230710_165908_s1.hifi_reads.bc1011.bam.pbi,s3://human-pangenomics/working/HPRC/NA21110/raw_data/PacBio_HiFi/m84091_230710_165908_s1.hifi_reads.bc1011.bam.pbi
s3://human-pangenomics/submissions/5A0D539A-4AD5-4FBF-A0FB-2DDCE5B0FA33--RU_Y4/NA21110/hifi_reads/m84091_230714_133843_s2.hifi_reads.bc1011.bam,s3://human-pangenomics/working/HPRC/NA21110/raw_data/PacBio_HiFi/m84091_230714_133843_s2.hifi_reads.bc1011.bam
s3://human-pangenomics/submissions/5A0D539A-4AD5-4FBF-A0FB-2DDCE5B0FA33--RU_Y4/NA21110/hifi_reads/m84091_230714_133843_s2.hifi_reads.bc1011.bam.pbi,s3://human-pangenomics/working/HPRC/NA21110/raw_data/PacBio_HiFi/m84091_230714_133843_s2.hifi_reads.bc1011.bam.pbi
s3://human-pangenomics/submissions/5A0D539A-4AD5-4FBF-A0FB-2DDCE5B0FA33--RU_Y4/NA21110/hifi_reads/m84091_230719_165228_s3.hifi_reads.bc1011.bam,s3://human-pangenomics/working/HPRC/NA21110/raw_data/PacBio_HiFi/m84091_230719_165228_s3.hifi_reads.bc1011.bam
s3://human-pangenomics/submissions/5A0D539A-4AD5-4FBF-A0FB-2DDCE5B0FA33--RU_Y4/NA21110/hifi_reads/m84091_230719_165228_s3.hifi_reads.bc1011.bam.pbi,s3://human-pangenomics/working/HPRC/NA21110/raw_data/PacBio_HiFi/m84091_230719_165228_s3.hifi_reads.bc1011.bam.pbi
