filename,filetype,title,sample_ID,biosample_accession,study,library_ID,library_strategy,library_source,library_selection,library_layout,platform,instrument_model,design_description,data_type,assembly,shear_method,size_selection,seq_kit,basecaller,basecaller_version,basecaller_model,generator_facility,generator_contact
11_04_24_R1041_UL_HPRC_HG00544_1_dorado0.9.0_sup5.0.0_5mCG_5hmCG.bam,bam,Oxford Nanopore sequencing of HG00544 called with mods.,HG00544,SAMN26237491,SRP305758,11_04_24_R1041_UL_HPRC_HG00544_1,WGS,GENOMIC,RANDOM,single,OXFORD_NANOPORE,PromethION,UL sequencing using ONT-Circulomics method,unaligned reads with 5mC mods,unaligned,no shear,no SS,SQK-ULK114,dorado,0.9.0,dna_r10.4.1_e8.2_400bps_sup@v5.0.0,University of California Santa Cruz,iviolich@ucsc.edu
11_04_24_R1041_UL_HPRC_HG00544_2_dorado0.9.0_sup5.0.0_5mCG_5hmCG.bam,bam,Oxford Nanopore sequencing of HG00544 called with mods.,HG00544,SAMN26237491,SRP305758,11_04_24_R1041_UL_HPRC_HG00544_2,WGS,GENOMIC,RANDOM,single,OXFORD_NANOPORE,PromethION,UL sequencing using ONT-Circulomics method,unaligned reads with 5mC mods,unaligned,no shear,no SS,SQK-ULK114,dorado,0.9.0,dna_r10.4.1_e8.2_400bps_sup@v5.0.0,University of California Santa Cruz,iviolich@ucsc.edu
12_09_24_R1041_UL_HPRC_HG00609_1_dorado0.9.5_sup5.0.0_5mCG_5hmCG.bam,bam,Oxford Nanopore sequencing of HG00609 called with mods.,HG00609,SAMN26237492,SRP305758,12_09_24_R1041_UL_HPRC_HG00609_1,WGS,GENOMIC,RANDOM,single,OXFORD_NANOPORE,PromethION,UL sequencing using ONT-Circulomics method,unaligned reads with 5mC mods,unaligned,no shear,no SS,SQK-ULK114,dorado,0.9.5,dna_r10.4.1_e8.2_400bps_sup@v5.0.0,University of California Santa Cruz,iviolich@ucsc.edu
12_16_24_R1041_UL_HPRC_HG00609_1_dorado0.9.5_sup5.0.0_5mCG_5hmCG.bam,bam,Oxford Nanopore sequencing of HG00609 called with mods.,HG00609,SAMN26237492,SRP305758,12_16_24_R1041_UL_HPRC_HG00609_1,WGS,GENOMIC,RANDOM,single,OXFORD_NANOPORE,PromethION,UL sequencing using ONT-Circulomics method,unaligned reads with 5mC mods,unaligned,no shear,no SS,SQK-ULK114,dorado,0.9.5,dna_r10.4.1_e8.2_400bps_sup@v5.0.0,University of California Santa Cruz,iviolich@ucsc.edu
12_09_24_R1041_UL_HPRC_HG00642_1_dorado0.9.5_sup5.0.0_5mCG_5hmCG.bam,bam,Oxford Nanopore sequencing of HG00642 called with mods.,HG00642,SAMN26267378,SRP305758,12_09_24_R1041_UL_HPRC_HG00642_1,WGS,GENOMIC,RANDOM,single,OXFORD_NANOPORE,PromethION,UL sequencing using ONT-Circulomics method,unaligned reads with 5mC mods,unaligned,no shear,no SS,SQK-ULK114,dorado,0.9.5,dna_r10.4.1_e8.2_400bps_sup@v5.0.0,University of California Santa Cruz,iviolich@ucsc.edu
12_16_24_R1041_UL_HPRC_HG00642_1_dorado0.9.5_sup5.0.0_5mCG_5hmCG.bam,bam,Oxford Nanopore sequencing of HG00642 called with mods.,HG00642,SAMN26267378,SRP305758,12_16_24_R1041_UL_HPRC_HG00642_1,WGS,GENOMIC,RANDOM,single,OXFORD_NANOPORE,PromethION,UL sequencing using ONT-Circulomics method,unaligned reads with 5mC mods,unaligned,no shear,no SS,SQK-ULK114,dorado,0.9.5,dna_r10.4.1_e8.2_400bps_sup@v5.0.0,University of California Santa Cruz,iviolich@ucsc.edu
11_12_24_R1041_UL_HPRC_HG00706_1_dorado0.9.0_sup5.0.0_5mCG_5hmCG.bam,bam,Oxford Nanopore sequencing of HG00706 called with mods.,HG00706,SAMN37706905,SRP305758,11_12_24_R1041_UL_HPRC_HG00706_1,WGS,GENOMIC,RANDOM,single,OXFORD_NANOPORE,PromethION,UL sequencing using ONT-Circulomics method,unaligned reads with 5mC mods,unaligned,no shear,no SS,SQK-ULK114,dorado,0.9.0,dna_r10.4.1_e8.2_400bps_sup@v5.0.0,University of California Santa Cruz,iviolich@ucsc.edu
11_12_24_R1041_UL_HPRC_HG00706_2_dorado0.9.0_sup5.0.0_5mCG_5hmCG.bam,bam,Oxford Nanopore sequencing of HG00706 called with mods.,HG00706,SAMN37706905,SRP305758,11_12_24_R1041_UL_HPRC_HG00706_2,WGS,GENOMIC,RANDOM,single,OXFORD_NANOPORE,PromethION,UL sequencing using ONT-Circulomics method,unaligned reads with 5mC mods,unaligned,no shear,no SS,SQK-ULK114,dorado,0.9.0,dna_r10.4.1_e8.2_400bps_sup@v5.0.0,University of California Santa Cruz,iviolich@ucsc.edu
12_09_24_R1041_UL_HPRC_HG00738_1_dorado0.9.5_sup5.0.0_5mCG_5hmCG.bam,bam,Oxford Nanopore sequencing of HG00738 called with mods.,HG00738,SAMN26237493,SRP305758,12_09_24_R1041_UL_HPRC_HG00738_1,WGS,GENOMIC,RANDOM,single,OXFORD_NANOPORE,PromethION,UL sequencing using ONT-Circulomics method,unaligned reads with 5mC mods,unaligned,no shear,no SS,SQK-ULK114,dorado,0.9.5,dna_r10.4.1_e8.2_400bps_sup@v5.0.0,University of California Santa Cruz,iviolich@ucsc.edu
12_16_24_R1041_UL_HPRC_HG00738_1_dorado0.9.5_sup5.0.0_5mCG_5hmCG.bam,bam,Oxford Nanopore sequencing of HG00738 called with mods.,HG00738,SAMN26237493,SRP305758,12_16_24_R1041_UL_HPRC_HG00738_1,WGS,GENOMIC,RANDOM,single,OXFORD_NANOPORE,PromethION,UL sequencing using ONT-Circulomics method,unaligned reads with 5mC mods,unaligned,no shear,no SS,SQK-ULK114,dorado,0.9.5,dna_r10.4.1_e8.2_400bps_sup@v5.0.0,University of California Santa Cruz,iviolich@ucsc.edu
11_12_24_R1041_UL_HPRC_HG01099_1_dorado0.9.0_sup5.0.0_5mCG_5hmCG.bam,bam,Oxford Nanopore sequencing of HG01099 called with mods.,HG01099,SAMN26237494,SRP305758,11_12_24_R1041_UL_HPRC_HG01099_1,WGS,GENOMIC,RANDOM,single,OXFORD_NANOPORE,PromethION,UL sequencing using ONT-Circulomics method,unaligned reads with 5mC mods,unaligned,no shear,no SS,SQK-ULK114,dorado,0.9.0,dna_r10.4.1_e8.2_400bps_sup@v5.0.0,University of California Santa Cruz,iviolich@ucsc.edu
11_12_24_R1041_UL_HPRC_HG01099_2_dorado0.9.5_sup5.0.0_5mCG_5hmCG.bam,bam,Oxford Nanopore sequencing of HG01099 called with mods.,HG01099,SAMN26237494,SRP305758,11_12_24_R1041_UL_HPRC_HG01099_2,WGS,GENOMIC,RANDOM,single,OXFORD_NANOPORE,PromethION,UL sequencing using ONT-Circulomics method,unaligned reads with 5mC mods,unaligned,no shear,no SS,SQK-ULK114,dorado,0.9.5,dna_r10.4.1_e8.2_400bps_sup@v5.0.0,University of California Santa Cruz,iviolich@ucsc.edu
11_04_24_R1041_UL_HPRC_HG01255_1_dorado0.9.0_sup5.0.0_5mCG_5hmCG.bam,bam,Oxford Nanopore sequencing of HG01255 called with mods.,HG01255,SAMN26237495,SRP305758,11_04_24_R1041_UL_HPRC_HG01255_1,WGS,GENOMIC,RANDOM,single,OXFORD_NANOPORE,PromethION,UL sequencing using ONT-Circulomics method,unaligned reads with 5mC mods,unaligned,no shear,no SS,SQK-ULK114,dorado,0.9.0,dna_r10.4.1_e8.2_400bps_sup@v5.0.0,University of California Santa Cruz,iviolich@ucsc.edu
11_04_24_R1041_UL_HPRC_HG01255_2_dorado0.9.0_sup5.0.0_5mCG_5hmCG.bam,bam,Oxford Nanopore sequencing of HG01255 called with mods.,HG01255,SAMN26237495,SRP305758,11_04_24_R1041_UL_HPRC_HG01255_2,WGS,GENOMIC,RANDOM,single,OXFORD_NANOPORE,PromethION,UL sequencing using ONT-Circulomics method,unaligned reads with 5mC mods,unaligned,no shear,no SS,SQK-ULK114,dorado,0.9.0,dna_r10.4.1_e8.2_400bps_sup@v5.0.0,University of California Santa Cruz,iviolich@ucsc.edu
12_02_24_R1041_UL_HPRC_HG01346_1_dorado0.9.0_sup5.0.0_5mCG_5hmCG.bam,bam,Oxford Nanopore sequencing of HG01346 called with mods.,HG01346,SAMN26267379,SRP305758,12_02_24_R1041_UL_HPRC_HG01346_1,WGS,GENOMIC,RANDOM,single,OXFORD_NANOPORE,PromethION,UL sequencing using ONT-Circulomics method,unaligned reads with 5mC mods,unaligned,no shear,no SS,SQK-ULK114,dorado,0.9.0,dna_r10.4.1_e8.2_400bps_sup@v5.0.0,University of California Santa Cruz,iviolich@ucsc.edu
12_02_24_R1041_UL_HPRC_HG01346_2_dorado0.9.0_sup5.0.0_5mCG_5hmCG.bam,bam,Oxford Nanopore sequencing of HG01346 called with mods.,HG01346,SAMN26267379,SRP305758,12_02_24_R1041_UL_HPRC_HG01346_2,WGS,GENOMIC,RANDOM,single,OXFORD_NANOPORE,PromethION,UL sequencing using ONT-Circulomics method,unaligned reads with 5mC mods,unaligned,no shear,no SS,SQK-ULK114,dorado,0.9.0,dna_r10.4.1_e8.2_400bps_sup@v5.0.0,University of California Santa Cruz,iviolich@ucsc.edu
11_12_24_R1041_UL_HPRC_HG01433_1_dorado0.9.5_sup5.0.0_5mCG_5hmCG.bam,bam,Oxford Nanopore sequencing of HG01433 called with mods.,HG01433,SAMN26237496,SRP305758,11_12_24_R1041_UL_HPRC_HG01433_1,WGS,GENOMIC,RANDOM,single,OXFORD_NANOPORE,PromethION,UL sequencing using ONT-Circulomics method,unaligned reads with 5mC mods,unaligned,no shear,no SS,SQK-ULK114,dorado,0.9.5,dna_r10.4.1_e8.2_400bps_sup@v5.0.0,University of California Santa Cruz,iviolich@ucsc.edu
11_12_24_R1041_UL_HPRC_HG01433_2_dorado0.9.0_sup5.0.0_5mCG_5hmCG.bam,bam,Oxford Nanopore sequencing of HG01433 called with mods.,HG01433,SAMN26237496,SRP305758,11_12_24_R1041_UL_HPRC_HG01433_2,WGS,GENOMIC,RANDOM,single,OXFORD_NANOPORE,PromethION,UL sequencing using ONT-Circulomics method,unaligned reads with 5mC mods,unaligned,no shear,no SS,SQK-ULK114,dorado,0.9.0,dna_r10.4.1_e8.2_400bps_sup@v5.0.0,University of California Santa Cruz,iviolich@ucsc.edu
12_09_24_R1041_UL_HPRC_HG01496_1_dorado0.9.5_sup5.0.0_5mCG_5hmCG.bam,bam,Oxford Nanopore sequencing of HG01496 called with mods.,HG01496,SAMN26237497,SRP305758,12_09_24_R1041_UL_HPRC_HG01496_1,WGS,GENOMIC,RANDOM,single,OXFORD_NANOPORE,PromethION,UL sequencing using ONT-Circulomics method,unaligned reads with 5mC mods,unaligned,no shear,no SS,SQK-ULK114,dorado,0.9.5,dna_r10.4.1_e8.2_400bps_sup@v5.0.0,University of California Santa Cruz,iviolich@ucsc.edu
12_16_24_R1041_UL_HPRC_HG01496_1_dorado0.9.5_sup5.0.0_5mCG_5hmCG.bam,bam,Oxford Nanopore sequencing of HG01496 called with mods.,HG01496,SAMN26237497,SRP305758,12_16_24_R1041_UL_HPRC_HG01496_1,WGS,GENOMIC,RANDOM,single,OXFORD_NANOPORE,PromethION,UL sequencing using ONT-Circulomics method,unaligned reads with 5mC mods,unaligned,no shear,no SS,SQK-ULK114,dorado,0.9.5,dna_r10.4.1_e8.2_400bps_sup@v5.0.0,University of California Santa Cruz,iviolich@ucsc.edu
12_02_24_R1041_UL_HPRC_HG01884_1_dorado0.9.0_sup5.0.0_5mCG_5hmCG.bam,bam,Oxford Nanopore sequencing of HG01884 called with mods.,HG01884,SAMN26267393,SRP305758,12_02_24_R1041_UL_HPRC_HG01884_1,WGS,GENOMIC,RANDOM,single,OXFORD_NANOPORE,PromethION,UL sequencing using ONT-Circulomics method,unaligned reads with 5mC mods,unaligned,no shear,no SS,SQK-ULK114,dorado,0.9.0,dna_r10.4.1_e8.2_400bps_sup@v5.0.0,University of California Santa Cruz,iviolich@ucsc.edu
12_02_24_R1041_UL_HPRC_HG01884_2_dorado0.9.0_sup5.0.0_5mCG_5hmCG.bam,bam,Oxford Nanopore sequencing of HG01884 called with mods.,HG01884,SAMN26267393,SRP305758,12_02_24_R1041_UL_HPRC_HG01884_2,WGS,GENOMIC,RANDOM,single,OXFORD_NANOPORE,PromethION,UL sequencing using ONT-Circulomics method,unaligned reads with 5mC mods,unaligned,no shear,no SS,SQK-ULK114,dorado,0.9.0,dna_r10.4.1_e8.2_400bps_sup@v5.0.0,University of California Santa Cruz,iviolich@ucsc.edu
12_02_24_R1041_UL_HPRC_HG01934_1_dorado0.9.0_sup5.0.0_5mCG_5hmCG.bam,bam,Oxford Nanopore sequencing of HG01934 called with mods.,HG01934,SAMN26237498,SRP305758,12_02_24_R1041_UL_HPRC_HG01934_1,WGS,GENOMIC,RANDOM,single,OXFORD_NANOPORE,PromethION,UL sequencing using ONT-Circulomics method,unaligned reads with 5mC mods,unaligned,no shear,no SS,SQK-ULK114,dorado,0.9.0,dna_r10.4.1_e8.2_400bps_sup@v5.0.0,University of California Santa Cruz,iviolich@ucsc.edu
12_02_24_R1041_UL_HPRC_HG01934_2_dorado0.9.0_sup5.0.0_5mCG_5hmCG.bam,bam,Oxford Nanopore sequencing of HG01934 called with mods.,HG01934,SAMN26237498,SRP305758,12_02_24_R1041_UL_HPRC_HG01934_2,WGS,GENOMIC,RANDOM,single,OXFORD_NANOPORE,PromethION,UL sequencing using ONT-Circulomics method,unaligned reads with 5mC mods,unaligned,no shear,no SS,SQK-ULK114,dorado,0.9.0,dna_r10.4.1_e8.2_400bps_sup@v5.0.0,University of California Santa Cruz,iviolich@ucsc.edu
12_02_24_R1041_UL_HPRC_HG01943_1_dorado0.9.0_sup5.0.0_5mCG_5hmCG.bam,bam,Oxford Nanopore sequencing of HG01943 called with mods.,HG01943,SAMN26237499,SRP305758,12_02_24_R1041_UL_HPRC_HG01943_1,WGS,GENOMIC,RANDOM,single,OXFORD_NANOPORE,PromethION,UL sequencing using ONT-Circulomics method,unaligned reads with 5mC mods,unaligned,no shear,no SS,SQK-ULK114,dorado,0.9.0,dna_r10.4.1_e8.2_400bps_sup@v5.0.0,University of California Santa Cruz,iviolich@ucsc.edu
12_02_24_R1041_UL_HPRC_HG01943_2_dorado0.9.5_sup5.0.0_5mCG_5hmCG.bam,bam,Oxford Nanopore sequencing of HG01943 called with mods.,HG01943,SAMN26237499,SRP305758,12_02_24_R1041_UL_HPRC_HG01943_2,WGS,GENOMIC,RANDOM,single,OXFORD_NANOPORE,PromethION,UL sequencing using ONT-Circulomics method,unaligned reads with 5mC mods,unaligned,no shear,no SS,SQK-ULK114,dorado,0.9.5,dna_r10.4.1_e8.2_400bps_sup@v5.0.0,University of California Santa Cruz,iviolich@ucsc.edu
12_09_24_R1041_UL_HPRC_HG01943_1_dorado0.9.5_sup5.0.0_5mCG_5hmCG.bam,bam,Oxford Nanopore sequencing of HG01943 called with mods.,HG01943,SAMN26237499,SRP305758,12_09_24_R1041_UL_HPRC_HG01943_1,WGS,GENOMIC,RANDOM,single,OXFORD_NANOPORE,PromethION,UL sequencing using ONT-Circulomics method,unaligned reads with 5mC mods,unaligned,no shear,no SS,SQK-ULK114,dorado,0.9.5,dna_r10.4.1_e8.2_400bps_sup@v5.0.0,University of California Santa Cruz,iviolich@ucsc.edu
11_12_24_R1041_UL_HPRC_HG01981_1_dorado0.9.0_sup5.0.0_5mCG_5hmCG.bam,bam,Oxford Nanopore sequencing of HG01981 called with mods.,HG01981,SAMN26237500,SRP305758,11_12_24_R1041_UL_HPRC_HG01981_1,WGS,GENOMIC,RANDOM,single,OXFORD_NANOPORE,PromethION,UL sequencing using ONT-Circulomics method,unaligned reads with 5mC mods,unaligned,no shear,no SS,SQK-ULK114,dorado,0.9.0,dna_r10.4.1_e8.2_400bps_sup@v5.0.0,University of California Santa Cruz,iviolich@ucsc.edu
11_12_24_R1041_UL_HPRC_HG01981_2_dorado0.9.0_sup5.0.0_5mCG_5hmCG.bam,bam,Oxford Nanopore sequencing of HG01981 called with mods.,HG01981,SAMN26237500,SRP305758,11_12_24_R1041_UL_HPRC_HG01981_2,WGS,GENOMIC,RANDOM,single,OXFORD_NANOPORE,PromethION,UL sequencing using ONT-Circulomics method,unaligned reads with 5mC mods,unaligned,no shear,no SS,SQK-ULK114,dorado,0.9.0,dna_r10.4.1_e8.2_400bps_sup@v5.0.0,University of California Santa Cruz,iviolich@ucsc.edu
11_12_24_R1041_UL_HPRC_HG01993_1_dorado0.9.0_sup5.0.0_5mCG_5hmCG.bam,bam,Oxford Nanopore sequencing of HG01993 called with mods.,HG01993,SAMN26237501,SRP305758,11_12_24_R1041_UL_HPRC_HG01993_1,WGS,GENOMIC,RANDOM,single,OXFORD_NANOPORE,PromethION,UL sequencing using ONT-Circulomics method,unaligned reads with 5mC mods,unaligned,no shear,no SS,SQK-ULK114,dorado,0.9.0,dna_r10.4.1_e8.2_400bps_sup@v5.0.0,University of California Santa Cruz,iviolich@ucsc.edu
11_12_24_R1041_UL_HPRC_HG01993_2_dorado0.9.0_sup5.0.0_5mCG_5hmCG.bam,bam,Oxford Nanopore sequencing of HG01993 called with mods.,HG01993,SAMN26237501,SRP305758,11_12_24_R1041_UL_HPRC_HG01993_2,WGS,GENOMIC,RANDOM,single,OXFORD_NANOPORE,PromethION,UL sequencing using ONT-Circulomics method,unaligned reads with 5mC mods,unaligned,no shear,no SS,SQK-ULK114,dorado,0.9.0,dna_r10.4.1_e8.2_400bps_sup@v5.0.0,University of California Santa Cruz,iviolich@ucsc.edu
11_12_24_R1041_UL_HPRC_HG02004_1_dorado0.9.0_sup5.0.0_5mCG_5hmCG.bam,bam,Oxford Nanopore sequencing of HG02004 called with mods.,HG02004,SAMN26237502,SRP305758,11_12_24_R1041_UL_HPRC_HG02004_1,WGS,GENOMIC,RANDOM,single,OXFORD_NANOPORE,PromethION,UL sequencing using ONT-Circulomics method,unaligned reads with 5mC mods,unaligned,no shear,no SS,SQK-ULK114,dorado,0.9.0,dna_r10.4.1_e8.2_400bps_sup@v5.0.0,University of California Santa Cruz,iviolich@ucsc.edu
11_12_24_R1041_UL_HPRC_HG02004_2_dorado0.9.0_sup5.0.0_5mCG_5hmCG.bam,bam,Oxford Nanopore sequencing of HG02004 called with mods.,HG02004,SAMN26237502,SRP305758,11_12_24_R1041_UL_HPRC_HG02004_2,WGS,GENOMIC,RANDOM,single,OXFORD_NANOPORE,PromethION,UL sequencing using ONT-Circulomics method,unaligned reads with 5mC mods,unaligned,no shear,no SS,SQK-ULK114,dorado,0.9.0,dna_r10.4.1_e8.2_400bps_sup@v5.0.0,University of California Santa Cruz,iviolich@ucsc.edu
11_12_24_R1041_UL_HPRC_HG02071_1_dorado0.9.0_sup5.0.0_5mCG_5hmCG.bam,bam,Oxford Nanopore sequencing of HG02071 called with mods.,HG02071,SAMN26267380,SRP305758,11_12_24_R1041_UL_HPRC_HG02071_1,WGS,GENOMIC,RANDOM,single,OXFORD_NANOPORE,PromethION,UL sequencing using ONT-Circulomics method,unaligned reads with 5mC mods,unaligned,no shear,no SS,SQK-ULK114,dorado,0.9.0,dna_r10.4.1_e8.2_400bps_sup@v5.0.0,University of California Santa Cruz,iviolich@ucsc.edu
11_12_24_R1041_UL_HPRC_HG02071_2_dorado0.9.0_sup5.0.0_5mCG_5hmCG.bam,bam,Oxford Nanopore sequencing of HG02071 called with mods.,HG02071,SAMN26267380,SRP305758,11_12_24_R1041_UL_HPRC_HG02071_2,WGS,GENOMIC,RANDOM,single,OXFORD_NANOPORE,PromethION,UL sequencing using ONT-Circulomics method,unaligned reads with 5mC mods,unaligned,no shear,no SS,SQK-ULK114,dorado,0.9.0,dna_r10.4.1_e8.2_400bps_sup@v5.0.0,University of California Santa Cruz,iviolich@ucsc.edu
12_02_24_R1041_UL_HPRC_HG02074_1_dorado0.9.0_sup5.0.0_5mCG_5hmCG.bam,bam,Oxford Nanopore sequencing of HG02074 called with mods.,HG02074,SAMN26267381,SRP305758,12_02_24_R1041_UL_HPRC_HG02074_1,WGS,GENOMIC,RANDOM,single,OXFORD_NANOPORE,PromethION,UL sequencing using ONT-Circulomics method,unaligned reads with 5mC mods,unaligned,no shear,no SS,SQK-ULK114,dorado,0.9.0,dna_r10.4.1_e8.2_400bps_sup@v5.0.0,University of California Santa Cruz,iviolich@ucsc.edu
12_02_24_R1041_UL_HPRC_HG02074_2_dorado0.9.0_sup5.0.0_5mCG_5hmCG.bam,bam,Oxford Nanopore sequencing of HG02074 called with mods.,HG02074,SAMN26267381,SRP305758,12_02_24_R1041_UL_HPRC_HG02074_2,WGS,GENOMIC,RANDOM,single,OXFORD_NANOPORE,PromethION,UL sequencing using ONT-Circulomics method,unaligned reads with 5mC mods,unaligned,no shear,no SS,SQK-ULK114,dorado,0.9.0,dna_r10.4.1_e8.2_400bps_sup@v5.0.0,University of California Santa Cruz,iviolich@ucsc.edu
12_02_24_R1041_UL_HPRC_HG02132_1_dorado0.9.0_sup5.0.0_5mCG_5hmCG.bam,bam,Oxford Nanopore sequencing of HG02132 called with mods.,HG02132,SAMN26267382,SRP305758,12_02_24_R1041_UL_HPRC_HG02132_1,WGS,GENOMIC,RANDOM,single,OXFORD_NANOPORE,PromethION,UL sequencing using ONT-Circulomics method,unaligned reads with 5mC mods,unaligned,no shear,no SS,SQK-ULK114,dorado,0.9.0,dna_r10.4.1_e8.2_400bps_sup@v5.0.0,University of California Santa Cruz,iviolich@ucsc.edu
12_02_24_R1041_UL_HPRC_HG02132_2_dorado0.9.0_sup5.0.0_5mCG_5hmCG.bam,bam,Oxford Nanopore sequencing of HG02132 called with mods.,HG02132,SAMN26267382,SRP305758,12_02_24_R1041_UL_HPRC_HG02132_2,WGS,GENOMIC,RANDOM,single,OXFORD_NANOPORE,PromethION,UL sequencing using ONT-Circulomics method,unaligned reads with 5mC mods,unaligned,no shear,no SS,SQK-ULK114,dorado,0.9.0,dna_r10.4.1_e8.2_400bps_sup@v5.0.0,University of California Santa Cruz,iviolich@ucsc.edu
11_18_24_R1041_UL_HPRC_HG02135_1_dorado0.9.0_sup5.0.0_5mCG_5hmCG.bam,bam,Oxford Nanopore sequencing of HG02135 called with mods.,HG02135,SAMN26267392,SRP305758,11_18_24_R1041_UL_HPRC_HG02135_1,WGS,GENOMIC,RANDOM,single,OXFORD_NANOPORE,PromethION,UL sequencing using ONT-Circulomics method,unaligned reads with 5mC mods,unaligned,no shear,no SS,SQK-ULK114,dorado,0.9.0,dna_r10.4.1_e8.2_400bps_sup@v5.0.0,University of California Santa Cruz,iviolich@ucsc.edu
11_18_24_R1041_UL_HPRC_HG02135_2_dorado0.9.0_sup5.0.0_5mCG_5hmCG.bam,bam,Oxford Nanopore sequencing of HG02135 called with mods.,HG02135,SAMN26267392,SRP305758,11_18_24_R1041_UL_HPRC_HG02135_2,WGS,GENOMIC,RANDOM,single,OXFORD_NANOPORE,PromethION,UL sequencing using ONT-Circulomics method,unaligned reads with 5mC mods,unaligned,no shear,no SS,SQK-ULK114,dorado,0.9.0,dna_r10.4.1_e8.2_400bps_sup@v5.0.0,University of California Santa Cruz,iviolich@ucsc.edu
11_04_24_R1041_UL_HPRC_HG02280_1_dorado0.9.0_sup5.0.0_5mCG_5hmCG.bam,bam,Oxford Nanopore sequencing of HG02280 called with mods.,HG02280,SAMN26237505,SRP305758,11_04_24_R1041_UL_HPRC_HG02280_1,WGS,GENOMIC,RANDOM,single,OXFORD_NANOPORE,PromethION,UL sequencing using ONT-Circulomics method,unaligned reads with 5mC mods,unaligned,no shear,no SS,SQK-ULK114,dorado,0.9.0,dna_r10.4.1_e8.2_400bps_sup@v5.0.0,University of California Santa Cruz,iviolich@ucsc.edu
11_04_24_R1041_UL_HPRC_HG02280_2_dorado0.9.5_sup5.0.0_5mCG_5hmCG.bam,bam,Oxford Nanopore sequencing of HG02280 called with mods.,HG02280,SAMN26237505,SRP305758,11_04_24_R1041_UL_HPRC_HG02280_2,WGS,GENOMIC,RANDOM,single,OXFORD_NANOPORE,PromethION,UL sequencing using ONT-Circulomics method,unaligned reads with 5mC mods,unaligned,no shear,no SS,SQK-ULK114,dorado,0.9.5,dna_r10.4.1_e8.2_400bps_sup@v5.0.0,University of California Santa Cruz,iviolich@ucsc.edu
12_09_24_R1041_UL_HPRC_HG02293_1_dorado0.9.5_sup5.0.0_5mCG_5hmCG.bam,bam,Oxford Nanopore sequencing of HG02293 called with mods.,HG02293,SAMN26267394,SRP305758,12_09_24_R1041_UL_HPRC_HG02293_1,WGS,GENOMIC,RANDOM,single,OXFORD_NANOPORE,PromethION,UL sequencing using ONT-Circulomics method,unaligned reads with 5mC mods,unaligned,no shear,no SS,SQK-ULK114,dorado,0.9.5,dna_r10.4.1_e8.2_400bps_sup@v5.0.0,University of California Santa Cruz,iviolich@ucsc.edu
12_16_24_R1041_UL_HPRC_HG02293_1_dorado0.9.5_sup5.0.0_5mCG_5hmCG.bam,bam,Oxford Nanopore sequencing of HG02293 called with mods.,HG02293,SAMN26267394,SRP305758,12_16_24_R1041_UL_HPRC_HG02293_1,WGS,GENOMIC,RANDOM,single,OXFORD_NANOPORE,PromethION,UL sequencing using ONT-Circulomics method,unaligned reads with 5mC mods,unaligned,no shear,no SS,SQK-ULK114,dorado,0.9.5,dna_r10.4.1_e8.2_400bps_sup@v5.0.0,University of California Santa Cruz,iviolich@ucsc.edu
12_02_24_R1041_UL_HPRC_HG02300_1_dorado0.9.0_sup5.0.0_5mCG_5hmCG.bam,bam,Oxford Nanopore sequencing of HG02300 called with mods.,HG02300,SAMN26267395,SRP305758,12_02_24_R1041_UL_HPRC_HG02300_1,WGS,GENOMIC,RANDOM,single,OXFORD_NANOPORE,PromethION,UL sequencing using ONT-Circulomics method,unaligned reads with 5mC mods,unaligned,no shear,no SS,SQK-ULK114,dorado,0.9.0,dna_r10.4.1_e8.2_400bps_sup@v5.0.0,University of California Santa Cruz,iviolich@ucsc.edu
12_02_24_R1041_UL_HPRC_HG02300_2_dorado0.9.0_sup5.0.0_5mCG_5hmCG.bam,bam,Oxford Nanopore sequencing of HG02300 called with mods.,HG02300,SAMN26267395,SRP305758,12_02_24_R1041_UL_HPRC_HG02300_2,WGS,GENOMIC,RANDOM,single,OXFORD_NANOPORE,PromethION,UL sequencing using ONT-Circulomics method,unaligned reads with 5mC mods,unaligned,no shear,no SS,SQK-ULK114,dorado,0.9.0,dna_r10.4.1_e8.2_400bps_sup@v5.0.0,University of California Santa Cruz,iviolich@ucsc.edu
11_12_24_R1041_UL_HPRC_HG02602_1_dorado0.9.0_sup5.0.0_5mCG_5hmCG.bam,bam,Oxford Nanopore sequencing of HG02602 called with mods.,HG02602,SAMN26237507,SRP305758,11_12_24_R1041_UL_HPRC_HG02602_1,WGS,GENOMIC,RANDOM,single,OXFORD_NANOPORE,PromethION,UL sequencing using ONT-Circulomics method,unaligned reads with 5mC mods,unaligned,no shear,no SS,SQK-ULK114,dorado,0.9.0,dna_r10.4.1_e8.2_400bps_sup@v5.0.0,University of California Santa Cruz,iviolich@ucsc.edu
11_12_24_R1041_UL_HPRC_HG02602_2_dorado0.9.0_sup5.0.0_5mCG_5hmCG.bam,bam,Oxford Nanopore sequencing of HG02602 called with mods.,HG02602,SAMN26237507,SRP305758,11_12_24_R1041_UL_HPRC_HG02602_2,WGS,GENOMIC,RANDOM,single,OXFORD_NANOPORE,PromethION,UL sequencing using ONT-Circulomics method,unaligned reads with 5mC mods,unaligned,no shear,no SS,SQK-ULK114,dorado,0.9.0,dna_r10.4.1_e8.2_400bps_sup@v5.0.0,University of California Santa Cruz,iviolich@ucsc.edu
11_12_24_R1041_UL_HPRC_HG02615_1_dorado0.9.0_sup5.0.0_5mCG_5hmCG.bam,bam,Oxford Nanopore sequencing of HG02615 called with mods.,HG02615,SAMN26237508,SRP305758,11_12_24_R1041_UL_HPRC_HG02615_1,WGS,GENOMIC,RANDOM,single,OXFORD_NANOPORE,PromethION,UL sequencing using ONT-Circulomics method,unaligned reads with 5mC mods,unaligned,no shear,no SS,SQK-ULK114,dorado,0.9.0,dna_r10.4.1_e8.2_400bps_sup@v5.0.0,University of California Santa Cruz,iviolich@ucsc.edu
11_12_24_R1041_UL_HPRC_HG02615_2_dorado0.9.0_sup5.0.0_5mCG_5hmCG.bam,bam,Oxford Nanopore sequencing of HG02615 called with mods.,HG02615,SAMN26237508,SRP305758,11_12_24_R1041_UL_HPRC_HG02615_2,WGS,GENOMIC,RANDOM,single,OXFORD_NANOPORE,PromethION,UL sequencing using ONT-Circulomics method,unaligned reads with 5mC mods,unaligned,no shear,no SS,SQK-ULK114,dorado,0.9.0,dna_r10.4.1_e8.2_400bps_sup@v5.0.0,University of California Santa Cruz,iviolich@ucsc.edu
12_02_24_R1041_UL_HPRC_HG02647_1_dorado0.9.0_sup5.0.0_5mCG_5hmCG.bam,bam,Oxford Nanopore sequencing of HG02647 called with mods.,HG02647,SAMN26267383,SRP305758,12_02_24_R1041_UL_HPRC_HG02647_1,WGS,GENOMIC,RANDOM,single,OXFORD_NANOPORE,PromethION,UL sequencing using ONT-Circulomics method,unaligned reads with 5mC mods,unaligned,no shear,no SS,SQK-ULK114,dorado,0.9.0,dna_r10.4.1_e8.2_400bps_sup@v5.0.0,University of California Santa Cruz,iviolich@ucsc.edu
12_02_24_R1041_UL_HPRC_HG02647_2_dorado0.9.0_sup5.0.0_5mCG_5hmCG.bam,bam,Oxford Nanopore sequencing of HG02647 called with mods.,HG02647,SAMN26267383,SRP305758,12_02_24_R1041_UL_HPRC_HG02647_2,WGS,GENOMIC,RANDOM,single,OXFORD_NANOPORE,PromethION,UL sequencing using ONT-Circulomics method,unaligned reads with 5mC mods,unaligned,no shear,no SS,SQK-ULK114,dorado,0.9.0,dna_r10.4.1_e8.2_400bps_sup@v5.0.0,University of California Santa Cruz,iviolich@ucsc.edu
12_02_24_R1041_UL_HPRC_HG02668_1_dorado0.9.0_sup5.0.0_5mCG_5hmCG.bam,bam,Oxford Nanopore sequencing of HG02668 called with mods.,HG02668,SAMN37706906,SRP305758,12_02_24_R1041_UL_HPRC_HG02668_1,WGS,GENOMIC,RANDOM,single,OXFORD_NANOPORE,PromethION,UL sequencing using ONT-Circulomics method,unaligned reads with 5mC mods,unaligned,no shear,no SS,SQK-ULK114,dorado,0.9.0,dna_r10.4.1_e8.2_400bps_sup@v5.0.0,University of California Santa Cruz,iviolich@ucsc.edu
12_02_24_R1041_UL_HPRC_HG02668_2_dorado0.9.0_sup5.0.0_5mCG_5hmCG.bam,bam,Oxford Nanopore sequencing of HG02668 called with mods.,HG02668,SAMN37706906,SRP305758,12_02_24_R1041_UL_HPRC_HG02668_2,WGS,GENOMIC,RANDOM,single,OXFORD_NANOPORE,PromethION,UL sequencing using ONT-Circulomics method,unaligned reads with 5mC mods,unaligned,no shear,no SS,SQK-ULK114,dorado,0.9.0,dna_r10.4.1_e8.2_400bps_sup@v5.0.0,University of California Santa Cruz,iviolich@ucsc.edu
11_12_24_R1041_UL_HPRC_HG02683_1_dorado0.9.0_sup5.0.0_5mCG_5hmCG.bam,bam,Oxford Nanopore sequencing of HG02683 called with mods.,HG02683,SAMN26267384,SRP305758,11_12_24_R1041_UL_HPRC_HG02683_1,WGS,GENOMIC,RANDOM,single,OXFORD_NANOPORE,PromethION,UL sequencing using ONT-Circulomics method,unaligned reads with 5mC mods,unaligned,no shear,no SS,SQK-ULK114,dorado,0.9.0,dna_r10.4.1_e8.2_400bps_sup@v5.0.0,University of California Santa Cruz,iviolich@ucsc.edu
11_12_24_R1041_UL_HPRC_HG02683_2_dorado0.9.0_sup5.0.0_5mCG_5hmCG.bam,bam,Oxford Nanopore sequencing of HG02683 called with mods.,HG02683,SAMN26267384,SRP305758,11_12_24_R1041_UL_HPRC_HG02683_2,WGS,GENOMIC,RANDOM,single,OXFORD_NANOPORE,PromethION,UL sequencing using ONT-Circulomics method,unaligned reads with 5mC mods,unaligned,no shear,no SS,SQK-ULK114,dorado,0.9.0,dna_r10.4.1_e8.2_400bps_sup@v5.0.0,University of California Santa Cruz,iviolich@ucsc.edu
11_12_24_R1041_UL_HPRC_HG02683_3_dorado0.9.0_sup5.0.0_5mCG_5hmCG.bam,bam,Oxford Nanopore sequencing of HG02683 called with mods.,HG02683,SAMN26267384,SRP305758,11_12_24_R1041_UL_HPRC_HG02683_3,WGS,GENOMIC,RANDOM,single,OXFORD_NANOPORE,PromethION,UL sequencing using ONT-Circulomics method,unaligned reads with 5mC mods,unaligned,no shear,no SS,SQK-ULK114,dorado,0.9.0,dna_r10.4.1_e8.2_400bps_sup@v5.0.0,University of California Santa Cruz,iviolich@ucsc.edu
11_18_24_R1041_UL_HPRC_HG02698_1_dorado0.9.0_sup5.0.0_5mCG_5hmCG.bam,bam,Oxford Nanopore sequencing of HG02698 called with mods.,HG02698,SAMN26237509,SRP305758,11_18_24_R1041_UL_HPRC_HG02698_1,WGS,GENOMIC,RANDOM,single,OXFORD_NANOPORE,PromethION,UL sequencing using ONT-Circulomics method,unaligned reads with 5mC mods,unaligned,no shear,no SS,SQK-ULK114,dorado,0.9.0,dna_r10.4.1_e8.2_400bps_sup@v5.0.0,University of California Santa Cruz,iviolich@ucsc.edu
11_18_24_R1041_UL_HPRC_HG02698_2_dorado0.9.0_sup5.0.0_5mCG_5hmCG.bam,bam,Oxford Nanopore sequencing of HG02698 called with mods.,HG02698,SAMN26237509,SRP305758,11_18_24_R1041_UL_HPRC_HG02698_2,WGS,GENOMIC,RANDOM,single,OXFORD_NANOPORE,PromethION,UL sequencing using ONT-Circulomics method,unaligned reads with 5mC mods,unaligned,no shear,no SS,SQK-ULK114,dorado,0.9.0,dna_r10.4.1_e8.2_400bps_sup@v5.0.0,University of California Santa Cruz,iviolich@ucsc.edu
12_09_24_R1041_UL_HPRC_HG02738_1_dorado0.9.5_sup5.0.0_5mCG_5hmCG.bam,bam,Oxford Nanopore sequencing of HG02738 called with mods.,HG02738,SAMN26267396,SRP305758,12_09_24_R1041_UL_HPRC_HG02738_1,WGS,GENOMIC,RANDOM,single,OXFORD_NANOPORE,PromethION,UL sequencing using ONT-Circulomics method,unaligned reads with 5mC mods,unaligned,no shear,no SS,SQK-ULK114,dorado,0.9.5,dna_r10.4.1_e8.2_400bps_sup@v5.0.0,University of California Santa Cruz,iviolich@ucsc.edu
12_16_24_R1041_UL_HPRC_HG02738_1_dorado0.9.5_sup5.0.0_5mCG_5hmCG.bam,bam,Oxford Nanopore sequencing of HG02738 called with mods.,HG02738,SAMN26267396,SRP305758,12_16_24_R1041_UL_HPRC_HG02738_1,WGS,GENOMIC,RANDOM,single,OXFORD_NANOPORE,PromethION,UL sequencing using ONT-Circulomics method,unaligned reads with 5mC mods,unaligned,no shear,no SS,SQK-ULK114,dorado,0.9.5,dna_r10.4.1_e8.2_400bps_sup@v5.0.0,University of California Santa Cruz,iviolich@ucsc.edu
11_04_24_R1041_UL_HPRC_HG02809_1_dorado0.9.0_sup5.0.0_5mCG_5hmCG.bam,bam,Oxford Nanopore sequencing of HG02809 called with mods.,HG02809,SAMN26237510,SRP305758,11_04_24_R1041_UL_HPRC_HG02809_1,WGS,GENOMIC,RANDOM,single,OXFORD_NANOPORE,PromethION,UL sequencing using ONT-Circulomics method,unaligned reads with 5mC mods,unaligned,no shear,no SS,SQK-ULK114,dorado,0.9.0,dna_r10.4.1_e8.2_400bps_sup@v5.0.0,University of California Santa Cruz,iviolich@ucsc.edu
11_04_24_R1041_UL_HPRC_HG02809_2_dorado0.9.0_sup5.0.0_5mCG_5hmCG.bam,bam,Oxford Nanopore sequencing of HG02809 called with mods.,HG02809,SAMN26237510,SRP305758,11_04_24_R1041_UL_HPRC_HG02809_2,WGS,GENOMIC,RANDOM,single,OXFORD_NANOPORE,PromethION,UL sequencing using ONT-Circulomics method,unaligned reads with 5mC mods,unaligned,no shear,no SS,SQK-ULK114,dorado,0.9.0,dna_r10.4.1_e8.2_400bps_sup@v5.0.0,University of California Santa Cruz,iviolich@ucsc.edu
11_18_24_R1041_UL_HPRC_HG02809_1_dorado0.9.0_sup5.0.0_5mCG_5hmCG.bam,bam,Oxford Nanopore sequencing of HG02809 called with mods.,HG02809,SAMN26237510,SRP305758,11_18_24_R1041_UL_HPRC_HG02809_1,WGS,GENOMIC,RANDOM,single,OXFORD_NANOPORE,PromethION,UL sequencing using ONT-Circulomics method,unaligned reads with 5mC mods,unaligned,no shear,no SS,SQK-ULK114,dorado,0.9.0,dna_r10.4.1_e8.2_400bps_sup@v5.0.0,University of California Santa Cruz,iviolich@ucsc.edu
12_02_24_R1041_UL_HPRC_HG03654_1_dorado0.9.0_sup5.0.0_5mCG_5hmCG.bam,bam,Oxford Nanopore sequencing of HG03654 called with mods.,HG03654,SAMN26237511,SRP305758,12_02_24_R1041_UL_HPRC_HG03654_1,WGS,GENOMIC,RANDOM,single,OXFORD_NANOPORE,PromethION,UL sequencing using ONT-Circulomics method,unaligned reads with 5mC mods,unaligned,no shear,no SS,SQK-ULK114,dorado,0.9.0,dna_r10.4.1_e8.2_400bps_sup@v5.0.0,University of California Santa Cruz,iviolich@ucsc.edu
12_02_24_R1041_UL_HPRC_HG03654_2_dorado0.9.0_sup5.0.0_5mCG_5hmCG.bam,bam,Oxford Nanopore sequencing of HG03654 called with mods.,HG03654,SAMN26237511,SRP305758,12_02_24_R1041_UL_HPRC_HG03654_2,WGS,GENOMIC,RANDOM,single,OXFORD_NANOPORE,PromethION,UL sequencing using ONT-Circulomics method,unaligned reads with 5mC mods,unaligned,no shear,no SS,SQK-ULK114,dorado,0.9.0,dna_r10.4.1_e8.2_400bps_sup@v5.0.0,University of California Santa Cruz,iviolich@ucsc.edu
11_04_24_R1041_UL_HPRC_HG03669_1_dorado0.9.0_sup5.0.0_5mCG_5hmCG.bam,bam,Oxford Nanopore sequencing of HG03669 called with mods.,HG03669,SAMN26237512,SRP305758,11_04_24_R1041_UL_HPRC_HG03669_1,WGS,GENOMIC,RANDOM,single,OXFORD_NANOPORE,PromethION,UL sequencing using ONT-Circulomics method,unaligned reads with 5mC mods,unaligned,no shear,no SS,SQK-ULK114,dorado,0.9.0,dna_r10.4.1_e8.2_400bps_sup@v5.0.0,University of California Santa Cruz,iviolich@ucsc.edu
11_04_24_R1041_UL_HPRC_HG03669_2_dorado0.9.0_sup5.0.0_5mCG_5hmCG.bam,bam,Oxford Nanopore sequencing of HG03669 called with mods.,HG03669,SAMN26237512,SRP305758,11_04_24_R1041_UL_HPRC_HG03669_2,WGS,GENOMIC,RANDOM,single,OXFORD_NANOPORE,PromethION,UL sequencing using ONT-Circulomics method,unaligned reads with 5mC mods,unaligned,no shear,no SS,SQK-ULK114,dorado,0.9.0,dna_r10.4.1_e8.2_400bps_sup@v5.0.0,University of California Santa Cruz,iviolich@ucsc.edu
11_18_24_R1041_UL_HPRC_HG03669_1_dorado0.9.0_sup5.0.0_5mCG_5hmCG.bam,bam,Oxford Nanopore sequencing of HG03669 called with mods.,HG03669,SAMN26237512,SRP305758,11_18_24_R1041_UL_HPRC_HG03669_1,WGS,GENOMIC,RANDOM,single,OXFORD_NANOPORE,PromethION,UL sequencing using ONT-Circulomics method,unaligned reads with 5mC mods,unaligned,no shear,no SS,SQK-ULK114,dorado,0.9.0,dna_r10.4.1_e8.2_400bps_sup@v5.0.0,University of California Santa Cruz,iviolich@ucsc.edu
12_02_24_R1041_UL_HPRC_HG03688_1_dorado0.9.0_sup5.0.0_5mCG_5hmCG.bam,bam,Oxford Nanopore sequencing of HG03688 called with mods.,HG03688,SAMN26267385,SRP305758,12_02_24_R1041_UL_HPRC_HG03688_1,WGS,GENOMIC,RANDOM,single,OXFORD_NANOPORE,PromethION,UL sequencing using ONT-Circulomics method,unaligned reads with 5mC mods,unaligned,no shear,no SS,SQK-ULK114,dorado,0.9.0,dna_r10.4.1_e8.2_400bps_sup@v5.0.0,University of California Santa Cruz,iviolich@ucsc.edu
12_02_24_R1041_UL_HPRC_HG03688_2_dorado0.9.0_sup5.0.0_5mCG_5hmCG.bam,bam,Oxford Nanopore sequencing of HG03688 called with mods.,HG03688,SAMN26267385,SRP305758,12_02_24_R1041_UL_HPRC_HG03688_2,WGS,GENOMIC,RANDOM,single,OXFORD_NANOPORE,PromethION,UL sequencing using ONT-Circulomics method,unaligned reads with 5mC mods,unaligned,no shear,no SS,SQK-ULK114,dorado,0.9.0,dna_r10.4.1_e8.2_400bps_sup@v5.0.0,University of California Santa Cruz,iviolich@ucsc.edu
11_12_24_R1041_UL_HPRC_HG03710_1_dorado0.9.0_sup5.0.0_5mCG_5hmCG.bam,bam,Oxford Nanopore sequencing of HG03710 called with mods.,HG03710,SAMN26237513,SRP305758,11_12_24_R1041_UL_HPRC_HG03710_1,WGS,GENOMIC,RANDOM,single,OXFORD_NANOPORE,PromethION,UL sequencing using ONT-Circulomics method,unaligned reads with 5mC mods,unaligned,no shear,no SS,SQK-ULK114,dorado,0.9.0,dna_r10.4.1_e8.2_400bps_sup@v5.0.0,University of California Santa Cruz,iviolich@ucsc.edu
11_12_24_R1041_UL_HPRC_HG03710_2_dorado0.9.0_sup5.0.0_5mCG_5hmCG.bam,bam,Oxford Nanopore sequencing of HG03710 called with mods.,HG03710,SAMN26237513,SRP305758,11_12_24_R1041_UL_HPRC_HG03710_2,WGS,GENOMIC,RANDOM,single,OXFORD_NANOPORE,PromethION,UL sequencing using ONT-Circulomics method,unaligned reads with 5mC mods,unaligned,no shear,no SS,SQK-ULK114,dorado,0.9.0,dna_r10.4.1_e8.2_400bps_sup@v5.0.0,University of California Santa Cruz,iviolich@ucsc.edu
12_02_24_R1041_UL_HPRC_HG03804_1_dorado0.9.5_sup5.0.0_5mCG_5hmCG.bam,bam,Oxford Nanopore sequencing of HG03804 called with mods.,HG03804,SAMN37706907,SRP305758,12_02_24_R1041_UL_HPRC_HG03804_1,WGS,GENOMIC,RANDOM,single,OXFORD_NANOPORE,PromethION,UL sequencing using ONT-Circulomics method,unaligned reads with 5mC mods,unaligned,no shear,no SS,SQK-ULK114,dorado,0.9.5,dna_r10.4.1_e8.2_400bps_sup@v5.0.0,University of California Santa Cruz,iviolich@ucsc.edu
12_02_24_R1041_UL_HPRC_HG03804_2_dorado0.9.5_sup5.0.0_5mCG_5hmCG.bam,bam,Oxford Nanopore sequencing of HG03804 called with mods.,HG03804,SAMN37706907,SRP305758,12_02_24_R1041_UL_HPRC_HG03804_2,WGS,GENOMIC,RANDOM,single,OXFORD_NANOPORE,PromethION,UL sequencing using ONT-Circulomics method,unaligned reads with 5mC mods,unaligned,no shear,no SS,SQK-ULK114,dorado,0.9.5,dna_r10.4.1_e8.2_400bps_sup@v5.0.0,University of California Santa Cruz,iviolich@ucsc.edu
12_09_24_R1041_UL_HPRC_HG03804_1_dorado0.9.5_sup5.0.0_5mCG_5hmCG.bam,bam,Oxford Nanopore sequencing of HG03804 called with mods.,HG03804,SAMN37706907,SRP305758,12_09_24_R1041_UL_HPRC_HG03804_1,WGS,GENOMIC,RANDOM,single,OXFORD_NANOPORE,PromethION,UL sequencing using ONT-Circulomics method,unaligned reads with 5mC mods,unaligned,no shear,no SS,SQK-ULK114,dorado,0.9.5,dna_r10.4.1_e8.2_400bps_sup@v5.0.0,University of California Santa Cruz,iviolich@ucsc.edu
12_02_24_R1041_UL_HPRC_HG03816_1_dorado0.9.0_sup5.0.0_5mCG_5hmCG.bam,bam,Oxford Nanopore sequencing of HG03816 called with mods.,HG03816,SAMN37706908,SRP305758,12_02_24_R1041_UL_HPRC_HG03816_1,WGS,GENOMIC,RANDOM,single,OXFORD_NANOPORE,PromethION,UL sequencing using ONT-Circulomics method,unaligned reads with 5mC mods,unaligned,no shear,no SS,SQK-ULK114,dorado,0.9.0,dna_r10.4.1_e8.2_400bps_sup@v5.0.0,University of California Santa Cruz,iviolich@ucsc.edu
12_02_24_R1041_UL_HPRC_HG03816_2_dorado0.9.0_sup5.0.0_5mCG_5hmCG.bam,bam,Oxford Nanopore sequencing of HG03816 called with mods.,HG03816,SAMN37706908,SRP305758,12_02_24_R1041_UL_HPRC_HG03816_2,WGS,GENOMIC,RANDOM,single,OXFORD_NANOPORE,PromethION,UL sequencing using ONT-Circulomics method,unaligned reads with 5mC mods,unaligned,no shear,no SS,SQK-ULK114,dorado,0.9.0,dna_r10.4.1_e8.2_400bps_sup@v5.0.0,University of California Santa Cruz,iviolich@ucsc.edu
11_12_24_R1041_UL_HPRC_HG03831_1_dorado0.9.0_sup5.0.0_5mCG_5hmCG.bam,bam,Oxford Nanopore sequencing of HG03831 called with mods.,HG03831,SAMN26237514,SRP305758,11_12_24_R1041_UL_HPRC_HG03831_1,WGS,GENOMIC,RANDOM,single,OXFORD_NANOPORE,PromethION,UL sequencing using ONT-Circulomics method,unaligned reads with 5mC mods,unaligned,no shear,no SS,SQK-ULK114,dorado,0.9.0,dna_r10.4.1_e8.2_400bps_sup@v5.0.0,University of California Santa Cruz,iviolich@ucsc.edu
11_12_24_R1041_UL_HPRC_HG03831_2_dorado0.9.0_sup5.0.0_5mCG_5hmCG.bam,bam,Oxford Nanopore sequencing of HG03831 called with mods.,HG03831,SAMN26237514,SRP305758,11_12_24_R1041_UL_HPRC_HG03831_2,WGS,GENOMIC,RANDOM,single,OXFORD_NANOPORE,PromethION,UL sequencing using ONT-Circulomics method,unaligned reads with 5mC mods,unaligned,no shear,no SS,SQK-ULK114,dorado,0.9.0,dna_r10.4.1_e8.2_400bps_sup@v5.0.0,University of California Santa Cruz,iviolich@ucsc.edu
12_09_24_R1041_UL_HPRC_HG03927_1_dorado0.9.5_sup5.0.0_5mCG_5hmCG.bam,bam,Oxford Nanopore sequencing of HG03927 called with mods.,HG03927,SAMN26267386,SRP305758,12_09_24_R1041_UL_HPRC_HG03927_1,WGS,GENOMIC,RANDOM,single,OXFORD_NANOPORE,PromethION,UL sequencing using ONT-Circulomics method,unaligned reads with 5mC mods,unaligned,no shear,no SS,SQK-ULK114,dorado,0.9.5,dna_r10.4.1_e8.2_400bps_sup@v5.0.0,University of California Santa Cruz,iviolich@ucsc.edu
12_16_24_R1041_UL_HPRC_HG03927_1_dorado0.9.5_sup5.0.0_5mCG_5hmCG.bam,bam,Oxford Nanopore sequencing of HG03927 called with mods.,HG03927,SAMN26267386,SRP305758,12_16_24_R1041_UL_HPRC_HG03927_1,WGS,GENOMIC,RANDOM,single,OXFORD_NANOPORE,PromethION,UL sequencing using ONT-Circulomics method,unaligned reads with 5mC mods,unaligned,no shear,no SS,SQK-ULK114,dorado,0.9.5,dna_r10.4.1_e8.2_400bps_sup@v5.0.0,University of California Santa Cruz,iviolich@ucsc.edu
11_12_24_R1041_UL_HPRC_HG03942_1_dorado0.9.0_sup5.0.0_5mCG_5hmCG.bam,bam,Oxford Nanopore sequencing of HG03942 called with mods.,HG03942,SAMN26267387,SRP305758,11_12_24_R1041_UL_HPRC_HG03942_1,WGS,GENOMIC,RANDOM,single,OXFORD_NANOPORE,PromethION,UL sequencing using ONT-Circulomics method,unaligned reads with 5mC mods,unaligned,no shear,no SS,SQK-ULK114,dorado,0.9.0,dna_r10.4.1_e8.2_400bps_sup@v5.0.0,University of California Santa Cruz,iviolich@ucsc.edu
11_12_24_R1041_UL_HPRC_HG03942_2_dorado0.9.0_sup5.0.0_5mCG_5hmCG.bam,bam,Oxford Nanopore sequencing of HG03942 called with mods.,HG03942,SAMN26267387,SRP305758,11_12_24_R1041_UL_HPRC_HG03942_2,WGS,GENOMIC,RANDOM,single,OXFORD_NANOPORE,PromethION,UL sequencing using ONT-Circulomics method,unaligned reads with 5mC mods,unaligned,no shear,no SS,SQK-ULK114,dorado,0.9.0,dna_r10.4.1_e8.2_400bps_sup@v5.0.0,University of California Santa Cruz,iviolich@ucsc.edu
11_12_24_R1041_UL_HPRC_HG04115_1_dorado0.9.0_sup5.0.0_5mCG_5hmCG.bam,bam,Oxford Nanopore sequencing of HG04115 called with mods.,HG04115,SAMN26267388,SRP305758,11_12_24_R1041_UL_HPRC_HG04115_1,WGS,GENOMIC,RANDOM,single,OXFORD_NANOPORE,PromethION,UL sequencing using ONT-Circulomics method,unaligned reads with 5mC mods,unaligned,no shear,no SS,SQK-ULK114,dorado,0.9.0,dna_r10.4.1_e8.2_400bps_sup@v5.0.0,University of California Santa Cruz,iviolich@ucsc.edu
11_12_24_R1041_UL_HPRC_HG04115_2_dorado0.9.0_sup5.0.0_5mCG_5hmCG.bam,bam,Oxford Nanopore sequencing of HG04115 called with mods.,HG04115,SAMN26267388,SRP305758,11_12_24_R1041_UL_HPRC_HG04115_2,WGS,GENOMIC,RANDOM,single,OXFORD_NANOPORE,PromethION,UL sequencing using ONT-Circulomics method,unaligned reads with 5mC mods,unaligned,no shear,no SS,SQK-ULK114,dorado,0.9.0,dna_r10.4.1_e8.2_400bps_sup@v5.0.0,University of California Santa Cruz,iviolich@ucsc.edu
12_02_24_R1041_UL_HPRC_HG04157_1_dorado0.9.0_sup5.0.0_5mCG_5hmCG.bam,bam,Oxford Nanopore sequencing of HG04157 called with mods.,HG04157,SAMN37706909,SRP305758,12_02_24_R1041_UL_HPRC_HG04157_1,WGS,GENOMIC,RANDOM,single,OXFORD_NANOPORE,PromethION,UL sequencing using ONT-Circulomics method,unaligned reads with 5mC mods,unaligned,no shear,no SS,SQK-ULK114,dorado,0.9.0,dna_r10.4.1_e8.2_400bps_sup@v5.0.0,University of California Santa Cruz,iviolich@ucsc.edu
12_02_24_R1041_UL_HPRC_HG04157_2_dorado0.9.0_sup5.0.0_5mCG_5hmCG.bam,bam,Oxford Nanopore sequencing of HG04157 called with mods.,HG04157,SAMN37706909,SRP305758,12_02_24_R1041_UL_HPRC_HG04157_2,WGS,GENOMIC,RANDOM,single,OXFORD_NANOPORE,PromethION,UL sequencing using ONT-Circulomics method,unaligned reads with 5mC mods,unaligned,no shear,no SS,SQK-ULK114,dorado,0.9.0,dna_r10.4.1_e8.2_400bps_sup@v5.0.0,University of California Santa Cruz,iviolich@ucsc.edu
11_18_24_R1041_UL_HPRC_HG04160_1_dorado0.9.0_sup5.0.0_5mCG_5hmCG.bam,bam,Oxford Nanopore sequencing of HG04160 called with mods.,HG04160,SAMN37706910,SRP305758,11_18_24_R1041_UL_HPRC_HG04160_1,WGS,GENOMIC,RANDOM,single,OXFORD_NANOPORE,PromethION,UL sequencing using ONT-Circulomics method,unaligned reads with 5mC mods,unaligned,no shear,no SS,SQK-ULK114,dorado,0.9.0,dna_r10.4.1_e8.2_400bps_sup@v5.0.0,University of California Santa Cruz,iviolich@ucsc.edu
11_18_24_R1041_UL_HPRC_HG04160_2_dorado0.9.0_sup5.0.0_5mCG_5hmCG.bam,bam,Oxford Nanopore sequencing of HG04160 called with mods.,HG04160,SAMN37706910,SRP305758,11_18_24_R1041_UL_HPRC_HG04160_2,WGS,GENOMIC,RANDOM,single,OXFORD_NANOPORE,PromethION,UL sequencing using ONT-Circulomics method,unaligned reads with 5mC mods,unaligned,no shear,no SS,SQK-ULK114,dorado,0.9.0,dna_r10.4.1_e8.2_400bps_sup@v5.0.0,University of California Santa Cruz,iviolich@ucsc.edu
11_04_24_R1041_UL_HPRC_HG04184_1_dorado0.9.0_sup5.0.0_5mCG_5hmCG.bam,bam,Oxford Nanopore sequencing of HG04184 called with mods.,HG04184,SAMN26267397,SRP305758,11_04_24_R1041_UL_HPRC_HG04184_1,WGS,GENOMIC,RANDOM,single,OXFORD_NANOPORE,PromethION,UL sequencing using ONT-Circulomics method,unaligned reads with 5mC mods,unaligned,no shear,no SS,SQK-ULK114,dorado,0.9.0,dna_r10.4.1_e8.2_400bps_sup@v5.0.0,University of California Santa Cruz,iviolich@ucsc.edu
11_04_24_R1041_UL_HPRC_HG04184_2_dorado0.9.0_sup5.0.0_5mCG_5hmCG.bam,bam,Oxford Nanopore sequencing of HG04184 called with mods.,HG04184,SAMN26267397,SRP305758,11_04_24_R1041_UL_HPRC_HG04184_2,WGS,GENOMIC,RANDOM,single,OXFORD_NANOPORE,PromethION,UL sequencing using ONT-Circulomics method,unaligned reads with 5mC mods,unaligned,no shear,no SS,SQK-ULK114,dorado,0.9.0,dna_r10.4.1_e8.2_400bps_sup@v5.0.0,University of California Santa Cruz,iviolich@ucsc.edu
12_02_24_R1041_UL_HPRC_HG04187_1_dorado0.9.0_sup5.0.0_5mCG_5hmCG.bam,bam,Oxford Nanopore sequencing of HG04187 called with mods.,HG04187,SAMN37706911,SRP305758,12_02_24_R1041_UL_HPRC_HG04187_1,WGS,GENOMIC,RANDOM,single,OXFORD_NANOPORE,PromethION,UL sequencing using ONT-Circulomics method,unaligned reads with 5mC mods,unaligned,no shear,no SS,SQK-ULK114,dorado,0.9.0,dna_r10.4.1_e8.2_400bps_sup@v5.0.0,University of California Santa Cruz,iviolich@ucsc.edu
12_02_24_R1041_UL_HPRC_HG04187_2_dorado0.9.0_sup5.0.0_5mCG_5hmCG.bam,bam,Oxford Nanopore sequencing of HG04187 called with mods.,HG04187,SAMN37706911,SRP305758,12_02_24_R1041_UL_HPRC_HG04187_2,WGS,GENOMIC,RANDOM,single,OXFORD_NANOPORE,PromethION,UL sequencing using ONT-Circulomics method,unaligned reads with 5mC mods,unaligned,no shear,no SS,SQK-ULK114,dorado,0.9.0,dna_r10.4.1_e8.2_400bps_sup@v5.0.0,University of California Santa Cruz,iviolich@ucsc.edu
12_02_24_R1041_UL_HPRC_HG04199_1_dorado0.9.0_sup5.0.0_5mCG_5hmCG.bam,bam,Oxford Nanopore sequencing of HG04199 called with mods.,HG04199,SAMN26267389,SRP305758,12_02_24_R1041_UL_HPRC_HG04199_1,WGS,GENOMIC,RANDOM,single,OXFORD_NANOPORE,PromethION,UL sequencing using ONT-Circulomics method,unaligned reads with 5mC mods,unaligned,no shear,no SS,SQK-ULK114,dorado,0.9.0,dna_r10.4.1_e8.2_400bps_sup@v5.0.0,University of California Santa Cruz,iviolich@ucsc.edu
12_02_24_R1041_UL_HPRC_HG04199_2_dorado0.9.0_sup5.0.0_5mCG_5hmCG.bam,bam,Oxford Nanopore sequencing of HG04199 called with mods.,HG04199,SAMN26267389,SRP305758,12_02_24_R1041_UL_HPRC_HG04199_2,WGS,GENOMIC,RANDOM,single,OXFORD_NANOPORE,PromethION,UL sequencing using ONT-Circulomics method,unaligned reads with 5mC mods,unaligned,no shear,no SS,SQK-ULK114,dorado,0.9.0,dna_r10.4.1_e8.2_400bps_sup@v5.0.0,University of California Santa Cruz,iviolich@ucsc.edu
12_02_24_R1041_UL_HPRC_HG04204_1_dorado0.9.0_sup5.0.0_5mCG_5hmCG.bam,bam,Oxford Nanopore sequencing of HG04204 called with mods.,HG04204,SAMN26267390,SRP305758,12_02_24_R1041_UL_HPRC_HG04204_1,WGS,GENOMIC,RANDOM,single,OXFORD_NANOPORE,PromethION,UL sequencing using ONT-Circulomics method,unaligned reads with 5mC mods,unaligned,no shear,no SS,SQK-ULK114,dorado,0.9.0,dna_r10.4.1_e8.2_400bps_sup@v5.0.0,University of California Santa Cruz,iviolich@ucsc.edu
12_02_24_R1041_UL_HPRC_HG04204_2_dorado0.9.0_sup5.0.0_5mCG_5hmCG.bam,bam,Oxford Nanopore sequencing of HG04204 called with mods.,HG04204,SAMN26267390,SRP305758,12_02_24_R1041_UL_HPRC_HG04204_2,WGS,GENOMIC,RANDOM,single,OXFORD_NANOPORE,PromethION,UL sequencing using ONT-Circulomics method,unaligned reads with 5mC mods,unaligned,no shear,no SS,SQK-ULK114,dorado,0.9.0,dna_r10.4.1_e8.2_400bps_sup@v5.0.0,University of California Santa Cruz,iviolich@ucsc.edu
12_09_24_R1041_UL_HPRC_HG04204_1_dorado0.9.0_sup5.0.0_5mCG_5hmCG.bam,bam,Oxford Nanopore sequencing of HG04204 called with mods.,HG04204,SAMN26267390,SRP305758,12_09_24_R1041_UL_HPRC_HG04204_1,WGS,GENOMIC,RANDOM,single,OXFORD_NANOPORE,PromethION,UL sequencing using ONT-Circulomics method,unaligned reads with 5mC mods,unaligned,no shear,no SS,SQK-ULK114,dorado,0.9.0,dna_r10.4.1_e8.2_400bps_sup@v5.0.0,University of California Santa Cruz,iviolich@ucsc.edu
12_09_24_R1041_UL_HPRC_HG04204_2_dorado0.9.0_sup5.0.0_5mCG_5hmCG.bam,bam,Oxford Nanopore sequencing of HG04204 called with mods.,HG04204,SAMN26267390,SRP305758,12_09_24_R1041_UL_HPRC_HG04204_2,WGS,GENOMIC,RANDOM,single,OXFORD_NANOPORE,PromethION,UL sequencing using ONT-Circulomics method,unaligned reads with 5mC mods,unaligned,no shear,no SS,SQK-ULK114,dorado,0.9.0,dna_r10.4.1_e8.2_400bps_sup@v5.0.0,University of California Santa Cruz,iviolich@ucsc.edu
11_12_24_R1041_UL_HPRC_HG04228_1_dorado0.9.0_sup5.0.0_5mCG_5hmCG.bam,bam,Oxford Nanopore sequencing of HG04228 called with mods.,HG04228,SAMN26267391,SRP305758,11_12_24_R1041_UL_HPRC_HG04228_1,WGS,GENOMIC,RANDOM,single,OXFORD_NANOPORE,PromethION,UL sequencing using ONT-Circulomics method,unaligned reads with 5mC mods,unaligned,no shear,no SS,SQK-ULK114,dorado,0.9.0,dna_r10.4.1_e8.2_400bps_sup@v5.0.0,University of California Santa Cruz,iviolich@ucsc.edu
11_12_24_R1041_UL_HPRC_HG04228_2_dorado0.9.0_sup5.0.0_5mCG_5hmCG.bam,bam,Oxford Nanopore sequencing of HG04228 called with mods.,HG04228,SAMN26267391,SRP305758,11_12_24_R1041_UL_HPRC_HG04228_2,WGS,GENOMIC,RANDOM,single,OXFORD_NANOPORE,PromethION,UL sequencing using ONT-Circulomics method,unaligned reads with 5mC mods,unaligned,no shear,no SS,SQK-ULK114,dorado,0.9.0,dna_r10.4.1_e8.2_400bps_sup@v5.0.0,University of California Santa Cruz,iviolich@ucsc.edu